leverantor;organisationsnummer;storsta_namnd;var_leverantoren_finns;postort;2025-01;2025-02;2025-03;2025-04;2025-05;2025-06;2025-07;2025-08;2025-09;2025-10;2025-11;2025-12;2026-01;2026-02;2026-03;2026-04;2026-05;2026-06;2026-07;2026-08
Brottsförebyggande rådet;2021000068;Kommunstyrelsen;Myndighet, region eller kommun;;0;0;0;0;0;0;0;0;0;0;0;0;0;0;40;6;361;0;0;0
Polismyndigheten;2021000076;Kommunstyrelsen;Myndighet, region eller kommun;;138;2;11;66;14;8;148;8;8;36;25;3;38;2;6;12;11;7;9;4
Kriminalvården;2021000225;Markplanerings- och exploateringsnämnden;Myndighet, region eller kommun;;0;0;0;0;0;0;64;10;0;0;0;0;5;0;0;68;0;0;0;0
Socialstyrelsen;2021000555;Vård- och omsorgsnämnden;Myndighet, region eller kommun;;0;0;11;0;3;0;0;0;55;9387;0;9;0;0;0;0;0;0;0;0
Smhi;2021000696;Kommunstyrelsen;Myndighet, region eller kommun;;21;0;55;1;0;0;0;0;8;18;0;40;26;0;40;0;0;0;0;0
Kammarkollegiet;2021000829;Kommunstyrelsen;Myndighet, region eller kommun;;0;0;227;26;0;0;0;0;0;0;0;0;0;0;0;50;0;0;0;0
Statistiska Centralbyrån;2021000837;Kommunstyrelsen;Myndighet, region eller kommun;;52;0;0;0;0;0;77;0;0;35;17;20;54;0;0;10;11;116;0;0
Centrala Studiestödsnämnden;2021001819;Gymnasie- och arbetsmarknadsnämnden;Myndighet, region eller kommun;;32;0;1;0;0;144;0;0;0;0;0;0;0;23;0;24;0;49;0;0
Livsmedelsverket;2021001850;Teknik- och servicenämnden;Myndighet, region eller kommun;;0;0;4;0;4;0;17;0;2;8;2;0;0;0;0;7;8;4927;8;0
Arbetsmarknadsverket;2021002114;Gymnasie- och arbetsmarknadsnämnden;Myndighet, region eller kommun;;338;0;0;351;0;0;338;0;0;362;0;0;349;0;0;374;0;0;357;0
Länsstyrelsen I Örebro Län;2021002403;Teknik- och servicenämnden;Myndighet, region eller kommun;;16;0;5;47;24;7;8;13;15;193;9;28;123;50;3;82;14;13;19;3
Sveriges Lantbruksuniversitet;2021002817;Teknik- och servicenämnden;Myndighet, region eller kommun;;0;0;0;9;28;0;15;0;2;0;0;210;0;0;1;19;0;30;0;0
Örebro Universitet;2021002924;Kommunstyrelsen;Myndighet, region eller kommun;;345;0;137;48;47;231;101;1074;369;287;0;390;174;270;59;683;0;559;74;0
Uppsala Universitet;2021002932;Teknik- och servicenämnden;Myndighet, region eller kommun;;0;0;1;0;0;0;0;0;0;2;0;0;396;0;0;0;0;0;0;0
Karolinska Institutet;2021002973;Vård- och omsorgsnämnden;Myndighet, region eller kommun;;0;0;0;0;5;0;0;0;0;0;0;8;49;0;8;0;0;0;0;0
Kungliga Tekniska Högskolan;2021003054;Teknik- och servicenämnden;Myndighet, region eller kommun;;0;0;0;0;0;0;0;251;0;0;0;0;0;0;0;0;0;0;0;0
Stockholms Universitet;2021003062;Grundskolenämnden;Myndighet, region eller kommun;;0;0;0;16;5;43;0;0;15;0;0;50;0;0;0;0;0;208;0;0
Linköpings Universitet;2021003096;Teknik- och servicenämnden;Myndighet, region eller kommun;;0;3;3;50;0;0;0;0;0;0;0;0;0;0;50;0;0;0;0;0
Göteborgs Universitet;2021003153;Teknik- och servicenämnden;Myndighet, region eller kommun;;0;1;0;0;0;0;0;0;0;0;5;0;52;0;0;0;0;2;0;0
LUNDS UNIVERSITET;2021003211;Teknik- och servicenämnden;Myndighet, region eller kommun;;0;4;0;0;0;0;0;0;0;0;0;260;1;0;0;0;0;0;0;0
Swedac;2021003815;Teknik- och servicenämnden;Myndighet, region eller kommun;;0;117;0;12;0;0;0;0;4;0;0;0;39;104;13;0;0;0;0;0
Statens Jordbruksverk;2021004151;Markplanerings- och exploateringsnämnden;Myndighet, region eller kommun;;0;0;1;10;5;0;6;0;13;0;0;0;4;6;0;13;5;5;0;3
Myndigheten för familjerätt och;2021004169;Kommunstyrelsen;Myndighet, region eller kommun;;0;0;6278;0;0;0;0;0;0;0;0;0;0;0;4669;0;0;0;0;0
Skolverket;2021004185;Gymnasie- och arbetsmarknadsnämnden;Myndighet, region eller kommun;;0;0;1;0;0;1720;46584;0;0;0;0;0;0;0;0;0;0;44188;0;0
KONKURRENSVERKET;2021004342;Teknik- och servicenämnden;Myndighet, region eller kommun;;0;0;0;0;0;0;0;0;0;0;0;0;0;0;0;0;0;0;220;0
Post & Telestyrelsen;2021004359;Teknik- och servicenämnden;Myndighet, region eller kommun;;0;100;0;0;0;0;5;0;0;1;0;0;0;115;0;0;0;0;0;0
Statens Institutionsstyrelse;2021004508;Socialnämnden;Myndighet, region eller kommun;;4632;5121;6023;4003;3765;3160;3917;3629;5717;11122;328;7954;6852;6977;7460;13066;0;5830;4949;2766
Mittuniversitetet;2021004524;Gymnasie- och arbetsmarknadsnämnden;Myndighet, region eller kommun;;0;0;0;0;0;0;0;0;0;0;22;13;0;0;0;0;0;21;0;0
Försvarshögskolan;2021004730;Kommunstyrelsen;Myndighet, region eller kommun;;6;0;0;0;0;0;60;0;0;15;0;15;0;0;62;0;0;10;0;0
Lantmäteriet;2021004888;Gymnasie- och arbetsmarknadsnämnden;Myndighet, region eller kommun;;163;368;0;0;86;492;0;12;50;237;112;41;48;32;35;-32;704;0;65;0
Statens energimyndighet;2021005000;Kommunstyrelsen;Myndighet, region eller kommun;;0;0;0;0;0;1158;0;0;0;0;0;0;0;0;0;0;0;0;0;0
Svenska Esf-Rådet;2021005224;Funktionsstödsnämnden;Myndighet, region eller kommun;;0;0;0;0;0;13;0;0;0;0;0;554;0;0;0;0;0;0;0;0
Skatteverket;2021005448;Kommunstyrelsen;Myndighet, region eller kommun;;60;0;2;7;10;2;19;2;2;15;1;2;13;1;4;16;0;1;16;2
Försäkringskassan;2021005521;Funktionsstödsnämnden;Myndighet, region eller kommun;;11616;6121;6007;7297;0;11880;6848;0;14049;6018;0;6163;6864;5141;12695;6361;0;14927;6262;6802
Skogsstyrelsen;2021005612;Markplanerings- och exploateringsnämnden;Myndighet, region eller kommun;;135;0;0;0;0;0;0;0;0;0;94;0;0;0;0;0;0;0;7;0
Kronofogden;2021005646;Kommunstyrelsen;Myndighet, region eller kommun;;7;4;7;5;6;4;6;0;11;7;4;19;9;3;8;6;5;4;9;0
Specialpedagogiska Skolmyndigheten;2021005745;Grundskolenämnden;Myndighet, region eller kommun;;0;0;25060;2;1098;2;0;0;0;2;0;3;1;0;1493;24172;0;4;1;0
Msb Myndigheten För Samhällskydd;2021005984;Kommunstyrelsen;Myndighet, region eller kommun;;73;0;58;0;105;51;0;58;0;0;105;0;52;58;85;60;86;13;0;57
Transportstyrelsen;2021006099;Teknik- och servicenämnden;Myndighet, region eller kommun;;49;446;94;148;311;321;147;4;270;186;212;210;296;180;431;276;17;351;123;186
Tillväxtverket;2021006149;Kommunstyrelsen;Myndighet, region eller kommun;;0;0;25;0;0;0;0;0;0;0;0;0;0;0;25;0;0;0;0;0
Trafikverket;2021006297;Markplanerings- och exploateringsnämnden;Myndighet, region eller kommun;;83;351;8;0;0;0;100;0;5;125;0;43158;0;1;1;0;37;0;102;0
Inspektionen För Vård Och Omsorg;2021006537;Funktionsstödsnämnden;Myndighet, region eller kommun;;68;0;1172;1203;1225;35;35;1420;28;1159;42;48;98;0;20;0;0;251;403;0
Myndigheten för digital förvaltning;2021006883;Kommunstyrelsen;Myndighet, region eller kommun;;0;0;0;0;0;0;0;0;0;7;3;7;6;9;3;3;17;7;2;17
Upplands Väsby Kommun;2120000019;Gymnasie- och arbetsmarknadsnämnden;Myndighet, region eller kommun;;0;0;0;0;0;0;0;0;0;16;0;0;0;0;0;47;0;0;0;0
VÄRMDÖ KOMMUN;2120000035;Gymnasie- och arbetsmarknadsnämnden;Myndighet, region eller kommun;;9;9;9;9;9;9;9;0;0;27;9;9;9;9;9;9;9;9;9;0
Upplands-Bro Kommun;2120000100;Grundskolenämnden;Myndighet, region eller kommun;;0;18;9;9;9;79;0;0;0;0;0;0;0;0;0;0;0;0;0;0
STOCKHOLMS STAD;2120000142;Grundskolenämnden;Myndighet, region eller kommun;;23;19;10;9;0;19;9;13;0;0;0;8;0;0;0;0;1;0;0;0
SOLNA STAD;2120000183;Gymnasie- och arbetsmarknadsnämnden;Myndighet, region eller kommun;;8;8;8;8;8;8;8;0;0;50;17;17;17;17;17;17;17;17;17;0
NORRTÄLJE KOMMUN;2120000217;Gymnasie- och arbetsmarknadsnämnden;Myndighet, region eller kommun;;0;0;74;107;0;0;398;0;0;0;0;0;0;0;0;0;0;0;0;0
ÄLVKARLEBY KOMMUN;2120000258;Grundskolenämnden;Myndighet, region eller kommun;;12;12;12;12;12;12;12;0;0;35;0;0;0;0;0;0;0;0;0;0
ENKÖPINGS KOMMUN;2120000282;Gymnasie- och arbetsmarknadsnämnden;Myndighet, region eller kommun;;9;0;0;0;0;0;0;0;0;0;0;0;0;0;14;14;14;14;0;0
VINGÅKERS KOMMUN;2120000308;Grundskolenämnden;Myndighet, region eller kommun;;252;28;0;0;302;201;308;0;0;305;0;215;211;35;35;321;0;237;216;5
ESKILSTUNA KOMMUN;2120000357;Gymnasie- och arbetsmarknadsnämnden;Myndighet, region eller kommun;;122;20;122;65;69;66;45;0;0;0;0;0;0;0;0;8;0;12;12;0
Strängnäs kommun;2120000365;Gymnasie- och arbetsmarknadsnämnden;Myndighet, region eller kommun;;13;26;13;0;13;0;26;0;0;39;38;13;0;0;0;0;0;0;0;0
FINSPÅNGS KOMMUN;2120000423;Grundskolenämnden;Myndighet, region eller kommun;;0;0;0;0;0;0;46;0;0;0;0;34;0;0;0;0;0;0;0;0
LINKÖPINGS KOMMUN;2120000449;Gymnasie- och arbetsmarknadsnämnden;Myndighet, region eller kommun;;67;71;45;74;101;67;64;0;0;148;44;58;338;58;40;40;40;355;4;0
Norrköpings kommun;2120000456;Gymnasie- och arbetsmarknadsnämnden;Myndighet, region eller kommun;;8;0;16;8;8;16;8;0;0;7;17;31;27;8;17;17;17;17;26;0
ANEBY KOMMUN;2120000498;Grundskolenämnden;Myndighet, region eller kommun;;0;0;8;33;90;45;45;0;0;136;45;45;45;0;60;0;0;0;0;0
JÖNKÖPINGS KOMMUN;2120000530;Gymnasie- och arbetsmarknadsnämnden;Myndighet, region eller kommun;;0;0;74;37;46;0;0;0;0;55;18;10;3;0;19;9;9;19;0;0
EKSJÖ KOMMUN;2120000589;Grundskolenämnden;Myndighet, region eller kommun;;0;62;62;0;0;0;0;0;-62;0;0;0;0;0;10;21;10;0;0;0
TRANÅS KOMMUN;2120000597;Grundskolenämnden;Myndighet, region eller kommun;;0;0;0;0;0;0;0;0;0;18;0;0;0;0;0;0;40;10;10;0
Tingsryds kommun;2120000621;Gymnasie- och arbetsmarknadsnämnden;Myndighet, region eller kommun;;0;0;0;0;0;0;0;0;0;0;85;0;0;0;0;0;0;0;0;0
Älmhults kommun;2120000647;Gymnasie- och arbetsmarknadsnämnden;Myndighet, region eller kommun;;0;0;0;0;0;21;0;0;-10;36;12;12;12;0;0;0;0;0;0;0
TORSÅS KOMMUN;2120000696;Gymnasie- och arbetsmarknadsnämnden;Myndighet, region eller kommun;;27;47;342;38;28;28;28;0;0;56;19;19;19;39;39;49;39;39;39;0
OLOFSTRÖMS KOMMUN;2120000811;Gymnasie- och arbetsmarknadsnämnden;Myndighet, region eller kommun;;17;17;17;17;17;17;17;0;0;0;0;0;0;0;0;0;0;0;0;0
KARLSKRONA KOMMUN;2120000829;Gymnasie- och arbetsmarknadsnämnden;Myndighet, region eller kommun;;29;0;0;0;0;0;0;0;0;0;1;0;0;0;0;68;0;0;0;0
Ronneby kommun;2120000837;Gymnasie- och arbetsmarknadsnämnden;Myndighet, region eller kommun;;21;43;0;47;0;23;45;0;0;0;91;23;23;23;24;23;23;23;23;0
KARLSHAMNS KOMMUN;2120000845;Gymnasie- och arbetsmarknadsnämnden;Myndighet, region eller kommun;;0;0;0;0;0;0;0;0;0;0;0;0;0;0;0;0;0;0;0;54
SÖLVESBORGS KOMMUN;2120000852;Grundskolenämnden;Myndighet, region eller kommun;;0;0;0;0;0;0;0;23;0;0;0;0;0;0;0;29;0;0;29;0
KRISTIANSTADS KOMMUN;2120000951;Grundskolenämnden;Myndighet, region eller kommun;;99;0;101;51;0;101;77;5;0;81;336;123;97;0;127;0;127;64;64;0
HÖRBY KOMMUN;2120001108;Grundskolenämnden;Myndighet, region eller kommun;;0;0;0;0;0;0;0;0;0;0;0;0;93;10;0;19;10;10;10;0
MALMÖ STAD/GRUNDSKOLEFÖRVALTNINGEN;2120001124;Gymnasie- och arbetsmarknadsnämnden;Myndighet, region eller kommun;;0;27;0;0;0;0;0;0;0;0;0;3;0;0;13;0;27;13;13;5
Lunds Kommun;2120001132;Grundskolenämnden;Myndighet, region eller kommun;;38;0;0;9;19;9;9;0;9;19;9;19;9;0;19;10;0;19;10;0
HELSINGBORGS STAD;2120001157;Gymnasie- och arbetsmarknadsnämnden;Myndighet, region eller kommun;;0;0;0;0;0;0;28;0;0;30;10;18;0;10;10;10;10;28;10;0
Trelleborgs kommun;2120001199;Funktionsstödsnämnden;Myndighet, region eller kommun;;0;0;0;0;0;0;0;0;0;0;0;0;0;0;0;0;0;114;57;0
Halmstads kommun;2120001215;Grundskolenämnden;Myndighet, region eller kommun;;0;0;38;0;19;0;2;0;0;21;0;0;0;0;0;0;0;0;0;0
KUNGSBACKA KOMMUN;2120001256;Grundskolenämnden;Myndighet, region eller kommun;;0;0;0;0;0;0;0;0;0;0;0;54;18;0;1;0;0;0;0;0
Partille kommun;2120001272;Grundskolenämnden;Myndighet, region eller kommun;;46;70;23;0;47;23;23;0;0;75;25;25;0;0;0;0;0;1;0;0
TANUMS KOMMUN;2120001348;Vård- och omsorgsnämnden;Myndighet, region eller kommun;;0;0;0;6;0;0;0;0;0;0;17;0;0;22;14;0;0;0;1;0
GÖTEBORGS STAD;2120001355;Gymnasie- och arbetsmarknadsnämnden;Myndighet, region eller kommun;;0;0;22;11;62;17;-8;4;0;0;0;17;29;0;27;12;12;0;0;27
LYSEKILS KOMMUN;2120001389;Gymnasie- och arbetsmarknadsnämnden;Myndighet, region eller kommun;;0;0;0;0;0;0;0;0;0;0;0;59;0;0;0;0;0;0;0;0
HERRLJUNGA KOMMUN;2120001520;Grundskolenämnden;Myndighet, region eller kommun;;0;0;0;0;0;0;0;0;0;0;0;0;0;0;0;135;0;0;0;135
ALINGSÅS KOMMUN;2120001553;Grundskolenämnden;Myndighet, region eller kommun;;44;44;44;44;44;44;44;0;0;0;0;0;0;0;0;0;0;0;0;0
Gullspång Kommun;2120001637;Socialnämnden;Myndighet, region eller kommun;;0;0;0;24;179;0;0;0;189;0;0;0;0;186;0;-24;0;0;0;0
SKARA KOMMUN;2120001702;Gymnasie- och arbetsmarknadsnämnden;Myndighet, region eller kommun;;117;0;0;0;0;0;114;0;0;0;0;0;170;0;0;0;90;30;30;0
SKÖVDE KOMMUN;2120001710;Socialnämnden;Myndighet, region eller kommun;;0;0;0;0;0;0;0;0;0;67;2;3;146;0;49;44;49;48;49;47
FALKÖPINGS KOMMUN;2120001744;Gymnasie- och arbetsmarknadsnämnden;Myndighet, region eller kommun;;19;0;0;60;20;20;20;0;0;29;13;13;13;14;12;13;13;13;13;0
FORSHAGA KOMMUN;2120001819;Funktionsstödsnämnden;Myndighet, region eller kommun;;0;0;0;1;0;0;0;0;0;0;0;0;0;0;0;0;0;0;46;68
KARLSTADS KOMMUN;2120001850;Gymnasie- och arbetsmarknadsnämnden;Myndighet, region eller kommun;;28;27;58;27;27;55;93;0;0;134;45;54;45;46;58;47;47;6;91;0
KRISTINEHAMNS KOMMUN;2120001868;Grundskolenämnden;Myndighet, region eller kommun;;0;0;0;0;0;0;0;0;0;0;17;0;75;0;0;31;56;0;0;88
FILIPSTADS KOMMUN;2120001876;Gymnasie- och arbetsmarknadsnämnden;Myndighet, region eller kommun;;0;0;0;0;0;0;0;0;0;0;50;0;25;0;0;38;16;0;0;0
HAGFORS KOMMUN;2120001884;Gymnasie- och arbetsmarknadsnämnden;Myndighet, region eller kommun;;0;0;0;0;0;0;0;0;0;85;0;0;0;0;0;0;0;43;0;43
ARVIKA KOMMUN;2120001892;Kommunstyrelsen;Myndighet, region eller kommun;;0;0;0;0;0;0;94;0;0;0;0;0;0;0;0;0;0;0;0;0
Laxå Kommun;2120001918;Grundskolenämnden;Myndighet, region eller kommun;;56;0;0;0;0;19;0;0;0;38;19;0;0;0;19;0;0;0;0;0
Hallsbergs kommun;2120001926;Grundskolenämnden;Myndighet, region eller kommun;;149;0;4;186;19;112;153;0;8;0;0;494;178;0;0;488;0;491;267;0
DEGERFORS KOMMUN;2120001934;Gymnasie- och arbetsmarknadsnämnden;Myndighet, region eller kommun;;48;40;42;57;39;66;18;0;146;131;104;2724;95;91;125;160;61;152;113;0
HÄLLEFORS KOMMUN;2120001942;Gymnasie- och arbetsmarknadsnämnden;Myndighet, region eller kommun;;0;0;27;15;13;20;13;28;58;128;19;33;33;33;64;108;153;93;42;0
LJUSNARSBERGS KOMMUN;2120001959;Vård- och omsorgsnämnden;Myndighet, region eller kommun;;0;0;0;0;0;0;0;0;0;0;0;0;0;0;87;-13;21;20;13;1
KUMLA KOMMUN;2120001975;Gymnasie- och arbetsmarknadsnämnden;Myndighet, region eller kommun;;2052;56;56;59;56;56;1238;275;133;56;120;13849;1045;2;0;278;61;19;863;1563
ASKERSUNDS KOMMUN;2120001983;Vård- och omsorgsnämnden;Myndighet, region eller kommun;;38;0;35;63;155;101;86;35;63;110;91;75;0;117;42;35;26;229;203;80
KARLSKOGA KOMMUN;2120001991;Gymnasie- och arbetsmarknadsnämnden;Myndighet, region eller kommun;;336;79;65;93;65;257;11;335;178;189;102;4702;251;116;116;374;57;546;295;99
NORA KOMMUN;2120002007;Grundskolenämnden;Myndighet, region eller kommun;;198;207;95;0;95;48;201;85;26;134;30;579;19;19;19;127;29;41;39;199
LINDESBERGS KOMMUN;2120002015;Gymnasie- och arbetsmarknadsnämnden;Myndighet, region eller kommun;;944;274;366;813;364;575;332;68;1024;523;442;3214;643;347;598;515;428;542;243;31
SURAHAMMRS KOMMUN;2120002031;Grundskolenämnden;Myndighet, region eller kommun;;0;0;0;0;9;9;9;0;0;19;0;28;9;10;10;0;0;0;0;0
HEBY KOMMUN;2120002049;Socialnämnden;Myndighet, region eller kommun;;0;0;0;0;0;0;0;0;0;0;0;34;17;93;8;0;0;0;0;0
Kungsörs kommun;2120002056;Grundskolenämnden;Myndighet, region eller kommun;;0;0;0;0;0;0;0;0;0;0;0;0;0;0;0;0;19;20;20;0
VÄSTERÅS STAD;2120002080;Gymnasie- och arbetsmarknadsnämnden;Myndighet, region eller kommun;;399;0;150;-12;83;33;58;31;0;95;125;128;66;3;33;91;0;33;50;38
KÖPINGS KOMMUN;2120002114;Förskolenämnden;Myndighet, region eller kommun;;16;143;17;17;17;0;34;0;0;27;9;9;9;0;0;0;0;0;0;0
Arboga kommun;2120002122;Grundskolenämnden;Myndighet, region eller kommun;;360;10;9;10;10;10;270;147;0;90;14;26;325;26;34;34;66;254;95;4
MALUNG-SÄLENS KOMMUN;2120002148;Gymnasie- och arbetsmarknadsnämnden;Myndighet, region eller kommun;;0;0;45;0;22;22;22;0;11;67;22;22;22;0;46;23;23;23;23;5
LEKSANDS KOMMUN;2120002163;Gymnasie- och arbetsmarknadsnämnden;Myndighet, region eller kommun;;0;0;56;28;28;28;28;0;0;84;28;30;28;25;25;25;0;50;25;0
RÄTTVIKS KOMMUN;2120002171;Gymnasie- och arbetsmarknadsnämnden;Myndighet, region eller kommun;;22;0;0;68;23;23;23;0;0;0;90;0;45;0;46;23;0;46;0;23
MORA KOMMUN;2120002213;Gymnasie- och arbetsmarknadsnämnden;Myndighet, region eller kommun;;12;12;12;12;12;12;12;0;0;102;28;28;28;31;31;31;31;31;39;0
BORLÄNGE KOMMUN;2120002239;Gymnasie- och arbetsmarknadsnämnden;Myndighet, region eller kommun;;10;11;11;11;11;23;0;0;0;28;9;9;9;0;21;10;0;33;0;0
LUDVIKA KOMMUN;2120002270;Grundskolenämnden;Myndighet, region eller kommun;;0;0;0;0;0;0;0;0;0;0;0;0;0;0;42;9;0;0;0;0
SANDVIKENS KOMMUN;2120002346;Gymnasie- och arbetsmarknadsnämnden;Myndighet, region eller kommun;;20;0;41;21;0;58;21;0;0;62;21;21;21;0;0;65;22;22;22;0
KRAMFORS KOMMUN;2120002429;Gymnasie- och arbetsmarknadsnämnden;Myndighet, region eller kommun;;94;19;8;8;8;8;8;0;0;0;0;0;0;0;0;0;0;0;0;0
Vindelns kommun;2120002544;Grundskolenämnden;Myndighet, region eller kommun;;0;0;0;0;0;0;0;0;0;0;0;0;57;0;0;0;0;0;0;0
UMEÅ KOMMUN;2120002627;Gymnasie- och arbetsmarknadsnämnden;Myndighet, region eller kommun;;21;9;9;9;9;13;9;0;0;0;0;0;0;0;0;0;0;0;0;0
MOTALA KOMMUN;2120002817;Funktionsstödsnämnden;Myndighet, region eller kommun;;22;18;34;33;21;7;8;18;11;0;0;0;0;0;0;0;0;0;0;0
Salems kommun;2120002874;Gymnasie- och arbetsmarknadsnämnden;Myndighet, region eller kommun;;0;0;0;16;16;16;16;0;0;0;0;0;0;0;0;0;0;0;0;0
Vara Kommun;2120002924;Grundskolenämnden;Myndighet, region eller kommun;;56;0;0;0;28;0;28;0;0;0;0;28;28;0;0;29;10;10;10;0
NYKÖPINGS KOMMUN;2120002940;Grundskolenämnden;Myndighet, region eller kommun;;0;0;0;0;0;0;0;0;0;29;0;0;58;0;0;49;0;0;79;0
LEKEBERGS KOMMUN;2120002981;Grundskolenämnden;Myndighet, region eller kommun;;525;0;0;19;598;420;312;0;252;382;212;1708;153;43;97;71;892;352;264;0
UPPSALA KOMMUN;2120003005;Gymnasie- och arbetsmarknadsnämnden;Myndighet, region eller kommun;;84;71;9;141;128;109;129;0;2;321;101;65;106;74;75;75;75;16;0;10
Göteborgsregionens Kommunalförbund;2220000265;Vård- och omsorgsnämnden;Myndighet, region eller kommun;;34;0;0;0;0;0;0;0;0;30;3;0;0;0;0;0;0;0;0;0
SKR Sveriges Kommuner och Regioner;2220000315;Kommunstyrelsen;Myndighet, region eller kommun;;2520;0;157;0;60;0;502;0;8;-8;32;366;2429;32;74;23;114;328;59;1
Vårdförbundet Sörmland;2220000323;Socialnämnden;Myndighet, region eller kommun;;29;0;14;34;0;19;36;0;0;0;0;43;58;0;0;0;0;0;0;0
NERIKES BRANDKÅR;2220001016;Kommunstyrelsen;Myndighet, region eller kommun;;9357;12487;8610;8681;8604;8551;9387;8517;8564;8678;8537;8644;9848;10554;9149;11840;9973;10007;10449;10418
Sydnärkes Utbildningsförbund;2220001180;Gymnasie- och arbetsmarknadsnämnden;Myndighet, region eller kommun;;1577;1629;1611;1680;1648;1614;0;0;4112;1589;1409;8140;1417;1415;1447;1521;1506;1468;0;0
Höglandsförbundet;2220001412;Gymnasie- och arbetsmarknadsnämnden;Myndighet, region eller kommun;;0;0;26;13;13;26;0;0;0;0;0;0;0;0;0;0;0;0;0;0
Jämtlands Gymnasieförbund;2220001636;Gymnasie- och arbetsmarknadsnämnden;Myndighet, region eller kommun;;58;0;59;29;29;0;0;0;0;153;51;51;51;0;111;55;55;0;0;111
Va Syd;2220002378;Teknik- och servicenämnden;Myndighet, region eller kommun;;0;0;0;0;0;0;0;0;0;0;0;50;16;0;0;0;0;0;0;0
Samordningsförb.Finsam I Örebro;2220002493;Kommunstyrelsen;Myndighet, region eller kommun;;0;0;0;0;949;0;0;0;0;0;0;0;0;949;0;0;0;0;0;0
Stockholms Läns Sjukvårdsomr;2321000016;Socialnämnden;Myndighet, region eller kommun;;32;2;0;3;0;0;0;0;3;0;0;200;8;6;0;1;0;0;4;0
Landstinget Sörmland;2321000032;Funktionsstödsnämnden;Myndighet, region eller kommun;;0;0;0;0;0;0;1151;127;128;858;91;87;116;510;127;315;0;0;0;0
Landstinget I Östergötland;2321000040;Gymnasie- och arbetsmarknadsnämnden;Myndighet, region eller kommun;;54;56;97;56;56;82;0;0;0;124;47;41;41;42;72;42;42;0;0;0
Region Jönköpings Län;2321000057;Gymnasie- och arbetsmarknadsnämnden;Myndighet, region eller kommun;;0;0;0;0;0;2;0;0;0;52;0;0;1;0;52;0;0;1;0;0
Västra Götalandsregionen;2321000131;Gymnasie- och arbetsmarknadsnämnden;Myndighet, region eller kommun;;0;0;49;0;0;0;0;0;0;12;0;0;0;0;2;2;0;0;1;0
Region Värmland;2321000156;Socialnämnden;Myndighet, region eller kommun;;0;0;0;0;0;0;0;0;0;55;0;0;0;0;0;0;0;0;0;0
Region Örebro Län;2321000164;Vård- och omsorgsnämnden;Myndighet, region eller kommun;;8305;22142;25350;21931;28843;13137;28292;15479;13523;21273;15854;31038;15415;18247;56946;26747;33585;13690;30119;19456
Landstinget Dalarna;2321000180;Gymnasie- och arbetsmarknadsnämnden;Myndighet, region eller kommun;;0;0;0;0;0;0;0;0;0;0;0;0;0;0;109;0;0;0;0;0
Region Gävleborg;2321000198;Socialnämnden;Myndighet, region eller kommun;;0;0;0;11;24;12;12;0;0;0;0;0;0;0;0;0;0;0;0;0
Örebro Pastorat;2520030731;Vård- och omsorgsnämnden;Myndighet, region eller kommun;;28;0;1;1;3;48;0;0;1;0;2;2;16;1;1;1;1;1;56;2
Kvismare Församling;2520047545;Teknik- och servicenämnden;Myndighet, region eller kommun;;0;0;0;0;0;0;0;0;0;0;0;0;0;205;0;0;0;0;0;0
Hushållningssällskapet;2620000071;Gymnasie- och arbetsmarknadsnämnden;Myndighet, region eller kommun;;38;2;0;59;20;20;25;25;8;20;20;20;20;21;20;20;20;20;0;0
Hushållningssällskapet Västra;2620000162;Markplanerings- och exploateringsnämnden;Myndighet, region eller kommun;;0;0;0;0;0;0;0;0;0;0;0;0;28;0;0;16;0;22;0;0
ANTICIMEX FÖRSÄKRINGAR AB;5020008958;Kommunstyrelsen;Övriga Sverige;Stockholm;112;0;0;0;0;0;0;0;0;0;0;0;0;0;0;0;0;0;0;0
Folksam ömsesidig sakförsäkring;5020061619;Gymnasie- och arbetsmarknadsnämnden;Övriga Sverige;Stockholm;0;0;0;0;0;0;0;70;0;0;0;22;0;0;0;4;0;0;0;22
Swedbank AB;5020177753;Teknik- och servicenämnden;Övriga Sverige;Stockholm;9;4;12;5;13;4;12;7;0;14;17;4;12;6;12;3;13;2;0;3
Laerdal Medical As;5020602974;Vård- och omsorgsnämnden;Ort saknas;;4;0;0;0;0;0;0;27;18;0;164;4;0;29;0;4;306;0;17;27
Poda Hegn Danmark A/S;5020627575;Markplanerings- och exploateringsnämnden;Ort saknas;;0;0;0;0;0;0;0;0;0;0;0;0;132;0;0;0;0;0;0;61
bibliotheca A/S;5020645650;Kultur- och fritidsnämnden;Ort saknas;;0;8;0;0;0;0;0;2;0;8;5;0;10;8;0;32;15;0;0;0
Kemira Oyj;5020692629;Teknik- och servicenämnden;Ort saknas;;454;648;572;759;0;0;915;729;375;612;683;1080;316;245;1339;479;466;838;603;618
Univar Solutions BV;5020709571;Teknik- och servicenämnden;Ort saknas;;43;0;43;0;0;0;0;43;26;40;0;50;0;33;0;50;0;50;0;50
Invozio LV SIA;5020854062;Teknik- och servicenämnden;Ort saknas;;4;0;3;28;0;0;29;29;23;0;24;2;7;0;21;8;9;6;10;15
KPA Tjänstepensionsförsäkring AB (p;5164016544;Finansiering (centralt);Övriga Sverige;Stockholm;15;13;4960;13;13;9;9;9;9;9;9;10;12;10;5160;10;10;10;5;7
If Skadeförsäkring AB (publ);5164018102;Kommunstyrelsen;Övriga Sverige;Stockholm;289;181;3;0;0;0;0;0;0;0;0;0;356;0;0;0;0;0;0;0
Nordea Finance Equipment AS, Sverig;5164037086;Vård- och omsorgsnämnden;Övriga Sverige;Stockholm;12;6;9;10;11;3;9;7;7;16;-1;15;8;0;7;11;-5;5;8;2
Nissan Nordic, Svensk Fil Till Nissan N;5164037490;Teknik- och servicenämnden;Övriga Sverige;Kista;0;0;0;2690;0;0;0;0;279;0;0;0;0;0;0;0;0;0;0;0
DNB Bank ASA, filial Sverige;5164060161;Kommunstyrelsen;Övriga Sverige;Stockholm;1096;982;976;0;2019;1071;1134;1147;1139;1132;1128;1124;1218;1215;986;983;970;965;963;844
Ikano Bank AB (publ);5164060922;Grundskolenämnden;Övriga Sverige;Malmö;54;18;56;12;7;63;11;0;5;71;12;76;4;13;0;78;0;187;11;11
Protector Försäkring Sverige, Fil a;5164087339;Kommunstyrelsen;Övriga Sverige;Stockholm;8853;0;0;0;-30;0;0;0;0;0;0;5959;0;176;10;0;0;0;0;0
FIRST CARD/NORDEA BANK AB;5164111683;Gymnasie- och arbetsmarknadsnämnden;Övriga Sverige;Stockholm;1086;52;1733;151;945;1154;1042;63;251;899;1530;1065;341;531;983;1131;330;967;707;117
AIG Europe S.A.;5164114117;Kommunstyrelsen;Övriga Sverige;Stockholm;0;0;0;0;0;0;0;0;0;0;0;0;103;0;0;0;0;0;0;0
Shimadzu Filial Sverige;5164118696;Teknik- och servicenämnden;Övriga Sverige;Kista;0;0;0;0;0;5;0;0;0;56;0;0;0;0;0;0;0;0;0;0
Bauer Media Audio Filial;5164128083;Socialnämnden;Övriga Sverige;Stockholm;0;0;18;0;9;18;0;0;28;9;9;45;43;0;7;7;0;14;7;7
MND Nordic Filial;5164138199;Markplanerings- och exploateringsnämnden;Övriga Sverige;Östersund;0;0;0;0;0;0;0;0;0;0;11;64;24;0;0;0;0;0;0;0
Axfood Snabbgross AB;5560003575;Gymnasie- och arbetsmarknadsnämnden;Övriga Sverige;Stockholm;31;23;57;37;39;40;32;10;48;33;49;44;32;30;46;69;23;73;41;18
Circle K Sverige AB;5560006834;Teknik- och servicenämnden;Övriga Sverige;Årsta;776;696;822;764;1647;85;1459;146;723;1598;91;1643;811;107;909;1482;5;840;1286;34
Jämtkraft Aktiebolag;5560016064;Teknik- och servicenämnden;Övriga Sverige;Östersund;3234;2855;2915;3484;2730;2067;1880;1529;2225;2401;2243;2979;3590;2841;3334;3295;2738;2329;2421;2038
Örebro läns trädgårdsaktiebolag;5560019365;Teknik- och servicenämnden;Örebro kommun;Lillkyrka;0;0;148;0;0;0;0;0;0;0;0;0;0;0;0;0;0;150;0;0
Siemens Aktiebolag;5560032921;Teknik- och servicenämnden;Övriga Sverige;Solna;0;57;0;0;0;20;12;39;0;0;155;14;0;0;44;17;0;42;0;0
Svensk Filmindustri AB;5560035213;Kultur- och fritidsnämnden;Övriga Sverige;Stockholm;0;0;3;1;1;0;0;0;0;3;2;7;0;4;10;2;18;9;0;2
Bonnier News Local AB;5560041815;Bygg- och miljönämnden;Övriga Sverige;Gävle;115;59;140;76;19;69;23;9;0;72;67;23;159;60;165;87;12;34;66;11
Västerporten Fastigheter I Ö-O Ab;5560048232;Kommunstyrelsen;Örebro kommun;Örebro;171;1352;1906;2;1139;395;6037;0;10;33;671;5;1403;112;2159;8;16;36;-29;8
ASSA ABLOY Industrial Sverige AB;5560049057;Teknik- och servicenämnden;Övriga Sverige;Västra Frölunda;11;9;0;6;17;0;3;8;17;20;17;10;249;212;382;245;15;43;2;5
Still Sverige AB;5560068388;Teknik- och servicenämnden;Övriga Sverige;Malmö;21;22;22;22;22;25;22;22;22;22;22;30;14;23;23;23;25;23;31;14
OK-Q8 Bank AB;5560080441;Teknik- och servicenämnden;Övriga Sverige;Stockholm;198;225;190;202;205;227;292;137;206;257;215;261;124;158;193;515;0;137;281;171
Aktiebolaget Carlsson & Åqvist;5560108945;Förskolenämnden;Örebro kommun;Örebro;29;133;5;13;27;3;10;2;11;28;0;102;12;49;9;8;64;8;8;1
Österbergs Industrihandel AB;5560110503;Teknik- och servicenämnden;Övriga Sverige;Karlstad;1;5;3;0;0;2;0;0;2;0;2;15;0;15;2;4;0;6;0;0
Beijer Byggmaterial Aktiebolag;5560125220;Teknik- och servicenämnden;Övriga Sverige;Sollentuna;7;13;20;34;30;15;19;14;26;111;33;43;24;26;28;32;0;0;3;22
Ahlsell Sverige AB;5560129206;Teknik- och servicenämnden;Övriga Sverige;Stockholm;3393;1266;1483;1791;2323;1583;1427;935;2011;3236;2288;4296;3992;1782;1393;2418;1464;2491;3473;1309
Assemblin El AB;5560134628;Teknik- och servicenämnden;Övriga Sverige;Hägersten;17;3;0;0;16;0;0;70;0;0;0;0;2;2;0;7;0;4;0;0
AUMA Scandinavia AB;5560138256;Teknik- och servicenämnden;Övriga Sverige;Malmö;10;0;0;0;0;4;0;80;0;0;47;0;235;0;9;0;0;0;0;0
BTJ Sverige AB;5560139726;Gymnasie- och arbetsmarknadsnämnden;Övriga Sverige;Lund;49;5;25;4;23;0;6;0;4;3;0;232;0;0;23;27;0;5;6;12
Aktiebolaget Gröna Lunds Tivoli;5560140823;Grundskolenämnden;Övriga Sverige;Stockholm;0;0;0;0;0;20;38;24;7;0;24;0;0;0;0;0;0;17;77;33
E.ON Energilösningar Aktiebolag;5560145889;Teknik- och servicenämnden;Övriga Sverige;Malmö;14;46;31;1;1;1;2;3;6;3;3;10;20;22;87;5;0;13;24;26
Nobeli Business Support Aktiebolag;5560163247;Teknik- och servicenämnden;Övriga Örebro län;Karlskoga;142;0;0;0;0;0;1;0;0;0;0;0;0;0;0;0;0;0;0;0
Sveaskog Förvaltnings Aktiebolag;5560169020;Markplanerings- och exploateringsnämnden;Övriga Sverige;Stockholm;209;390;129;0;0;57;64;15;0;13;31;4;97;22;3;0;0;0;97;0
Stockholm Exergi AB;5560169095;Teknik- och servicenämnden;Övriga Sverige;Stockholm;1314;1192;1494;1379;1237;0;2618;1275;1340;1217;1030;1419;1100;948;1511;1259;1105;1150;1083;1166
Zander & Ingeström Aktiebolag;5560203472;Teknik- och servicenämnden;Övriga Sverige;Täby;0;0;0;0;0;0;0;0;0;0;0;0;0;0;9;13;0;0;0;30
United International Pictures Aktie;5560210303;Kultur- och fritidsnämnden;Övriga Sverige;Stockholm;0;7;9;12;0;0;0;0;2;7;2;3;0;0;0;2;16;4;0;0
Nordea Finans Sverige AB;5560211475;Grundskolenämnden;Övriga Sverige;Stockholm;0;12;0;0;12;0;0;12;0;0;12;0;0;12;0;12;0;0;0;12
Elis Textil Service AB;5560224171;Grundskolenämnden;Övriga Sverige;Malmö;243;5;468;246;213;204;157;20;343;239;269;248;255;14;504;264;0;426;179;204
Liseberg Aktiebolag;5560236811;Kultur- och fritidsnämnden;Övriga Sverige;Göteborg;0;0;0;0;0;0;31;21;27;0;0;0;0;0;0;0;0;12;27;54
Swarco Sverige AB;5560247594;Kommunstyrelsen;Övriga Sverige;Skogås;70;16;16;16;16;44;16;16;16;16;16;16;16;16;16;31;0;0;16;16
KåKå Aktiebolag;5560256199;Gymnasie- och arbetsmarknadsnämnden;Övriga Sverige;Lomma;23;37;38;40;25;7;0;0;22;53;32;27;29;34;50;14;23;19;0;0
Adda AB;5560261900;Kommunstyrelsen;Övriga Sverige;Stockholm;2;0;122;1;2;4;0;4;10;0;1;253;0;80;31;44;0;0;0;2
Förvaltnings AB ENEN;5560271040;Gymnasie- och arbetsmarknadsnämnden;Örebro kommun;Örebro;0;0;5;0;2;0;0;3;24;0;137;52;136;26;4;28;0;10;44;0
Bröderna Hanssons i Göteborg export;5560272238;Teknik- och servicenämnden;Övriga Sverige;Göteborg;146;71;83;130;122;147;110;17;102;207;91;131;68;11;16;35;7;13;21;11
Aktiebolaget Karosseritillbehör;5560284605;Teknik- och servicenämnden;Övriga Sverige;Arlöv;8;10;6;7;4;7;1;2;11;5;11;3;9;21;6;4;4;13;2;1
Westerstrand Urfabrik Aktiebolag;5560288648;Grundskolenämnden;Övriga Sverige;Töreboda;0;0;0;0;0;0;0;0;9;33;16;0;0;15;16;1;0;0;0;0
Öhrlings PricewaterhouseCoopers AB;5560296740;Socialnämnden;Övriga Sverige;Stockholm;31;6;0;0;85;0;124;0;0;0;0;0;0;0;0;0;0;0;0;640
J D Stenqvist Aktiebolag;5560297862;Teknik- och servicenämnden;Övriga Sverige;Kvidinge;0;799;614;144;476;282;687;751;0;336;783;0;768;276;482;818;0;783;698;0
Saferoad Sverige AB;5560308073;Teknik- och servicenämnden;Övriga Sverige;Köping;0;49;0;2;0;0;0;0;2;0;0;0;0;0;0;1;13;0;4;5
Anticimex Aktiebolag;5560329285;Teknik- och servicenämnden;Övriga Sverige;Stockholm;28;29;63;136;60;72;301;0;457;169;170;248;23;2;170;46;67;80;314;111
Skanska Sverige AB;5560339086;Markplanerings- och exploateringsnämnden;Övriga Sverige;Stockholm;293;0;0;1240;1180;433;1003;277;0;0;0;0;131;0;0;0;0;0;0;0
Aktiebolaget Svensk Byggtjänst;5560339938;Teknik- och servicenämnden;Övriga Sverige;Stockholm;7;0;17;0;0;16;18;6;-6;3;0;18;5;398;16;8;2;16;1;0
Svensk Biogas i Linköping AB;5560348228;Teknik- och servicenämnden;Övriga Sverige;Linköping;0;0;151;0;0;813;0;0;0;0;0;0;0;0;398;0;0;147;0;0
Filmstaden AB;5560351651;Grundskolenämnden;Övriga Sverige;Stockholm;198;7;9;9;12;45;13;5;6;14;53;73;174;17;18;6;9;45;27;0
Clas Ohlson Aktiebolag;5560358672;Vård- och omsorgsnämnden;Övriga Sverige;Insjön;74;14;24;23;29;25;3;0;23;22;37;132;36;30;42;46;16;34;29;15
Friggeråkers Verkstäder Aktiebolag;5560367061;Teknik- och servicenämnden;Övriga Sverige;Falköping;0;12;3;0;0;0;0;0;0;0;0;2;0;35;0;0;9;47;0;0
Ellevio AB;5560377326;Markplanerings- och exploateringsnämnden;Övriga Sverige;Stockholm;33;35;39;36;33;25;42;9;2932;43;6;27;34;35;40;71;2;27;43;2
Lammhults Biblioteksdesign AB;5560388851;Kultur- och fritidsnämnden;Övriga Sverige;Lund;15;2;2;11;0;3;1;0;0;0;13;24;18;4;4;0;6;4;4;0
Mondi Örebro AB;5560393828;Teknik- och servicenämnden;Örebro kommun;Örebro;403;0;0;0;357;0;506;0;0;0;0;444;0;0;49;419;0;522;0;0
Oriola Sweden AB;5560426701;Grundskolenämnden;Övriga Sverige;Mölnlycke;20;46;77;11;14;3;0;0;34;58;28;17;0;102;41;35;2;5;2;0
Yara AB;5560426792;Teknik- och servicenämnden;Övriga Sverige;Malmö;241;0;0;158;0;0;0;520;0;239;0;239;16;238;0;247;0;0;0;264
Rasmusbyn AB;5560427444;Funktionsstödsnämnden;Örebro kommun;Örebro;607;0;1068;0;487;546;1011;0;531;1034;0;1034;510;0;1014;538;0;514;1041;544
KPMG AB;5560434465;Finansiering (centralt);Övriga Sverige;Stockholm;0;0;0;0;0;0;0;169;0;0;0;0;0;0;0;0;0;0;0;0
Demant Sweden AB;5560443185;Gymnasie- och arbetsmarknadsnämnden;Övriga Sverige;Sundbyberg;0;0;0;0;0;173;0;0;0;11;0;0;0;0;0;0;0;0;0;0
Naturstenskompaniet Sverige AB;5560443557;Teknik- och servicenämnden;Övriga Sverige;Färlöv;0;0;0;0;0;0;4;0;0;0;0;0;0;0;0;0;0;47;0;0
Menigo Foodservice AB;5560444647;Vård- och omsorgsnämnden;Övriga Sverige;Västerås;281;179;185;232;147;213;137;52;155;239;157;358;224;230;170;282;783;218;245;40
Melins fastighetsförvaltning Aktieb;5560456211;Gymnasie- och arbetsmarknadsnämnden;Örebro kommun;Örebro;3;4;16;10;0;68;13;0;25;0;0;0;0;0;0;0;0;0;0;0
Fastighets AB L E Lundberg;5560490483;Markplanerings- och exploateringsnämnden;Övriga Sverige;Norrköping;146;30;3;15;19;9;20;1750;113;85;116;4;16;10;18;16;18;10;13;10
Fastighetsägarna MittNord AB;5560494949;Kommunstyrelsen;Övriga Sverige;Västerås;1;0;0;19;1;0;0;76;0;2;0;0;0;0;0;0;0;0;0;0
Christian Berner Aktiebolag;5560495235;Teknik- och servicenämnden;Övriga Sverige;Mölnlycke;0;0;8;12;0;0;0;0;0;0;0;0;23;0;0;13;0;0;0;0
AB Syna;5560497314;Kommunstyrelsen;Övriga Sverige;Malmö;0;0;11;1;10;26;1;0;0;0;0;0;0;0;11;0;10;26;0;0
Invacare AB;5560501313;Vård- och omsorgsnämnden;Övriga Sverige;Spånga;36;0;18;5;46;43;42;32;3;88;61;46;4;48;40;79;62;0;48;50
Almedahls Alingsås AB;5560512245;Vård- och omsorgsnämnden;Övriga Sverige;Alingsås;43;49;53;10;40;44;25;9;56;41;41;25;80;26;13;71;18;20;21;9
Scania Sverige Aktiebolag;5560514621;Teknik- och servicenämnden;Övriga Sverige;Stockholm;4941;238;22048;48;208;122;139;16;168;135;133;11499;291;210;128;274;121;82;4351;118
Brenntag Nordic Aktiebolag;5560515974;Teknik- och servicenämnden;Övriga Sverige;Malmö;7;0;0;0;7;0;0;0;7;0;0;0;7;0;0;0;7;117;0;54
Frigoscandia AB;5560520263;Teknik- och servicenämnden;Övriga Sverige;Helsingborg;829;0;2089;1058;1077;1067;933;0;1540;1131;1137;1049;988;0;2042;1135;0;2095;0;1603
Adapteo AB;5560532888;Kommunstyrelsen;Övriga Sverige;Solna;0;0;0;0;0;0;269;0;0;0;0;0;0;0;0;0;0;0;0;0
Ernst & Young Aktiebolag;5560535873;Fullmäktige och stadsrevision;Övriga Sverige;Stockholm;0;252;0;100;235;424;457;20;200;345;340;365;378;140;200;115;0;342;187;0
Assemblin VS AB;5560536194;Markplanerings- och exploateringsnämnden;Övriga Sverige;Hägersten;0;0;0;0;0;0;0;0;0;0;0;0;190;19;0;40;1069;367;857;186
WG Hotelldrift AB;5560546045;Gymnasie- och arbetsmarknadsnämnden;Övriga Sverige;Skinnskatteberg;96;0;26;76;162;37;37;0;282;43;31;253;91;52;23;148;0;0;90;0
Gothia Kompetens AB;5560555319;Förskolenämnden;Övriga Sverige;Stockholm;-42;18;3;17;8;2;13;5;52;24;49;15;4;19;2;23;15;0;16;0
Ragn-Sells Recycling AB;5560573452;Markplanerings- och exploateringsnämnden;Övriga Sverige;Sollentuna;16;3;10;2;5;20;22;19;57;31;6;21;7;15;15;7;2;7;8;23
WSP Sverige AB;5560574880;Markplanerings- och exploateringsnämnden;Övriga Sverige;Stockholm;1689;730;1291;1048;2100;2508;1523;879;307;475;1830;2022;740;1555;1197;1081;1655;940;977;970
Procurator AB;5560576554;Vård- och omsorgsnämnden;Övriga Sverige;Malmö;178;226;238;153;162;175;186;70;135;182;169;204;122;149;144;146;127;148;124;35
STR Service Aktiebolag;5560599739;Gymnasie- och arbetsmarknadsnämnden;Övriga Sverige;Landskrona;2;11;66;9;3;9;0;0;1;0;0;0;1;2;3;0;0;0;0;0
Axima DTS AB;5560606708;Markplanerings- och exploateringsnämnden;Övriga Sverige;Grästorp;1;0;37;1;0;0;0;28;4;0;0;0;0;0;0;38;0;0;0;0
Byggföretagen i Sverige Service AB;5560612524;Teknik- och servicenämnden;Övriga Sverige;Stockholm;0;14;12;0;0;18;0;0;0;0;0;29;0;3;1;28;0;11;0;0
Laxo Mekan Aktiebolag;5560625286;Teknik- och servicenämnden;Örebro kommun;Örebro;38;0;3;0;29;0;21;30;0;12;1;26;4;0;3;89;1;34;22;0
iVisby Tryckeri AB;5560634437;Kommunstyrelsen;Övriga Sverige;Visby;0;0;0;0;0;0;0;44;0;0;0;0;0;0;0;0;0;0;0;29
Larssons Eltjänst i Örebro Aktiebol;5560635210;Markplanerings- och exploateringsnämnden;Örebro kommun;Örebro;72;3;35;20;19;6;8;7;9;3;18;41;26;2;12;3;5;28;9;8
Brevens Bruk Aktiebolag;5560635525;Markplanerings- och exploateringsnämnden;Örebro kommun;Brevens Bruk;13;4;20;0;0;13;1;0;0;1;0;0;581;4;9;0;0;0;1;0
Konecranes AB;5560638826;Markplanerings- och exploateringsnämnden;Övriga Sverige;Kristianstad;0;0;0;0;142;0;0;0;0;35;0;0;0;0;0;0;36;0;0;0
Hilti Svenska Aktiebolag;5560647348;Teknik- och servicenämnden;Övriga Sverige;Malmö;15;3;27;7;4;6;0;8;6;9;35;14;19;1;19;12;10;20;5;8
Tage Rejmes i Örebro Lastvagnar Akt;5560682154;Teknik- och servicenämnden;Örebro kommun;Örebro;16;39;8;68;58;61;47;10;11;232;118;37;39;91;67;4031;58;18;82;64
Svensk Cater AB;5560689738;Teknik- och servicenämnden;Övriga Sverige;Löddeköpinge;1440;1509;1769;1809;1368;1839;1068;591;1651;1943;1282;1931;1842;1239;1825;1337;831;1586;912;447
Bastransport i Örebro Aktiebolag;5560691791;Teknik- och servicenämnden;Örebro kommun;Örebro;30;0;14;13;10;10;26;0;7;16;0;22;5;0;11;26;0;9;15;0
Selecta AB;5560693318;Kommunstyrelsen;Övriga Sverige;Solna;314;208;349;377;238;300;405;125;206;415;374;383;257;205;349;157;442;310;227;65
Linde Gas AB;5560698119;Gymnasie- och arbetsmarknadsnämnden;Övriga Sverige;Solna;215;57;85;50;67;62;72;18;64;119;43;54;72;46;64;82;70;48;51;35
E.ON Energidistribution Aktiebolag;5560706060;Teknik- och servicenämnden;Övriga Sverige;Malmö;4496;4569;4456;4146;5064;3977;3363;3028;3042;3581;4094;3920;3904;5105;4076;7462;114;3235;3881;2928
Aarsleff Pipe Technologies AB;5560713009;Teknik- och servicenämnden;Övriga Sverige;Kungsängen;1361;696;0;29;0;22;708;0;0;0;556;0;0;1381;1784;0;29;0;0;3310
Herok Rental AB;5560713041;Teknik- och servicenämnden;Örebro kommun;Örebro;36;13;47;55;91;25;28;34;19;84;40;39;20;15;40;11;7;47;37;19
Canon Svenska Aktiebolag;5560722224;Kommunstyrelsen;Övriga Sverige;Solna;0;16;0;0;16;0;0;16;0;0;16;0;0;0;18;0;18;0;0;6
Preem Aktiebolag;5560726977;Teknik- och servicenämnden;Övriga Sverige;Stockholm;27;242;473;25;662;24;652;296;12;598;18;652;373;23;756;532;322;35;527;534
Nordkalk Aktiebolag;5560734054;Teknik- och servicenämnden;Övriga Sverige;Köping;93;0;84;0;71;97;85;0;88;84;81;69;91;0;76;93;0;106;105;98
IKEA Svenska Försäljnings Aktiebolag;5560747569;Funktionsstödsnämnden;Övriga Sverige;Ödåkra;482;119;111;187;251;304;263;39;120;181;140;247;162;73;132;156;173;269;146;64
One Nordic AB;5560757287;Teknik- och servicenämnden;Övriga Sverige;Malmö;1994;183;1066;728;625;475;317;530;695;606;586;1464;966;562;709;934;337;872;1569;40
Securitas Technology Sverige AB;5560760737;Markplanerings- och exploateringsnämnden;Övriga Sverige;Stockholm;18;4;56;4;5;49;2;6;41;9;0;42;33;0;20;4;0;35;3;0
Ragn-Sells Treatment & Detox AB;5560768516;Teknik- och servicenämnden;Övriga Sverige;Sollentuna;0;0;0;0;0;0;0;0;0;0;0;682;356;0;635;346;0;319;633;287
ME-Skolan AB;5560776576;Gymnasie- och arbetsmarknadsnämnden;Övriga Sverige;Bålsta;1670;762;762;762;762;2018;0;762;0;581;581;581;1944;581;581;543;568;1532;568;0
Hydrotechnic Nordic AB;5560783390;Teknik- och servicenämnden;Övriga Sverige;Saltsjö-Boo;0;39;0;0;0;0;0;0;0;0;0;0;0;0;0;45;0;0;0;0
Pågen Aktiebolag;5560786708;Förskolenämnden;Övriga Sverige;Malmö;0;0;0;0;12;16;8;1;10;16;14;16;10;12;12;18;5;10;9;2
Dafo Brand AB;5560790957;Grundskolenämnden;Övriga Sverige;Tyresö;140;92;245;213;129;179;169;30;157;271;130;202;124;24;242;139;118;158;212;71
Orrbybil Aktiebolag;5560792680;Teknik- och servicenämnden;Örebro kommun;Örebro;8;0;16;0;0;0;3;0;0;12;0;0;0;0;0;0;0;0;0;12
Swerock Aktiebolag;5560813031;Teknik- och servicenämnden;Övriga Sverige;Ängelholm;1114;1005;818;863;819;485;601;733;659;1190;1222;1440;715;1170;1312;1637;1000;1147;803;223
Energigas Sverige Service AB;5560819194;Teknik- och servicenämnden;Övriga Sverige;Stockholm;0;0;0;50;0;0;0;16;0;0;0;0;9;0;53;0;0;0;4;0
Sveba-Dahlén Aktiebolag;5560819350;Gymnasie- och arbetsmarknadsnämnden;Övriga Sverige;Fristad;13;87;0;9;0;0;0;0;0;0;0;0;0;0;0;9;0;0;0;0
Rosenqvists Maskin Aktiebolag;5560820952;Teknik- och servicenämnden;Övriga Sverige;Jönköping;0;0;0;0;3222;0;0;0;0;9;4;12;47;0;0;0;0;31;0;3
Torell Pump Aktiebolag;5560837725;Teknik- och servicenämnden;Övriga Sverige;Stockholm;0;0;0;0;163;0;0;266;0;42;103;0;0;0;0;0;0;0;322;54
Volkswagen Group Sverige AB;5560840968;Teknik- och servicenämnden;Övriga Sverige;Södertälje;1246;622;0;986;2013;2328;1905;0;1140;1270;1788;2821;0;0;2145;2220;2206;1684;1856;0
Europeisk Biluthyrning Aktiebolag;5560840984;Vård- och omsorgsnämnden;Övriga Sverige;Södertälje;29;25;72;22;29;33;10;6;24;43;18;10;11;13;7;9;3;19;26;7
Sjöbergs Workbenches AB;5560851825;Grundskolenämnden;Övriga Sverige;Stockaryd;33;0;1;0;6;14;0;0;0;0;0;0;0;2;0;9;0;0;0;0
Byggnadsfirman Lund Aktiebolag;5560860917;Funktionsstödsnämnden;Övriga Sverige;Arboga;0;0;0;7;0;0;8;0;0;0;0;0;11;0;3;29;0;0;0;8
Tergent AB;5560861188;Teknik- och servicenämnden;Övriga Sverige;Malmö;0;0;0;0;0;0;0;0;0;0;0;0;0;0;0;122;0;0;0;0
Tressport och Lek AB;5560889734;Teknik- och servicenämnden;Övriga Sverige;Helsingborg;161;0;2;47;193;322;31;131;170;12;190;20;728;44;130;66;190;65;113;163
NLF, Nora-Lindefrakt Aktiebolag;5560895665;Teknik- och servicenämnden;Övriga Örebro län;Lindesberg;2074;2073;3386;1763;2953;1763;1295;1522;1586;2550;2328;2486;2420;1375;3315;3138;1976;2167;2483;1139
Aktiebolaget Svensk Bilprovning;5560895814;Teknik- och servicenämnden;Övriga Sverige;Kista;6;8;8;7;7;3;3;3;3;6;11;4;5;17;5;7;0;13;4;2
ABA Skol Aktiebolag;5560900838;Förskolenämnden;Övriga Sverige;Malmö;345;80;91;98;330;26;24;3;175;122;137;200;220;42;98;404;132;131;94;14
Brogårdsand Aktiebolag;5560901851;Kultur- och fritidsnämnden;Övriga Sverige;Habo;0;0;0;0;0;244;0;0;0;0;0;0;0;0;0;0;0;169;189;0
Asplunds Fastigheter i Örebro AB;5560908054;Kommunstyrelsen;Örebro kommun;Örebro;11;62;67;0;12;7;0;0;153;116;1147;18;19;134;0;9;16;260;271;29
Skanska Rental AB;5560909037;Teknik- och servicenämnden;Övriga Sverige;Stockholm;7;7;7;7;8;9;5;7;8;7;8;8;5;8;7;7;7;6;6;6
Lyreco Sverige AB;5560913591;Grundskolenämnden;Övriga Sverige;Borås;1378;1403;1309;1197;1299;1355;1438;417;1369;1644;1371;1568;1065;1282;1187;1797;1095;1491;1330;695
Aktiebolaget Ramson;5560914458;Teknik- och servicenämnden;Övriga Sverige;Motala;0;0;0;0;0;0;0;0;48;0;4;0;0;0;0;0;19;0;17;0
K.T.S Maskiner i Kumla AB;5560919291;Markplanerings- och exploateringsnämnden;Övriga Örebro län;Kumla;0;0;0;0;0;0;0;0;0;0;0;338;0;0;1;0;0;0;0;0
Voav-Teknik i Hallsberg Aktiebolag;5560931551;Teknik- och servicenämnden;Övriga Örebro län;Hallsberg;1149;386;380;606;770;505;929;593;238;1524;887;938;389;324;259;472;665;434;1117;265
Slöjd-Detaljer i Skara Aktiebolag;5560942350;Grundskolenämnden;Övriga Sverige;Skara;23;10;41;10;22;20;2;0;23;54;10;11;7;31;17;15;3;12;1;0
Freys Hotel AB;5560943598;Gymnasie- och arbetsmarknadsnämnden;Övriga Sverige;Stockholm;0;0;91;0;0;0;0;0;0;4;0;0;0;0;0;0;0;0;0;0
Björkholms El Aktiebolag;5560952094;Markplanerings- och exploateringsnämnden;Örebro kommun;Örebro;71;0;22;33;67;277;45;2;9;51;30;13;2;4;24;20;1;33;19;0
Gustavsvik Resorts Ab;5560958638;Kultur- och fritidsnämnden;Örebro kommun;Örebro;19;5;3;10;6;4;17;14;11;8;8;18;9;2;2;9;9;11;2077;11
Tage Rejmes i Örebro Bilaktiebolag;5560961228;Teknik- och servicenämnden;Örebro kommun;Örebro;66;528;34;25;9;3246;1091;557;0;13;9;1492;514;16;10;14;21;9;8;2971
T-Schakt Aktiebolag;5560968108;Markplanerings- och exploateringsnämnden;Örebro kommun;Örebro;1604;369;908;1003;1253;1600;2026;1446;950;1488;1064;1151;4430;1894;598;665;1465;1327;3218;693
Peab Asfalt AB;5560988122;Teknik- och servicenämnden;Övriga Sverige;Ängelholm;36;23;54;24;29;71;6;15;38;54;67;75;14;15;109;168;25;18;20;6
Saferoad Smekab AB;5560996869;Markplanerings- och exploateringsnämnden;Övriga Sverige;Önnestad;0;0;0;0;36;0;9;0;0;0;212;0;0;0;0;0;0;0;16;0
PostNord Strålfors AB;5561029843;Teknik- och servicenämnden;Övriga Sverige;Ljungby;0;0;10;0;6;6;1;0;14;5;18;5;1;1;18;1;3;8;2;1
Ösab Örebro Slamsug Aktiebolag;5561037317;Teknik- och servicenämnden;Örebro kommun;Örebro;7;15;12;13;4;16;7;0;2;0;2;12;4;2;19;19;12;5;6;10
Cramo AB;5561043539;Teknik- och servicenämnden;Övriga Sverige;Solna;30;16;44;29;16;16;60;63;24;25;40;39;38;27;87;75;5;23;43;17
Philips AB;5561052613;Vård- och omsorgsnämnden;Övriga Sverige;Solna;0;0;0;194;0;0;0;0;0;0;0;0;0;0;0;0;0;0;0;0
Securitas Sverige Aktiebolag;5561086082;Markplanerings- och exploateringsnämnden;Övriga Sverige;Stockholm;6;11;248;34;15;47;221;13;84;37;7;266;52;17;199;22;71;263;18;3
AE?s Plåt Aktiebolag;5561086769;Gymnasie- och arbetsmarknadsnämnden;Örebro kommun;Örebro;10;0;0;91;0;17;0;8;9;0;0;0;0;0;0;0;0;0;0;0
PreZero Recycling AB;5561088393;Teknik- och servicenämnden;Övriga Sverige;Ängelholm;20;35;26;3;54;21;0;35;23;54;5;43;17;27;19;18;35;28;8;80
Würth Svenska Aktiebolag;5561093021;Teknik- och servicenämnden;Örebro kommun;Örebro;6;20;7;2;1;24;3;3;4;8;10;17;3;3;6;8;6;3;1;0
Rörick Elektriska Verkstad Aktiebol;5561102079;Teknik- och servicenämnden;Övriga Sverige;Köping;0;0;0;0;0;0;0;126;0;0;0;0;0;0;155;156;0;0;0;0
Presto AB;5561120584;Teknik- och servicenämnden;Övriga Sverige;Katrineholm;0;0;105;117;64;9;47;0;0;4;53;27;0;0;17;32;64;27;37;0
Fristad Plast AB;5561126136;Teknik- och servicenämnden;Övriga Sverige;Fristad;0;0;26;0;60;0;0;5;0;0;0;0;0;0;0;0;0;0;0;0
Euroclear Sweden AB;5561128074;Finansiering (centralt);Övriga Sverige;Stockholm;22;34;60;29;35;37;26;26;42;27;40;54;20;42;51;25;41;36;30;20
PAAB Tekno Trading Aktiebolag;5561140749;Teknik- och servicenämnden;Övriga Sverige;Halmstad;17;0;60;0;0;0;0;0;0;79;0;113;0;4;0;12;0;0;14;79
AB Karl Hedin Bygghandel;5561141812;Gymnasie- och arbetsmarknadsnämnden;Övriga Sverige;Falun;128;31;23;84;36;49;34;22;48;84;216;146;160;32;49;108;34;68;39;4
H E:s Färggross Aktiebolag;5561159640;Gymnasie- och arbetsmarknadsnämnden;Örebro kommun;Örebro;13;7;19;17;9;13;7;2;10;12;2;16;4;12;7;6;7;1;5;4
IVL Svenska Miljöinstitutet AB;5561162446;Teknik- och servicenämnden;Övriga Sverige;Stockholm;99;1;2;20;25;125;45;0;159;266;0;152;38;12;0;0;0;0;0;0
Coop Mitt AB;5561185371;Funktionsstödsnämnden;Övriga Sverige;Gävle;34;0;21;4;20;8;16;0;8;8;16;6;62;0;13;19;0;28;27;5
Sennberg AB;5561189456;Gymnasie- och arbetsmarknadsnämnden;Övriga Sverige;Stockholm;0;1;0;0;0;7;130;0;2;0;0;0;0;0;0;0;0;0;0;0
Prominent Doserteknik Aktiebolag;5561189548;Teknik- och servicenämnden;Övriga Sverige;Göteborg;0;9;0;0;1;7;37;0;64;7;121;21;21;0;70;60;0;0;0;54
Input Interiör Göteborg Aktiebolag;5561192757;Vård- och omsorgsnämnden;Övriga Sverige;Västra Frölunda;3234;1308;568;124;670;291;915;336;1689;419;1780;253;1465;152;278;164;4446;393;1123;19
Merck Life Science AB;5561203000;Teknik- och servicenämnden;Övriga Sverige;Solna;0;0;0;0;0;0;0;0;272;0;0;0;0;0;0;0;0;0;0;0
Thorsbergs Stenhuggeri AB;5561216663;Teknik- och servicenämnden;Övriga Sverige;Hällekis;0;0;0;106;0;58;0;0;0;0;0;0;0;0;0;0;0;0;0;0
Nytida Mjörnviksholm AB;5561232108;Funktionsstödsnämnden;Övriga Sverige;Solna;0;0;0;0;0;0;0;0;0;0;0;0;0;0;0;0;11;170;165;170
Opsis Aktiebolag;5561240598;Teknik- och servicenämnden;Övriga Sverige;Furulund;0;23;23;23;23;23;28;23;23;23;23;46;0;23;23;23;23;23;23;23
Larsson Buss Aktiebolag;5561240697;Gymnasie- och arbetsmarknadsnämnden;Örebro kommun;Örebro;0;0;0;0;0;6;0;0;6;20;0;19;6;6;0;0;0;0;0;0
Bröd. Engströms Entreprenadmaskiner;5561243238;Teknik- och servicenämnden;Örebro kommun;Örebro;61;0;56;10;20;5;0;22;0;42;12;3;4;68;0;11;7;166;133;45
VWR International AB;5561248153;Teknik- och servicenämnden;Övriga Sverige;Kista;1;10;29;30;2;24;4;1;73;18;8;9;21;3;12;18;22;1;36;6
Hifab AB;5561257881;Markplanerings- och exploateringsnämnden;Övriga Sverige;Stockholm;208;113;177;206;357;221;239;16;12;83;161;252;48;150;256;332;41;271;427;327
Svanesunds Rör AB;5561258269;Teknik- och servicenämnden;Övriga Sverige;Svanesund;0;0;0;0;0;0;64;0;0;0;0;0;0;0;0;0;0;0;0;0
Lillåns Bil Aktiebolag;5561272021;Gymnasie- och arbetsmarknadsnämnden;Örebro kommun;Örebro;0;0;11;0;0;0;9;7;0;0;0;3;0;0;0;29;0;0;0;0
Högskolerestauranger AB;5561273698;Grundskolenämnden;Övriga Sverige;Solna;0;18;3;0;0;0;6;0;15;5;4;3;11;4;3;2;2;13;5;0
Swedol AB;5561276188;Teknik- och servicenämnden;Övriga Sverige;Tyresö;279;54;118;43;48;162;38;13;32;75;39;24;54;37;55;18;10;49;27;23
Fortum Waste Solutions AB;5561299537;Teknik- och servicenämnden;Övriga Örebro län;Kumla;283;182;204;271;414;15;666;2;284;621;15;428;0;315;282;435;11;577;662;17
Hercules Grundläggning Aktiebolag;5561299800;Teknik- och servicenämnden;Övriga Sverige;Solna;0;0;0;0;0;0;0;0;0;0;0;0;274;0;0;1;0;79;0;0
Hydroscand Aktiebolag;5561307124;Teknik- och servicenämnden;Övriga Sverige;Älvsjö;46;30;35;29;69;75;43;36;38;43;68;105;34;40;53;30;36;34;29;94
Handelskammaren Mälardalens Service;5561308882;Kommunstyrelsen;Örebro kommun;Örebro;3;0;230;3;0;380;0;0;0;0;6;200;0;0;476;9;0;0;0;0
Danfo Aktiebolag;5561314260;Teknik- och servicenämnden;Övriga Örebro län;Nora;0;0;303;0;0;303;1;0;303;76;0;306;0;0;306;0;0;306;0;0
Rederi Aktiebolaget Mälaren - Hjälm;5561318584;Kultur- och fritidsnämnden;Örebro kommun;Örebro;0;4;0;0;0;0;23;0;99;74;0;0;0;0;0;0;0;0;0;0
Stena Recycling AB;5561321752;Teknik- och servicenämnden;Övriga Sverige;Göteborg;1855;2348;2110;2078;741;620;846;698;895;300;1359;781;716;606;617;1082;255;883;1048;899
Intellecta AB;5561328526;Gymnasie- och arbetsmarknadsnämnden;Övriga Sverige;Stockholm;0;0;0;0;0;0;0;0;0;0;0;0;100;0;0;0;0;0;0;0
Ramboll Sweden AB;5561330506;Vård- och omsorgsnämnden;Övriga Sverige;Stockholm;265;0;40;78;87;29;66;0;7;355;350;362;291;26;112;40;19;14;0;21
Salinity AB;5561337311;Teknik- och servicenämnden;Övriga Sverige;Göteborg;0;0;0;201;201;0;0;0;0;0;0;0;0;0;0;0;0;0;0;0
Intrum Sverige AB;5561341248;Teknik- och servicenämnden;Övriga Sverige;Stockholm;171;20;40;57;55;128;7;70;18;40;20;1;0;9;3;1;3;8;46;20
Ryléns Transport Aktiebolag;5561345041;Kommunstyrelsen;Örebro kommun;Örebro;39;0;0;4;8;0;0;0;0;0;0;5;8;0;4;8;4;0;0;0
Tunstall AB;5561351197;Vård- och omsorgsnämnden;Övriga Sverige;Malmö;1601;396;1914;1521;1046;1100;1169;1575;134;1958;438;1643;1490;1175;1208;1540;1029;1122;1264;1200
HAGS Aneby AB;5561360081;Teknik- och servicenämnden;Övriga Sverige;Aneby;0;0;99;59;290;0;131;50;227;83;35;0;237;127;109;286;22;126;32;0
Apoteket AB;5561386532;Vård- och omsorgsnämnden;Övriga Sverige;Solna;17;12;145;83;79;219;107;14;49;195;14;17;14;15;91;20;14;34;17;5
White arkitekter Aktiebolag;5561401018;Markplanerings- och exploateringsnämnden;Övriga Sverige;Göteborg;110;26;108;32;13;5;0;0;0;0;0;0;25;91;92;81;0;125;25;0
Systrarna Hermansson Fastighetsförv;5561408955;Gymnasie- och arbetsmarknadsnämnden;Örebro kommun;Örebro;12;0;21;0;0;0;0;106;0;0;0;0;0;0;0;0;0;0;0;0
AB Bergslagsgårdens Sjuk- &  Behandling;5561415760;Funktionsstödsnämnden;Övriga Sverige;Ängelsberg;0;0;0;0;0;0;0;0;86;123;127;123;127;0;248;130;0;257;126;130
Förlagssystem JAL, Aktiebolag;5561421636;Grundskolenämnden;Övriga Sverige;Stockholm;4;0;4;0;1;0;3;0;14;10;3;2;16;0;1;9;0;0;0;1
Teijlers Glas Aktiebolag;5561430371;Kultur- och fritidsnämnden;Örebro kommun;Örebro;97;1;0;0;0;0;1;0;0;0;0;53;6;0;10;0;0;0;9;0
Green Deer AB;5561435412;Teknik- och servicenämnden;Övriga Sverige;Nyköping;113;57;64;18;2661;3;34;6;15;58;330;60;25;12;10;41;27;8;13;27
Mercado Medic Aktiebolag;5561456947;Vård- och omsorgsnämnden;Övriga Sverige;Lidingö;0;0;0;13;0;0;0;0;0;1;29;52;38;0;0;0;0;0;0;0
Örebro Bilcenter Aktiebolag;5561507012;Teknik- och servicenämnden;Örebro kommun;Örebro;1;11;44;5;16;7;3;4;40;9;7;5;1;5;28;49;31;8;4;2
SGS Analytics Sweden AB;5561520916;Teknik- och servicenämnden;Övriga Sverige;Linköping;109;80;27;67;60;71;34;36;65;36;97;152;52;36;39;124;65;48;50;54
Atlas Copco Compressor Aktiebolag;5561552794;Gymnasie- och arbetsmarknadsnämnden;Övriga Sverige;Stockholm;2;0;0;9;42;0;4;0;0;3;25;0;2;0;0;9;42;0;0;3
Svea Bank AB;5561587634;Kommunstyrelsen;Övriga Sverige;Solna;273;205;155;10;23;42;205;4;8;7;0;0;0;0;0;0;0;0;0;0
Metos Storkök AB;5561589523;Markplanerings- och exploateringsnämnden;Övriga Sverige;Kungens Kurva;7;32;2;27;37;42;2;3;104;35;22;33;8;96;17;68;25;48;14;7
SOS Alarm Sverige Aktiebolag;5561595819;Teknik- och servicenämnden;Övriga Sverige;Stockholm;13;598;30;63;165;0;50;0;7;102;0;7;70;622;8;172;0;80;60;0
Stoneridge Nordic AB;5561613711;Teknik- och servicenämnden;Övriga Sverige;Solna;12;7;0;19;0;0;14;0;0;11;0;12;0;1;0;13;0;0;13;0
WiLLYS AB;5561632232;Grundskolenämnden;Övriga Sverige;Göteborg;62;26;37;21;29;21;28;4;28;18;24;24;29;21;13;28;13;32;34;3
Uno Forsberg Cykel Aktiebolag;5561639500;Förskolenämnden;Örebro kommun;Örebro;0;5;0;0;264;0;0;0;0;2;34;79;0;0;91;4;0;0;0;0
Reed & Mackay Sverige AB;5561644260;Kommunstyrelsen;Övriga Sverige;Göteborg;0;0;0;0;0;0;0;0;0;0;0;0;0;0;0;75;0;0;0;0
ÖSK Elitfotboll Aktiebolag;5561656645;Kommunstyrelsen;Örebro kommun;Örebro;489;0;0;0;0;0;0;0;385;0;0;565;0;120;0;0;0;0;0;0
Örebro Elektrikern Aktiebolag;5561668848;Teknik- och servicenämnden;Örebro kommun;Örebro;0;0;18;0;42;14;0;0;0;6;0;0;0;0;0;0;0;0;0;0
Wikmansgården Aktiebolag;5561674275;Funktionsstödsnämnden;Övriga Sverige;Stockholm;103;0;203;106;103;106;103;0;213;103;106;103;106;0;208;110;0;216;106;110
Örebroporten Fastigheter Ab;5561678276;Kultur- och fritidsnämnden;Örebro kommun;Örebro;2966;1096;14993;1814;529;1181;17198;295;560;1693;778;450;2568;462;649;6918;438;714;1806;626
Rengörare Näslund Aktiebolag;5561696872;Förskolenämnden;Övriga Sverige;Stockholm;0;0;0;0;0;0;0;0;0;0;0;0;0;13;510;841;523;1780;296;160
Sydved AB;5561710814;Markplanerings- och exploateringsnämnden;Övriga Sverige;Jönköping;0;0;0;0;0;0;150;7;0;0;70;0;433;0;0;0;0;0;0;0
Kojapo Aktiebolag;5561719575;Teknik- och servicenämnden;Övriga Sverige;Österhaninge;0;0;0;110;0;90;0;0;15;0;99;86;22;7;0;0;0;0;0;0
H L K Elgruppen Aktiebolag;5561725598;Vård- och omsorgsnämnden;Örebro kommun;Örebro;71;28;141;99;7;58;174;39;203;78;103;186;55;156;73;257;51;40;93;63
On Via TS AB;5561743765;Gymnasie- och arbetsmarknadsnämnden;Övriga Sverige;Kalmar;0;0;0;61;0;0;0;0;0;0;0;0;0;0;0;0;0;0;0;0
Hasslegården Vård AB;5561753418;Socialnämnden;Övriga Örebro län;Nora;0;0;52;0;0;0;64;0;0;0;0;0;0;0;0;0;0;0;0;0
Lindesbergs Grus och Maskin Aktiebo;5561766725;Markplanerings- och exploateringsnämnden;Övriga Örebro län;Lindesberg;916;0;0;0;0;0;0;0;0;0;0;0;0;0;0;0;0;0;0;0
Cerlic Controls Aktiebolag;5561798108;Teknik- och servicenämnden;Övriga Sverige;Huddinge;0;0;0;0;0;0;0;0;0;0;0;27;0;29;0;3;55;0;29;0
Hako Ground & Garden Aktiebolag;5561802231;Teknik- och servicenämnden;Övriga Sverige;Halmstad;7;14;5;130;13;30;16;9;14;8;2;5;38;0;16;-130;0;13;0;6
Nilfisk AB;5561821629;Grundskolenämnden;Övriga Sverige;Mölndal;5;9;20;18;10;1;7;8;0;13;49;5;3;2;15;0;7;0;6;30
Unisport Sverige AB;5561841395;Kultur- och fritidsnämnden;Övriga Sverige;Hjärnarp;12;0;1;7;16;0;0;0;0;0;0;143;0;1;20;0;0;0;0;0
Byarums Bruk AB;5561850743;Markplanerings- och exploateringsnämnden;Övriga Sverige;Vaggeryd;0;0;0;170;0;103;0;0;32;3;0;0;2;0;0;0;0;0;35;0
Vianor AB;5561851063;Teknik- och servicenämnden;Övriga Sverige;Rosersberg;203;35;252;157;241;127;103;50;45;500;136;264;72;98;425;77;265;79;60;34
ÅF-Infrastructure AB;5561852103;Teknik- och servicenämnden;Övriga Sverige;Stockholm;326;206;87;33;106;43;13;20;0;2;15;129;508;202;177;89;142;233;1;354
Holgers Stugmaterial Aktiebolag;5561883637;Grundskolenämnden;Övriga Sverige;Borås;44;74;45;133;29;55;19;0;204;109;130;55;110;64;167;134;33;108;20;0
Älvstorps Vårdhem Aktiebolag;5561886218;Socialnämnden;Övriga Örebro län;Nora;1062;0;1499;646;810;528;490;0;476;183;169;381;50;53;0;0;0;0;83;303
IUSTUS Förlag AB;5561887984;Gymnasie- och arbetsmarknadsnämnden;Övriga Sverige;Uppsala;0;0;0;0;0;0;0;0;0;0;0;0;0;0;0;0;0;63;0;0
Kiwa Sweden AB;5561905935;Teknik- och servicenämnden;Övriga Sverige;Solna;6;7;5;3;25;10;54;4;10;4;80;4;0;6;10;14;19;21;50;23
AJ Produkter Aktiebolag;5561907329;Grundskolenämnden;Övriga Sverige;Halmstad;160;47;26;15;5;3;1;4;95;35;34;98;187;96;80;49;23;89;78;10
Edekyl & Värme AB;5561910554;Teknik- och servicenämnden;Örebro kommun;Örebro;0;0;25;0;0;4;0;0;0;0;3;0;0;0;31;0;0;0;0;0
Loomis Sverige AB;5561910679;Kommunstyrelsen;Övriga Sverige;Sollentuna;26;3;23;14;11;14;13;6;15;11;15;16;15;6;21;11;6;17;13;11
HACH LANGE AB;5561920405;Teknik- och servicenämnden;Övriga Sverige;Helsingborg;0;113;0;28;95;47;150;2;43;515;60;28;132;0;50;100;0;67;60;85
Ingetorps Trafikskola Aktiebolag;5561922971;Gymnasie- och arbetsmarknadsnämnden;Övriga Örebro län;Hallsberg;84;0;57;30;13;0;31;0;0;0;0;18;22;0;9;0;0;0;83;0
Nytida Yxe Herrgård AB;5561927376;Funktionsstödsnämnden;Övriga Sverige;Solna;377;388;347;246;200;206;213;208;214;367;279;199;205;0;400;210;203;210;249;299
Aktiebolaget Blinkfyrar;5561944785;Teknik- och servicenämnden;Övriga Sverige;Staffanstorp;373;43;285;155;145;281;302;32;19;288;176;177;208;157;293;291;87;329;174;43
Tyréns Sverige AB;5561947986;Markplanerings- och exploateringsnämnden;Övriga Sverige;Stockholm;302;437;265;146;253;36;9;62;5;68;34;5;0;1;3;17;56;188;10;61
SJ AB;5561961599;Socialnämnden;Övriga Sverige;Stockholm;2;0;8;3;4;1;5;2;7;5;0;2;1;2;0;4;0;0;8;2
Willab Aktiebolag;5561961813;Markplanerings- och exploateringsnämnden;Övriga Sverige;Grevie;0;0;0;0;0;0;0;0;0;0;0;4;2;0;0;0;0;20;31;47
El & PC-Installationer i Örebro Akt;5561962308;Teknik- och servicenämnden;Örebro kommun;Örebro;17;1;0;2;6;9;2;2;2;3;2;24;17;45;145;126;177;387;134;89
Bravida Sverige AB;5561974188;Vård- och omsorgsnämnden;Övriga Sverige;Stockholm;169;25;106;63;44;99;33;42;160;102;83;138;41;79;51;118;70;28;26;47
Stångby Plantskola AB;5561975714;Teknik- och servicenämnden;Övriga Sverige;Lund;0;0;0;0;0;0;0;0;0;0;81;0;0;0;0;0;0;0;37;0
Fastighetssnabben Aktiebolag;5561977033;Vård- och omsorgsnämnden;Övriga Sverige;Gävle;200;145;241;107;253;371;320;12;177;174;145;259;127;116;167;149;176;281;298;58
Styrud Ingenjörsfirma Aktiebolag;5561977926;Teknik- och servicenämnden;Övriga Sverige;Sävedalen;0;0;565;41;0;0;0;0;0;0;0;0;0;0;0;0;0;0;169;17
Grundfos Aktiebolag;5562006261;Teknik- och servicenämnden;Övriga Sverige;Mölndal;62;0;0;0;0;0;0;0;0;0;0;0;0;0;0;0;0;0;0;0
Prioritet Finans AB;5562014208;Socialnämnden;Övriga Sverige;Göteborg;0;0;0;0;200;206;200;0;0;0;206;200;206;210;190;0;0;0;0;0
Liko Aktiebolag;5562026004;Vård- och omsorgsnämnden;Övriga Sverige;Luleå;88;6;16;41;112;5;163;1;19;158;124;202;5;99;47;305;104;366;296;17
De Lage Landen Finans AB;5562030576;Kommunstyrelsen;Övriga Sverige;Stockholm;3;15;16;52;15;15;52;21;15;57;15;13;56;16;12;78;0;18;54;18
Nord Drivsystem Aktiebolag;5562032762;Teknik- och servicenämnden;Övriga Sverige;Upplands Väsby;0;0;0;0;0;0;0;1;12;67;27;0;0;0;83;0;0;84;19;0
Etac Sverige AB;5562032879;Vård- och omsorgsnämnden;Övriga Sverige;Kista;126;37;84;78;195;74;79;145;86;69;113;208;237;35;185;195;142;478;452;130
S:t Eriks AB;5562034750;Teknik- och servicenämnden;Övriga Sverige;Staffanstorp;144;44;146;0;713;563;456;583;291;168;232;258;0;414;428;541;625;584;468;0
Olofsfors Aktiebolag;5562038298;Teknik- och servicenämnden;Övriga Sverige;Nordmaling;0;0;0;0;0;0;0;0;91;0;0;20;0;0;0;0;0;0;0;0
Nola Industrier Aktiebolag;5562074442;Markplanerings- och exploateringsnämnden;Övriga Sverige;Stockholm;0;0;0;0;0;0;149;29;0;0;0;0;1090;0;0;0;99;73;0;0
Ventim AB;5562076272;Teknik- och servicenämnden;Övriga Sverige;Kalmar;0;0;20;0;0;0;0;0;97;20;0;1;0;0;0;0;0;0;0;0
Svensk Jordelit Aktiebolag;5562076660;Kultur- och fritidsnämnden;Övriga Sverige;Göteborg;220;0;0;0;29;0;15;0;0;0;0;76;0;0;0;113;0;39;31;0
Lowell Sverige AB;5562095363;Teknik- och servicenämnden;Övriga Sverige;Göteborg;2;8;57;1;0;6;0;0;0;2;0;0;0;0;0;0;0;0;0;0
ÅSS-Processventilation Aktiebolag;5562111814;Grundskolenämnden;Övriga Sverige;Kungälv;0;3;1;12;0;0;9;0;0;27;8;20;0;0;29;0;0;48;0;0
VAP VA-Projekt Aktiebolag;5562121383;Markplanerings- och exploateringsnämnden;Örebro kommun;Örebro;891;627;584;525;453;483;597;347;228;434;508;646;640;531;721;1393;1047;1207;955;669
Budpartner Örebro AB;5562135714;Vård- och omsorgsnämnden;Örebro kommun;Örebro;8;5;4;7;7;8;17;4;4;6;4;5;4;4;4;5;6;4;10;2
Svea Inkasso Aktiebolag;5562141423;Vård- och omsorgsnämnden;Övriga Sverige;Solna;22;30;7;7;5;84;12;68;7;18;8;22;16;7;11;8;9;62;9;77
Industriunderhåll i Kungsäter AB;5562147776;Teknik- och servicenämnden;Övriga Sverige;Karl Gustav;0;0;56;0;111;-55;0;56;1;56;0;0;0;56;1;56;0;0;0;56
Advania Sverige AB;5562149996;Kommunstyrelsen;Övriga Sverige;Stockholm;4116;811;5298;4123;4570;1976;5105;551;16134;8726;1971;3588;7356;1801;1440;5630;1917;6854;3465;2948
Cactus Utilities AB;5562166180;Teknik- och servicenämnden;Övriga Sverige;Mölndal;86;0;0;0;0;2;0;0;0;1;0;1004;4;3;0;25;7;5;3;11
Combitech Aktiebolag;5562186790;Teknik- och servicenämnden;Övriga Sverige;Växjö;22;0;0;0;0;32;0;0;0;0;0;0;0;0;0;0;55;109;83;109
Returpack-Burk Svenska AB;5562189117;Gymnasie- och arbetsmarknadsnämnden;Övriga Sverige;Norrköping;0;5;0;0;0;1;0;0;3;11;2;5;0;0;0;0;25;0;0;0
Team Tejbrant Aktiebolag;5562189497;Markplanerings- och exploateringsnämnden;Övriga Sverige;Täby;0;0;8;10;867;9;25;13;0;314;0;0;0;0;0;0;0;11;0;0
CIS TECHNIC Aktiebolag;5562195262;Teknik- och servicenämnden;Övriga Sverige;Sölvesborg;0;0;0;1173;0;0;0;0;0;179;24;0;3;0;0;0;0;0;12;0
BIFAB Begagnade Inredningar Felling;5562203116;Teknik- och servicenämnden;Övriga Sverige;Fellingsbro;13;0;12;0;7;0;107;0;3;-3;0;0;15;0;0;24;29;3;0;0
Ohlssons Tyger & Stuvar Aktiebolag;5562208180;Vård- och omsorgsnämnden;Övriga Sverige;Umeå;21;2;3;2;4;0;3;0;0;2;2;6;3;1;2;1;0;2;4;0
Nyréns Arkitektkontor Aktiebolag;5562216613;Markplanerings- och exploateringsnämnden;Övriga Sverige;Stockholm;0;0;0;0;0;0;0;0;0;0;0;0;0;0;0;0;0;0;79;19
Vitec Unikum Datasystem Aktiebolag;5562234798;Teknik- och servicenämnden;Övriga Sverige;Lund;0;11;0;0;12;0;0;12;0;0;12;0;0;12;0;0;12;0;0;12
OP System AB;5562242296;Teknik- och servicenämnden;Övriga Sverige;Landskrona;0;8;0;16;0;0;0;0;24;0;25;0;16;12;9;0;0;56;32;3015
TakeOff Video AB;5562259878;Kultur- och fritidsnämnden;Örebro kommun;Örebro;0;0;0;0;0;90;0;0;90;0;0;90;0;0;40;0;0;0;0;0
VertiGIS AB;5562260199;Teknik- och servicenämnden;Övriga Sverige;Staffanstorp;17;4;159;64;18;23;23;2;85;1;1;3;159;0;159;166;1;347;304;2
Norstedts Juridik AB;5562266097;Kommunstyrelsen;Övriga Sverige;Stockholm;0;0;0;0;0;28;0;0;46;0;163;146;0;0;0;0;263;0;185;0
Örebro Stängsel Aktiebolag;5562301134;Teknik- och servicenämnden;Örebro kommun;Örebro;1769;0;0;0;115;166;10;0;35;0;0;150;601;0;0;0;0;1;385;4
Romme Alpin Aktiebolag;5562302363;Grundskolenämnden;Övriga Sverige;Borlänge;125;16;74;126;0;0;0;0;0;0;0;34;9;192;133;157;28;0;0;0
Winn Marketing Aktiebolag;5562303502;Teknik- och servicenämnden;Övriga Sverige;Umeå;3;0;0;0;0;0;0;0;0;29;0;4;0;0;29;0;0;0;1615;0
CG Drives & Automation Sweden AB;5562322643;Teknik- och servicenämnden;Övriga Sverige;Helsingborg;0;0;0;0;0;0;0;0;118;0;0;0;0;0;0;0;7;0;16;0
ER Sweden AB;5562326115;Grundskolenämnden;Övriga Sverige;Lidingö;0;0;47;4;11;25;25;2;14;22;0;0;0;4;17;71;7;13;27;11
Benders Sverige AB;5562333970;Teknik- och servicenämnden;Övriga Sverige;Kvänum;0;0;0;0;0;209;16;83;72;64;253;59;3;0;0;3;174;6;86;0
Debora Örebro Interiör AB;5562335140;Grundskolenämnden;Örebro kommun;Örebro;0;6;0;0;8;0;1;0;0;0;0;0;11;0;3;0;0;35;0;0
KONE Aktiebolag;5562344639;Markplanerings- och exploateringsnämnden;Övriga Sverige;Kista;27;45;18;0;0;2;0;0;3;0;0;3;0;10;0;0;0;0;0;0
Falck Sverige AB;5562351907;Vård- och omsorgsnämnden;Övriga Sverige;Stockholm;206;0;204;301;308;18;64;15;0;156;2;68;186;14;36;23;26;7;27;0
Toyota Material Handling Sweden AB;5562366251;Funktionsstödsnämnden;Övriga Sverige;Solna;6;22;14;11;0;0;0;0;10;0;7;4;55;0;0;2;0;0;10;0
Ottossons Trafikskola Aktiebolag;5562377639;Gymnasie- och arbetsmarknadsnämnden;Örebro kommun;Örebro;26;0;0;0;42;0;39;0;0;35;17;5;9;0;26;10;0;12;0;0
GVM Gräsvårdsmaskiner AB;5562377795;Teknik- och servicenämnden;Övriga Sverige;Linköping;0;0;0;310;3;0;14;13;21;0;0;5;0;0;0;0;22;18;0;0
R.S. Press Aktiebolag;5562389907;Kommunstyrelsen;Övriga Sverige;Stockholm;0;10;20;0;19;0;0;0;0;0;0;38;0;20;20;1;0;0;0;0
Örebro Läns Flygplats Ab;5562416353;Kommunstyrelsen;Örebro kommun;Örebro;1876;1519;1462;1697;1766;1321;1232;1118;1039;1445;1600;9677;2016;1555;1912;3220;0;1641;2938;1189
Danone AB;5562420348;Vård- och omsorgsnämnden;Övriga Sverige;Solna;96;85;139;64;79;95;119;97;86;97;72;92;68;81;82;87;54;64;90;74
Randstad AB;5562421718;Kommunstyrelsen;Övriga Sverige;Solna;164;90;382;64;375;177;104;3;31;73;60;69;10;0;0;0;0;0;0;0
Alfa Laval Nordic AB Sweden;5562432061;Teknik- och servicenämnden;Övriga Sverige;Huddinge;0;0;0;0;0;0;314;0;15;0;0;0;0;0;24;16;0;0;0;0
Örebro Lindarverkstad i Örebro Akti;5562439355;Teknik- och servicenämnden;Örebro kommun;Örebro;0;0;52;113;0;0;45;38;38;0;46;0;0;0;0;0;0;12;12;0
Protum Gas Aktiebolag;5562447747;Teknik- och servicenämnden;Övriga Sverige;Svalöv;1;0;0;0;0;0;0;54;0;23;0;0;2;0;0;0;0;0;6;0
Direct Healthcare Group Sverige AB;5562455856;Vård- och omsorgsnämnden;Övriga Sverige;Kista;24;7;124;11;36;74;57;0;124;99;112;15;35;2;120;13;144;41;193;113
Lapab Maskin Aktiebolag;5562458215;Kultur- och fritidsnämnden;Övriga Sverige;Hallstahammar;0;3;0;0;37;0;0;0;0;0;0;66;0;0;0;0;0;0;6;0
AB Dagens Nyheter;5562468172;Kommunstyrelsen;Övriga Sverige;Stockholm;0;0;0;0;28;0;0;0;0;0;0;0;0;0;0;21;7;0;0;0
Schedevi Psykiatri Aktiebolag;5562475367;Funktionsstödsnämnden;Övriga Sverige;Rimforsa;514;531;503;519;1063;735;1650;0;832;1968;0;2443;1239;0;1209;2424;0;1232;2494;1209
Heraco Aktiebolag;5562475896;Gymnasie- och arbetsmarknadsnämnden;Övriga Sverige;Holmsund;16;8;2;0;0;0;0;0;4;8;2;4;0;0;0;9;0;0;0;0
Assistancekåren Sweden AB;5562528280;Teknik- och servicenämnden;Övriga Sverige;Sundbyberg;51;57;88;69;40;57;57;42;59;23;19;34;30;40;21;15;15;6;19;19
J-son Utvecklingscentrum Aktiebolag;5562533512;Socialnämnden;Övriga Sverige;Stockholm;573;0;906;0;0;0;0;0;0;0;0;0;0;0;0;0;0;0;0;0
Primetex AB;5562533819;Förskolenämnden;Övriga Sverige;Norrköping;0;0;0;0;0;0;0;0;0;0;0;0;0;0;32;27;31;83;33;12
Axet Låsservice Aktiebolag;5562551365;Markplanerings- och exploateringsnämnden;Örebro kommun;Örebro;18;11;62;95;49;49;74;16;37;61;108;57;20;28;16;17;11;18;18;7
Vita Huset Marknadsbearbetning Akti;5562553338;Teknik- och servicenämnden;Övriga Sverige;Stockholm;0;0;0;0;0;0;0;0;0;0;0;133;0;0;0;0;0;0;0;0
Företagsväxter i Knivsta AB;5562554401;Kommunstyrelsen;Övriga Sverige;Knivsta;13;0;4;88;0;97;0;8;37;59;1;91;10;0;101;2;1;286;0;0
Siemens Financial Services AB;5562564129;Grundskolenämnden;Övriga Sverige;Solna;36;27;33;39;63;0;36;22;36;58;0;36;35;59;0;93;0;36;27;54
Biogas Systems Nordic AB;5562564913;Teknik- och servicenämnden;Övriga Sverige;Sunne;0;0;0;0;0;0;0;0;73;0;0;0;0;0;0;0;0;0;0;0
Kinnarps AB;5562566736;Gymnasie- och arbetsmarknadsnämnden;Övriga Sverige;Kinnarp;5185;312;564;327;293;539;104;399;958;508;619;974;1985;121;83;185;155;187;613;163
Bilgrossisten i Örebro AB;5562570548;Kommunstyrelsen;Örebro kommun;Örebro;0;0;0;46;0;0;0;0;6;0;0;41;0;0;3;0;0;52;52;52
Praktiska Sverige AB;5562575786;Gymnasie- och arbetsmarknadsnämnden;Övriga Sverige;Stockholm;2385;2400;2379;2359;2429;2390;2203;2203;4128;2747;2819;3111;2766;2788;2766;2630;2722;5326;2612;0
Leica Geosystems Aktiebolag;5562579671;Teknik- och servicenämnden;Övriga Sverige;Kista;181;33;135;79;79;95;64;54;92;122;62;74;79;78;54;132;27;79;115;54
Ahlqvist-Almqvist Arkitekter AB;5562591353;Markplanerings- och exploateringsnämnden;Övriga Sverige;Stockholm;160;127;57;193;202;43;160;58;8;146;12;98;176;143;74;147;6;76;21;28
Pulsen AB;5562596428;Kommunstyrelsen;Övriga Sverige;Borås;418;0;0;0;2115;40;20;20;20;20;578;20;0;20;20;20;20;20;20;20
KontorsCenter i Hudiksvall AB;5562597863;Vård- och omsorgsnämnden;Övriga Sverige;Hudiksvall;0;0;0;0;0;0;0;0;0;0;0;0;207;0;0;6;0;154;0;0
Hemnet AB;5562600089;Markplanerings- och exploateringsnämnden;Övriga Sverige;Stockholm;0;0;7;24;-3;5;24;0;25;0;21;4;0;0;5;19;27;8;0;17
Avfall Sverige AB;5562608553;Teknik- och servicenämnden;Övriga Sverige;Malmö;12;1;0;2;4;13;0;0;13;0;10;0;4;2;1;12;0;0;8;0
Ekan Aktiebolag;5562610443;Kommunstyrelsen;Övriga Sverige;Göteborg;275;70;278;0;22;190;184;234;0;305;540;527;506;396;443;518;505;462;469;425
Adlibris Aktiebolag;5562613512;Kultur- och fritidsnämnden;Övriga Sverige;Stockholm;1259;290;301;313;257;569;376;380;490;743;216;2067;1089;108;481;494;91;905;561;227
Sweden MEETX AB;5562654011;Socialnämnden;Övriga Sverige;Göteborg;0;0;-8;0;8;0;20;0;20;0;0;0;0;0;4;0;0;3;28;18
IST Sverige AB;5562654755;Kommunstyrelsen;Övriga Sverige;Växjö;644;0;21;0;29;281;0;0;2;8;310;0;259;190;203;182;184;0;387;182
Tele2 Sverige Aktiebolag;5562675164;Kommunstyrelsen;Övriga Sverige;Kista;9426;825;1739;624;1252;828;3942;363;1252;3250;1010;1006;1046;180;1041;13933;23;555;1279;487
Vitec Smart Visitor System AB;5562676972;Kommunstyrelsen;Övriga Sverige;Umeå;0;27;39;1;27;0;0;27;1;0;60;1;6;28;0;0;0;1;0;71
Aquadrip Aktiebolag;5562685718;Teknik- och servicenämnden;Övriga Sverige;Växjö;0;0;0;0;0;14;0;0;0;0;0;0;0;0;0;0;0;29;31;44
Värhulta Aktiebolag;5562692474;Markplanerings- och exploateringsnämnden;Övriga Örebro län;Fjugesta;0;0;0;0;0;0;0;0;0;0;0;0;0;0;0;530;0;0;0;0
VIMAB Aktiebolag;5562710680;Teknik- och servicenämnden;Övriga Sverige;Motala;0;0;0;0;0;0;34;0;0;0;0;0;0;0;0;0;0;0;0;24
Mega Sport AB;5562719616;Gymnasie- och arbetsmarknadsnämnden;Örebro kommun;Örebro;60;0;0;0;0;0;0;0;0;0;0;0;0;0;0;0;0;0;0;0
Swedstyle AB;5562725134;Vård- och omsorgsnämnden;Övriga Sverige;Vaggeryd;2;0;27;0;3;2;2;2;2;2;0;3;2;2;2;2;0;3;2;2
Blick Meetings AB;5562725860;Kommunstyrelsen;Övriga Sverige;Älvsjö;0;0;10;5;0;0;8;0;0;0;0;3;0;0;0;23;0;0;7;0
Örebro Slipservice- Verktyg & Maskiner;5562736222;Grundskolenämnden;Örebro kommun;Örebro;62;17;44;3;35;4;11;180;47;35;30;40;60;34;19;160;3;19;15;7
AVS i Sverige AB;5562739358;Grundskolenämnden;Övriga Sverige;Malmö;1154;132;900;265;168;317;163;172;56;401;543;404;896;98;385;273;147;212;1231;58
Allytec AB;5562750454;Vård- och omsorgsnämnden;Övriga Sverige;Kista;147;0;0;45;0;0;61;0;0;45;0;0;0;0;5;2;0;1;26;0
Enviroprocess Sweden AB;5562752898;Kultur- och fritidsnämnden;Övriga Sverige;Kungsbacka;12;0;11;14;0;18;25;0;0;47;25;8;51;0;15;15;0;0;20;26
Nanolfsvillan Aktiebolag;5562757772;Socialnämnden;Övriga Sverige;Finspång;285;0;586;295;1117;542;288;0;402;195;201;195;201;0;207;0;0;0;0;0
Thomas Betong AB;5562763655;Teknik- och servicenämnden;Övriga Sverige;Göteborg;1;0;28;0;0;12;12;21;36;49;62;125;19;26;59;14;0;24;39;8
Malux Sweden AB;5562764166;Teknik- och servicenämnden;Övriga Sverige;Örnsköldsvik;0;0;0;0;0;0;0;52;0;0;0;0;0;0;2;0;0;0;0;0
Carglass Sweden AB;5562764729;Teknik- och servicenämnden;Övriga Sverige;Stockholm;0;0;5;5;4;5;0;0;3;0;0;6;3;3;3;9;4;0;0;0
På i Sverige AB;5562776657;Kommunstyrelsen;Övriga Sverige;Stockholm;0;0;0;0;0;0;0;0;0;0;0;50;0;0;0;0;0;0;0;0
Korpbergets Behandlingscenter AB;5562842012;Socialnämnden;Övriga Sverige;Lunde;0;0;0;0;0;10;58;0;60;124;42;26;0;3;0;0;0;0;0;0
Håkan Bagger Aktiebolag;5562848316;Markplanerings- och exploateringsnämnden;Övriga Örebro län;Vretstorp;0;0;0;0;0;0;0;0;0;0;0;0;235;0;0;152;0;0;0;0
Jarl Sandin & Söner Guld och Silver;5562850700;Kommunstyrelsen;Övriga Sverige;Göteborg;138;0;0;0;0;0;0;0;0;0;0;930;0;0;0;0;0;0;0;0
Fastighetsaktiebolaget Marieberg Ga;5562857457;Valnämnden;Övriga Sverige;Stockholm;0;0;0;0;0;4;1;0;0;0;0;0;0;0;0;50;0;0;0;50
FabriQen Group AB;5562861491;Gymnasie- och arbetsmarknadsnämnden;Övriga Örebro län;Karlskoga;182;0;0;53;35;35;29;0;5;90;133;126;157;21;40;107;0;97;36;37
Thunbergs Glasmästeri Aktiebolag;5562861574;Kommunstyrelsen;Örebro kommun;Örebro;32;1;0;0;4;-4;10;8;0;6;7;62;0;10;0;10;13;35;41;15
Starck & Partner AB;5562861863;Kommunstyrelsen;Övriga Sverige;Stockholm;81;65;54;190;125;18;56;0;110;0;70;0;98;116;0;100;147;60;33;11
B Krafft Måleri Aktiebolag;5562865229;Markplanerings- och exploateringsnämnden;Örebro kommun;Örebro;592;161;2;71;22;5;252;66;89;236;454;252;458;10;32;34;2;4;56;6
S-Invest Trading Aktiebolag;5562868405;Teknik- och servicenämnden;Övriga Sverige;Mölnlycke;0;0;0;26;37;211;208;0;0;0;0;0;0;0;0;83;0;149;132;0
DAHL SVERIGE AB;5562870229;Teknik- och servicenämnden;Övriga Sverige;Bromma;1005;966;1391;823;1314;1548;567;160;3074;1870;1901;1557;595;2076;1020;1696;1303;1790;662;1076
Freys Express i Örebro AB;5562872506;Gymnasie- och arbetsmarknadsnämnden;Örebro kommun;Örebro;322;196;253;211;180;167;425;220;181;261;147;168;147;149;173;257;130;149;194;236
Nytida Christinagården AB;5562886803;Socialnämnden;Övriga Sverige;Solna;149;236;174;115;170;92;89;78;105;15;0;0;0;0;35;89;86;170;115;60
TOYOTA MATERIAL HANDLING  SWEDEN RENTAL;5562892769;Gymnasie- och arbetsmarknadsnämnden;Övriga Sverige;Solna;0;0;0;0;0;0;0;0;0;17;26;-1;0;13;25;13;0;13;25;13
Malthe Winje Automation AB;5562897164;Teknik- och servicenämnden;Övriga Sverige;Sollentuna;0;0;79;0;0;0;0;44;0;1318;0;0;719;0;0;0;0;0;0;0
Thermo Electron Sweden AB;5562897396;Teknik- och servicenämnden;Övriga Sverige;Stockholm;0;20;0;0;7;0;0;0;70;0;0;8;0;8;11;0;0;0;0;0
KAEFER AB;5562902436;Teknik- och servicenämnden;Övriga Sverige;Stora Höga;46;0;0;42;4;6;0;0;0;0;0;0;41;5;10;36;0;0;0;0
Närkekonservatorn AB;5562915800;Kultur- och fritidsnämnden;Örebro kommun;Örebro;86;0;0;0;0;0;0;0;0;0;0;0;153;0;0;0;0;0;0;0
Malmberg Water AB;5562929272;Teknik- och servicenämnden;Övriga Sverige;Åhus;0;0;0;0;0;642;1070;0;0;0;428;0;0;0;0;0;0;0;0;0
Plåt & Ventbyrån Sverige AB;5562942705;Gymnasie- och arbetsmarknadsnämnden;Övriga Sverige;Stockholm;50;50;0;50;0;0;0;0;0;0;0;51;0;0;0;25;0;0;0;0
I-B Wahlström Aktiebolag;5562958685;Gymnasie- och arbetsmarknadsnämnden;Övriga Sverige;Stockholm;2;0;20;9;18;20;0;0;37;18;21;17;15;0;22;4;10;38;4;0
Biltema Sweden AB;5562973320;Grundskolenämnden;Övriga Sverige;Partille;12;10;18;10;36;40;21;7;17;22;19;29;25;9;19;9;16;51;29;10
Rockesholm Behandling och Utbildnin;5562978287;Socialnämnden;Övriga Örebro län;Grythyttan;151;0;322;166;144;229;150;0;316;108;86;120;229;0;313;52;0;47;0;0
Francks Kylindustri Karlstad Örebro;5562987023;Markplanerings- och exploateringsnämnden;Övriga Sverige;Karlstad;45;33;41;216;214;683;33;14;5;361;38;134;236;93;121;181;50;28;40;12
Möller Bil Sverige AB;5562987510;Teknik- och servicenämnden;Övriga Sverige;Uppsala;134;142;163;140;141;123;128;85;152;136;197;65;75;115;166;147;131;140;252;37
Maria Nila AB;5562989540;Gymnasie- och arbetsmarknadsnämnden;Övriga Sverige;Helsingborg;24;0;22;23;2;1;0;0;28;34;4;28;1;32;9;21;4;6;0;0
Scandic Hotels Aktiebolag;5562991009;Gymnasie- och arbetsmarknadsnämnden;Övriga Sverige;Stockholm;39;31;37;15;67;31;46;0;76;70;102;114;28;20;5;41;22;21;36;-4
NCC Industry Aktiebolag;5563023307;Teknik- och servicenämnden;Övriga Sverige;Solna;2724;5984;65;70;833;4719;3371;3773;6697;10411;7821;3533;294;3636;162;145;152;1808;935;12826
Kedjeåsens Fisk Aktiebolag;5563028108;Kultur- och fritidsnämnden;Övriga Örebro län;Karlskoga;0;0;0;0;0;0;61;3;0;45;0;50;0;0;0;0;71;1;0;2
AB Geoskandia;5563031466;Gymnasie- och arbetsmarknadsnämnden;Övriga Sverige;Eslöv;0;0;36;0;0;0;0;0;0;39;0;0;0;2;0;0;44;0;37;0
Café Bar Sverige AB;5563072171;Grundskolenämnden;Övriga Sverige;Jönköping;43;53;88;62;74;92;86;24;97;87;162;176;123;63;124;217;201;231;220;44
Comfort System Scandinavia Aktiebol;5563089498;Vård- och omsorgsnämnden;Övriga Sverige;Huskvarna;199;219;23;210;28;214;192;15;2;174;167;41;7;193;185;352;1603;238;182;0
Elektrotekniska Byrån i Sverige AB;5563095081;Markplanerings- och exploateringsnämnden;Övriga Sverige;Karlstad;0;0;0;0;0;6;0;21;0;16;0;36;17;35;0;0;0;26;2;0
Wasa Kredit AB;5563119204;Kultur- och fritidsnämnden;Övriga Sverige;Stockholm;9;38;22;22;47;0;21;26;21;43;5;43;21;21;0;43;0;21;21;24
Sarholms Plåtdetaljer Aktiebolag;5563122653;Teknik- och servicenämnden;Övriga Sverige;Rättvik;0;0;0;0;0;0;0;51;0;0;0;0;0;0;12;24;0;0;8;0
Holmgrens Bil AB;5563136620;Teknik- och servicenämnden;Övriga Sverige;Jönköping;2;0;0;0;19;11;59;0;0;0;12;12;6;0;0;0;4;17;0;0
ABAT AB;5563140820;Teknik- och servicenämnden;Örebro kommun;Örebro;0;0;0;0;0;1;0;0;0;90;0;0;0;0;24;5;2;0;41;0
Easyfairs Nordic AB;5563141091;Grundskolenämnden;Övriga Sverige;Mölndal;0;0;53;4;7;0;0;0;0;0;5;50;3;0;0;24;52;49;0;0
Infotool Data Aktiebolag;5563153625;Kommunstyrelsen;Övriga Sverige;Stockholm;18;0;44;2;4;0;0;9;0;0;0;0;1;0;0;0;0;4;5;0
JOAB Försäljnings Aktiebolag;5563156008;Teknik- och servicenämnden;Övriga Sverige;Göteborg;11;5;6;0;0;4;1;16;16;1;0;0;0;1;0;4;0;0;0;1
Hgb Backstrand AB;5563157089;Kultur- och fritidsnämnden;Övriga Sverige;Göteborg;0;0;0;0;0;0;0;0;0;70;0;0;0;0;0;0;0;0;0;0
Bison Produkter AB;5563179844;Kultur- och fritidsnämnden;Övriga Sverige;Årjäng;0;0;0;0;0;0;0;0;0;38;0;0;0;0;0;14;0;0;0;0
DAW Nordic AB;5563180495;Gymnasie- och arbetsmarknadsnämnden;Övriga Sverige;Göteborg;34;16;6;8;3;7;27;0;42;38;5;3;0;1;2;0;4;23;21;0
Gerdmans Inredningar Aktiebolag;5563182632;Grundskolenämnden;Övriga Sverige;Markaryd;3;0;0;3;0;0;0;0;0;0;2;0;17;22;20;0;6;3;0;0
KFC Print AB;5563192482;Gymnasie- och arbetsmarknadsnämnden;Övriga Sverige;Kungsör;0;0;0;0;0;0;200;0;3;3;16;4;0;0;0;0;0;0;0;0
Heda Security AB;5563193217;Teknik- och servicenämnden;Övriga Sverige;Nacka;0;0;0;0;0;0;4;2;6;23;6;5;37;21;7;17;32;0;4;12
aga egendomsaffär AB;5563217271;Markplanerings- och exploateringsnämnden;Örebro kommun;Örebro;0;0;0;560;500;0;0;0;0;0;0;0;0;0;0;0;0;0;0;0
Elmelid Musik AB;5563236149;Kultur- och fritidsnämnden;Övriga Sverige;Höör;0;0;0;0;0;0;0;0;0;29;0;0;0;0;0;0;0;0;36;0
Punkt O Pricka AB;5563240125;Vård- och omsorgsnämnden;Örebro kommun;Örebro;0;10;0;0;4;0;0;0;0;0;9;2;34;0;0;1;24;18;0;0
Örebro Mopsen 3 AB;5563241586;Kommunstyrelsen;Övriga Sverige;Arboga;0;14;0;0;0;0;7;0;0;0;10;0;0;0;16;0;0;0;16;0
Ke Be Cykel & Motor i Örebro Aktieb;5563251320;Teknik- och servicenämnden;Örebro kommun;Örebro;0;1;22;21;8;3;4;5;8;4;2;64;150;161;2;11;3;3;8;8
Sveriges Arkitekters ArkitektServic;5563259976;Teknik- och servicenämnden;Övriga Sverige;Stockholm;0;1;1;0;1;0;0;0;0;0;64;1;0;0;60;0;0;116;0;0
SymaskinCenter i Närke AB;5563270106;Grundskolenämnden;Örebro kommun;Örebro;21;0;108;0;0;0;0;0;108;65;0;37;79;0;0;0;0;0;0;0
Werners Maskin AB;5563298941;Teknik- och servicenämnden;Övriga Sverige;Jönköping;25;0;49;25;0;49;0;25;25;49;25;25;25;0;49;25;0;49;0;49
Tengbomgruppen AB;5563299113;Markplanerings- och exploateringsnämnden;Övriga Sverige;Stockholm;0;0;0;0;0;0;69;39;0;6;217;213;148;106;131;203;114;374;12;0
Bill Andersson Fordonslyftar AB;5563330678;Teknik- och servicenämnden;Övriga Sverige;Hammarö;0;0;0;0;0;0;15;0;43;0;0;0;0;0;0;1;0;42;0;0
MA-system Utbildning AB;5563332393;Gymnasie- och arbetsmarknadsnämnden;Övriga Sverige;Lund;0;0;0;1;13;0;0;0;3;16;14;6;0;0;0;1;0;0;0;2
Vardaga Nytida Omsorg AB;5563341659;Funktionsstödsnämnden;Övriga Sverige;Solna;0;90;97;192;203;208;15;5;116;129;138;136;139;0;378;454;177;157;136;152
Örebrobostäder Ab;5563348449;Kommunstyrelsen;Örebro kommun;Örebro;75;282;725;238;507;128;328;-374;540;155;813;537;715;372;162;573;620;1032;2073;505
Kom i Kapp AB;5563352409;Vård- och omsorgsnämnden;Övriga Sverige;Solna;0;0;0;0;92;0;11;0;0;0;7;11;5;2;0;0;0;0;0;0
Telos Telemontage AB;5563360584;Markplanerings- och exploateringsnämnden;Örebro kommun;Örebro;51;55;145;68;65;63;107;61;113;193;73;257;127;32;243;242;89;193;256;60
Pollex Aktiebolag;5563364107;Teknik- och servicenämnden;Övriga Sverige;Nödinge;1689;0;0;0;138;0;480;0;0;0;387;0;0;0;0;0;0;0;0;290
CGI Sverige AB;5563372191;Kommunstyrelsen;Övriga Sverige;Stockholm;214;89;179;74;125;78;102;84;29;118;17;74;70;47;57;113;58;60;88;56
AB Miljö & Energiservice Per Olofss;5563388601;Teknik- och servicenämnden;Örebro kommun;Örebro;133;46;33;138;83;68;63;37;2;5;23;26;36;6;10;0;6;15;6;0
Presennings-Service i Örebro Aktieb;5563392223;Teknik- och servicenämnden;Örebro kommun;Örebro;2;0;0;0;0;0;0;0;0;1;0;33;21;0;0;27;7;0;0;0
Containertjänst i Tyresö Aktiebolag;5563395143;Kultur- och fritidsnämnden;Övriga Sverige;Skogås;0;0;0;0;0;0;0;0;0;0;0;0;0;0;0;0;0;99;0;1
Lärarfortbildning Sveriges Lärare A;5563400026;Gymnasie- och arbetsmarknadsnämnden;Övriga Sverige;Stockholm;57;0;-29;7;0;0;0;0;0;0;4;31;24;0;24;18;3;0;0;0
ELU Konsult AB;5563410421;Teknik- och servicenämnden;Övriga Sverige;Stockholm;338;328;143;318;73;43;11;13;32;74;48;21;29;27;126;255;0;9;0;4
Ekologigruppen Ekoplan Aktiebolag;5563422285;Markplanerings- och exploateringsnämnden;Övriga Sverige;Stockholm;135;0;0;0;0;0;0;0;0;0;0;13;55;0;0;0;0;0;0;0
Kalle & Sara Sommar AB;5563430189;Vård- och omsorgsnämnden;Örebro kommun;Vintrosa;5;2;4;2;0;2;4;3;6;4;5;7;5;2;5;3;1;5;5;0
Behrn Fastigheter Aktiebolag;5563445245;Socialnämnden;Örebro kommun;Örebro;31;6;24;6;9;7;4;9;7;7;7;25;7;10;8;7;7;5;8;10
Expandia Moduler AB;5563457687;Förskolenämnden;Övriga Sverige;Västerås;0;219;0;0;2;0;0;0;0;0;0;0;0;0;0;0;0;64;0;718
Precio Fishbone AB;5563472926;Kommunstyrelsen;Örebro kommun;Örebro;0;4;8;4;5;4;4;8;23;8;8;4;0;8;4;4;0;24;20;20
Manpower Aktiebolag;5563481588;Teknik- och servicenämnden;Övriga Sverige;Solna;39;77;142;149;139;182;193;184;236;205;217;127;118;66;65;121;0;42;45;39
Qstar Försäljning Aktiebolag;5563492262;Teknik- och servicenämnden;Övriga Sverige;Norrköping;197;232;178;295;280;133;227;310;198;283;255;309;249;110;251;478;24;606;269;362
Svalsta Byggkonsult Aktiebolag;5563510535;Markplanerings- och exploateringsnämnden;Övriga Sverige;Nyköping;0;0;27;21;0;0;0;0;0;26;0;0;0;3;0;0;0;0;0;0
Verifone Sweden AB;5563514347;Teknik- och servicenämnden;Övriga Sverige;Stockholm;23;10;24;12;19;8;24;9;15;26;15;21;22;10;20;20;8;14;25;13
P&L Nordic AB;5563532521;Gymnasie- och arbetsmarknadsnämnden;Övriga Sverige;Hässleholm;0;0;0;30;0;0;0;0;1;188;0;5;12;0;0;2;0;0;8;0
BS Åkeri Bengt Strömvall Aktiebolag;5563552735;Teknik- och servicenämnden;Örebro kommun;Örebro;2675;1820;3436;3055;2370;2884;2114;2333;1935;4178;4681;3732;2572;1850;3962;3448;2815;3582;3522;1755
MECA Sweden AB;5563565612;Teknik- och servicenämnden;Övriga Sverige;Malmö;158;124;404;117;137;193;112;96;192;204;138;301;364;163;243;128;66;173;129;94
Landskapslaget Aktiebolag;5563575579;Markplanerings- och exploateringsnämnden;Övriga Sverige;Stockholm;0;0;0;0;0;0;0;0;0;0;0;6;43;15;0;0;0;0;0;0
Symetri AB;5563595429;Teknik- och servicenämnden;Övriga Sverige;Borlänge;0;0;0;10;18;0;0;0;0;0;86;0;0;0;0;36;0;0;0;0
MJK AUTOMATION Aktiebolag;5563604718;Teknik- och servicenämnden;Övriga Sverige;Säffle;0;0;0;26;0;0;0;0;0;37;0;0;0;0;0;28;0;0;0;0
Burbage Maskin Aktiebolag;5563612554;Gymnasie- och arbetsmarknadsnämnden;Övriga Örebro län;Askersund;3;0;1;0;127;0;0;0;0;0;0;0;25;0;44;0;0;0;0;0
El-Profilen i Örebro Aktiebolag;5563613586;Gymnasie- och arbetsmarknadsnämnden;Övriga Sverige;Linköping;76;9;27;35;22;3;18;12;47;8;6;9;0;19;0;0;39;9;7;23
KOMPAN Sverige AB;5563634863;Teknik- och servicenämnden;Övriga Sverige;Mölndal;0;0;84;0;196;1;133;0;0;0;0;248;196;67;0;184;765;268;0;375
Exakta Print AB;5563641595;Grundskolenämnden;Övriga Sverige;Malmö;20;3;53;81;43;170;0;0;6;13;1;1;8;0;7;50;122;330;8;16
Gullvivans Blomsterhandel i Örebro AB;5563654713;Grundskolenämnden;Örebro kommun;Örebro;21;4;12;6;8;5;19;1;2;4;2;0;0;0;0;0;0;0;0;0
E G Andersson Konsult Aktiebolag;5563673556;Teknik- och servicenämnden;Övriga Sverige;Söderhamn;0;0;0;0;0;0;0;0;0;50;12;62;0;0;0;0;0;58;0;0
KR Distribution AB;5563675791;Kultur- och fritidsnämnden;Övriga Sverige;Bandhagen;0;0;4;3;25;1;6;11;0;15;3;8;0;0;0;20;0;4;6;0
Hans Eriksson i Frövi Aktiebolag;5563675973;Teknik- och servicenämnden;Övriga Örebro län;Frövi;0;0;0;4;14;0;24;0;8;7;1;0;8;3;0;0;22;0;0;0
Bogfelts Street Lights AB;5563694925;Teknik- och servicenämnden;Övriga Sverige;Danderyd;1412;144;4244;1206;1442;2659;1684;613;2908;2676;2911;4671;2205;1270;5281;970;4125;3040;5247;1001
Bergshyttan Invest Aktiebolag;5563707396;Kommunstyrelsen;Örebro kommun;Örebro;0;0;0;33;13;0;0;7;9;0;37;0;0;0;0;18;0;0;0;16
Aebi Schmidt Sweden AB;5563716025;Teknik- och servicenämnden;Övriga Sverige;Skänninge;21;21;66;74;8;38;0;23;0;10;41;21;1566;28;0;32;21;45;6;0
Fagerudd Konferens Aktiebolag;5563755155;Grundskolenämnden;Övriga Sverige;Enköping;16;0;0;0;0;0;0;0;0;60;0;28;33;0;28;33;0;60;0;0
APM Sport & Import Aktiebolag;5563758787;Grundskolenämnden;Övriga Sverige;Arboga;41;76;89;0;5;0;8;0;23;25;0;7;20;0;0;0;2;0;5;2
Oscar Medtec AB;5563767911;Vård- och omsorgsnämnden;Övriga Sverige;Kungälv;0;33;0;0;0;0;0;0;0;33;33;0;0;0;22;77;0;0;0;0
Tiangruppen AB;5563785145;Socialnämnden;Övriga Sverige;Stockholm;0;0;46;284;0;562;274;0;629;274;284;110;0;0;345;232;0;322;0;0
BoF Barn och familjejouren AB;5563788701;Socialnämnden;Övriga Sverige;Johanneshov;69;0;183;96;93;96;93;0;193;97;105;101;0;105;204;107;0;211;104;107
Örebro Byggstatik Aktiebolag;5563799088;Teknik- och servicenämnden;Örebro kommun;Örebro;2;2;9;0;30;28;108;0;0;99;0;0;169;0;10;6;0;0;0;0
Munters Europe Aktiebolag;5563803039;Markplanerings- och exploateringsnämnden;Övriga Sverige;Kista;0;0;0;0;16;0;0;0;66;0;0;74;0;0;0;19;0;0;4;0
Trädgårdshallen Sverige AB;5563812451;Teknik- och servicenämnden;Örebro kommun;Örebro;1705;1858;2507;2460;2054;2331;1343;560;2037;2618;1893;2616;1783;1629;2690;2985;1932;2892;1757;813
Hårologi of Sweden Aktiebolag;5563814291;Gymnasie- och arbetsmarknadsnämnden;Övriga Sverige;Borlänge;29;0;1;0;0;0;0;0;0;0;35;55;9;0;6;0;0;0;0;0
Skara Sommarland AB;5563817559;Kultur- och fritidsnämnden;Övriga Sverige;Axvall;0;0;0;0;0;0;12;7;7;0;0;0;0;0;0;0;0;0;6;25
Värmdö Tekniska Utbildningar;5563836757;Gymnasie- och arbetsmarknadsnämnden;Övriga Sverige;Stockholm;0;13;14;13;13;13;16;16;6;13;14;14;13;13;13;13;13;30;17;0
Örebro City Golf AB;5563847812;Gymnasie- och arbetsmarknadsnämnden;Örebro kommun;Örebro;0;0;0;0;91;0;0;1;0;0;2;0;0;0;0;0;94;0;0;4
Frösunda Personlig Assistans AB;5563867398;Funktionsstödsnämnden;Övriga Sverige;Stockholm;652;0;0;158;0;0;463;70;69;0;0;417;0;84;86;147;62;157;29;111
DF Kompetens Aktiebolag;5563868255;Kommunstyrelsen;Övriga Sverige;Stockholm;0;45;15;18;0;18;0;0;0;0;0;0;0;0;0;0;0;0;0;0
FinFast Aktiebolag;5563871259;Kommunstyrelsen;Örebro kommun;Örebro;64;7;0;0;0;56;0;0;0;0;0;91;0;0;0;0;0;0;0;0
A. Öbergs Snickeri & Hantverk Aktie;5563876654;Vård- och omsorgsnämnden;Örebro kommun;Örebro;72;47;52;5;201;52;0;69;130;38;27;60;0;26;63;25;62;17;126;20
Feralco Nordic AB;5563877629;Teknik- och servicenämnden;Övriga Sverige;Sölvesborg;195;145;289;289;127;238;287;187;479;386;434;365;246;445;301;431;249;438;688;162
Knowit Aktiebolag (publ);5563910354;Kommunstyrelsen;Övriga Sverige;Stockholm;19;0;17;0;23;0;30;0;22;13;5;5;0;0;4;8;0;22;3;0
Örebrokompaniet AB;5563924918;Kommunstyrelsen;Örebro kommun;Örebro;1;250;155;2;103;139;8;0;283;40;82;4;24556;4;30;12;129;1665;8;0
Karlskoga Motorstadion AB;5563939478;Teknik- och servicenämnden;Övriga Örebro län;Karlskoga;0;0;0;0;0;0;0;0;0;0;24;0;0;0;0;0;0;40;0;0
Opejra Örebro AB;5563951366;Gymnasie- och arbetsmarknadsnämnden;Örebro kommun;Örebro;0;8;5;0;0;5;0;0;0;22;14;0;0;15;8;5;0;12;0;0
Drift och Underhållsteknik i Mönste;5563958809;Gymnasie- och arbetsmarknadsnämnden;Övriga Sverige;Mönsterås;0;23;0;0;0;0;0;0;0;0;0;0;0;0;52;0;0;0;0;0
Indoor Energy Services Sweden AB;5563965911;Gymnasie- och arbetsmarknadsnämnden;Övriga Sverige;Solna;7;15;46;4;0;8;0;3;0;0;39;9;0;11;8;0;1;45;0;0
Medema Physio Aktiebolag;5563997542;Vård- och omsorgsnämnden;Övriga Sverige;Kista;13;0;0;0;0;0;0;0;0;0;0;6;114;0;0;0;0;0;0;0
Nordic Water Products AB;5563998540;Teknik- och servicenämnden;Övriga Sverige;Mölndal;0;0;0;31;0;0;0;0;0;0;169;113;0;0;0;0;0;0;0;0
Örebro Parkett och Golv Aktiebolag;5564035557;Gymnasie- och arbetsmarknadsnämnden;Örebro kommun;Örebro;14;0;0;0;0;16;0;0;0;0;0;15;0;0;0;0;0;15;0;0
Techstep AB;5564050770;Vård- och omsorgsnämnden;Övriga Sverige;Karlstad;0;0;0;0;0;0;0;0;0;0;0;0;0;2;790;910;409;397;380;105
Finjagården Aktiebolag;5564051950;Socialnämnden;Övriga Sverige;Finja;150;0;444;310;273;155;159;0;506;269;155;147;0;151;238;24;0;0;0;0
Norconsult Sverige AB;5564053964;Teknik- och servicenämnden;Övriga Sverige;Göteborg;33;78;115;248;169;130;420;228;117;332;404;459;249;76;331;205;161;97;85;82
NTI Sweden AB;5564059532;Kommunstyrelsen;Övriga Sverige;Göteborg;90;0;0;0;0;0;0;0;0;0;168;0;0;0;81;43;0;0;0;0
Heras AB;5564068954;Teknik- och servicenämnden;Övriga Sverige;Helsingborg;37;12;25;17;45;0;0;0;0;0;0;0;0;0;0;0;0;0;0;0
Hoerbiger Service Nordic AB;5564079605;Teknik- och servicenämnden;Övriga Sverige;Ludvika;230;2;0;7;0;0;0;0;0;0;0;0;0;0;144;13;93;38;0;242
Abramssons Fastighets Aktiebolag;5564084704;Kommunstyrelsen;Örebro kommun;Örebro;51;0;0;0;0;0;0;0;11;43;0;0;0;0;0;0;0;0;0;0
Aspire AB;5564092673;Vård- och omsorgsnämnden;Övriga Sverige;Linköping;8;0;260;0;0;0;0;0;0;0;0;0;0;0;0;0;0;0;0;0
Trädgårdsteknik AB;5564096120;Markplanerings- och exploateringsnämnden;Övriga Sverige;Ängelholm;0;0;0;0;55;0;0;0;0;0;0;0;0;0;0;0;0;0;0;0
ISS Facility Services AB;5564103280;Kommunstyrelsen;Övriga Sverige;Stockholm;21;0;41;21;12;35;21;21;21;22;22;22;22;0;36;0;0;0;0;0
HS Konsult AB;5564131224;Markplanerings- och exploateringsnämnden;Övriga Sverige;Uppsala;0;0;0;0;32;0;0;2;0;0;2;0;55;0;0;4;50;0;2;0
Malmberg Energy AB;5564139268;Teknik- och servicenämnden;Övriga Sverige;Åhus;424;37;44;118;13;55;28;13;37;204;34;103;33;0;109;40;50;34;13;24
Axelssons Turisttrafik AB;5564148467;Grundskolenämnden;Övriga Sverige;Västerås;194;191;725;423;355;618;267;40;455;527;511;405;219;271;531;497;301;566;194;61
Nomaco AB;5564154952;Teknik- och servicenämnden;Övriga Sverige;Helsingborg;0;0;0;2;0;0;33;0;0;9;0;6;1;0;0;5;0;2;0;0
LäroMedia Bokhandel Örebro Aktiebol;5564162757;Grundskolenämnden;Örebro kommun;Örebro;2403;1173;337;292;3222;1608;938;72;7220;2514;1358;2222;2160;874;371;402;135;1765;1545;431
Pauser Media Aktiebolag;5564197761;Vård- och omsorgsnämnden;Övriga Sverige;Johanneshov;4;0;0;0;0;0;10;0;0;0;5;0;5;6;37;0;0;7;10;0
Telenor Sverige Aktiebolag;5564210309;Kommunstyrelsen;Övriga Sverige;Solna;8;10;8;8;8;8;8;9;8;9;9;9;77;9;9;17;0;0;9;9
Contorum Inredning AB;5564210671;Grundskolenämnden;Örebro kommun;Örebro;509;0;0;55;134;0;51;15;264;0;52;20;21;0;43;0;0;0;0;0
Norra Cykel- & Motor i Örebro Aktie;5564212644;Gymnasie- och arbetsmarknadsnämnden;Örebro kommun;Örebro;91;0;0;0;0;0;0;0;1;0;0;0;63;0;0;8;0;0;0;0
PIVAB AB;5564231230;Teknik- och servicenämnden;Övriga Sverige;Veddige;351;15;0;7;0;0;0;0;0;0;0;0;0;0;0;0;0;0;0;0
IFI Aktiebolag;5564233095;Markplanerings- och exploateringsnämnden;Övriga Sverige;Stockholm;0;15;0;0;7;17;0;0;0;0;0;0;15;15;0;0;0;7;0;0
Närkesten Entreprenad AB;5564239191;Kultur- och fritidsnämnden;Övriga Örebro län;Kumla;295;0;0;0;0;0;0;0;0;0;0;0;0;0;0;0;0;0;0;0
JYSK AB;5564251246;Vård- och omsorgsnämnden;Övriga Sverige;Arlöv;8;3;5;29;17;16;18;8;4;8;10;13;7;7;5;3;7;5;4;3
Willis Towers Watson Sweden AB;5564265295;Kommunstyrelsen;Övriga Sverige;Stockholm;0;229;229;0;-229;25;275;0;0;140;0;0;0;99;99;-99;0;0;443;0
Poolia Sverige Aktiebolag;5564267655;Kommunstyrelsen;Övriga Sverige;Johanneshov;50;58;151;65;64;48;48;48;63;64;260;123;207;201;306;106;271;286;91;285
Nytida Nåjden AB;5564270519;Socialnämnden;Övriga Sverige;Solna;192;211;186;198;194;0;404;199;199;192;196;280;309;0;604;84;0;0;0;0
Annordia AB;5564276037;Kommunstyrelsen;Övriga Sverige;Stockholm;0;0;0;0;0;0;0;0;0;0;0;0;0;0;0;0;190;0;0;0
Säviq Kvinnobehandling AB;5564276334;Socialnämnden;Övriga Sverige;Stockholm;0;0;66;89;0;86;89;17;158;86;0;145;0;0;0;0;241;60;0;0
Parkhallen i Örebro Aktiebolag;5564277175;Funktionsstödsnämnden;Örebro kommun;Örebro;625;63;857;461;495;552;499;28;645;478;17;961;664;72;884;517;10;1058;572;317
Örebro Sotarn Aktiebolag;5564281318;Markplanerings- och exploateringsnämnden;Örebro kommun;Örebro;8;25;4;21;36;38;33;26;46;13;21;17;12;12;25;33;15;22;50;28
FVB Sverige AB;5564293743;Teknik- och servicenämnden;Övriga Sverige;Västerås;218;325;208;150;54;84;136;154;60;168;185;333;136;177;322;160;344;125;272;44
Telia Sverige AB;5564300142;Vård- och omsorgsnämnden;Övriga Sverige;Solna;27;55;28;14;58;31;13;58;30;14;58;31;13;63;35;14;45;31;15;60
Skandinaviska Nyckeltalsinstitutet;5564306107;Kommunstyrelsen;Övriga Sverige;Stockholm;0;39;0;0;0;0;0;0;0;0;0;0;0;39;0;0;0;0;0;0
Kvarnström & Ljushed Golv & Bygg AB;5564309036;Gymnasie- och arbetsmarknadsnämnden;Örebro kommun;Örebro;125;0;0;0;0;0;0;0;0;0;0;0;0;0;0;0;0;0;0;0
MAF Pump Aktiebolag;5564315462;Teknik- och servicenämnden;Övriga Sverige;Göteborg;0;34;8;49;52;131;246;28;85;0;31;0;0;3;0;7;13;18;25;55
Cool Company Skandinavien AB;5564328390;Kultur- och fritidsnämnden;Övriga Sverige;Stockholm;0;3;0;0;0;0;0;0;0;0;0;50;38;0;0;0;0;0;0;0
Göranssons Fastigheter i Örebro AB;5564328879;Kommunstyrelsen;Örebro kommun;Örebro;0;0;70;0;0;0;0;0;0;0;0;0;0;47;0;0;0;0;0;0
Globus TT AB;5564330933;Vård- och omsorgsnämnden;Övriga Sverige;Nyköping;71;103;0;0;0;0;0;0;0;115;0;0;0;0;0;0;0;0;0;0
Idus AB;5564346269;Teknik- och servicenämnden;Övriga Sverige;Staffanstorp;0;0;169;3;0;0;0;0;0;0;0;0;0;130;50;0;0;6;0;0
Serkon i Vellinge Aktiebolag;5564346913;Kommunstyrelsen;Övriga Sverige;Vellinge;9;9;9;9;9;9;9;9;9;9;9;9;9;9;9;19;0;9;9;9
First Rent A Car Aktiebolag;5564347820;Vård- och omsorgsnämnden;Övriga Sverige;Stockholm;34;71;135;36;111;75;47;97;60;128;73;134;80;52;194;110;71;81;103;182
Lantmännen Novare AB;5564354768;Teknik- och servicenämnden;Övriga Sverige;Stockholm;0;0;0;0;0;0;0;0;-8;32;0;0;24;0;24;0;0;24;0;0
Hjorts Trävaruaffär i Glanshammar A;5564357746;Gymnasie- och arbetsmarknadsnämnden;Örebro kommun;Glanshammar;28;2;0;9;11;4;3;0;0;0;0;0;0;24;0;0;0;0;4;0
Feldt´s Fisk och Skaldjur AB;5564359981;Teknik- och servicenämnden;Övriga Sverige;Kungshamn;0;0;0;0;0;0;0;0;29;58;62;30;93;8;27;24;10;70;16;46
Peric Konsult AB;5564360765;Markplanerings- och exploateringsnämnden;Örebro kommun;Örebro;100;2;226;158;78;203;193;18;182;162;178;172;55;28;76;65;0;175;35;97
Dun & Bradstreet Sweden AB;5564363421;Kommunstyrelsen;Övriga Sverige;Stockholm;36;30;41;37;28;37;32;28;30;28;34;53;86;29;37;359;46;28;37;24
Granitor Electro Aktiebolag;5564363595;Markplanerings- och exploateringsnämnden;Övriga Sverige;Sandviken;3;0;3;0;0;64;2;0;0;6;29;94;244;32;3;231;9;0;162;8
Kamstrup Aktiebolag;5564364890;Teknik- och servicenämnden;Övriga Sverige;Danderyd;12;4;0;237;1102;37;0;15;0;1736;56;526;37;7;1596;0;0;0;0;13
MINNESTAD Aktiebolag;5564365459;Socialnämnden;Övriga Sverige;Mjölby;192;308;229;304;239;313;326;242;366;131;203;202;206;211;191;211;204;211;204;205
TELENTA Aktiebolag;5564381449;Vård- och omsorgsnämnden;Övriga Sverige;Göteborg;0;2;0;0;0;1;51;1;1;1;0;15;0;4;1;1;1;1;12;1
Matic Jakobsen AB;5564384070;Teknik- och servicenämnden;Övriga Sverige;Järpås;0;0;0;0;0;0;0;8;0;0;0;0;31;0;0;0;0;5;109;6
Teknikföretagens Service i Sverige;5564390275;Gymnasie- och arbetsmarknadsnämnden;Övriga Sverige;Stockholm;3;0;5;0;0;7;31;0;0;0;0;0;13;0;0;0;0;0;7;0
Fagermons Åkeri & Lantbruk Aktiebol;5564391620;Markplanerings- och exploateringsnämnden;Örebro kommun;Örebro;0;0;0;0;0;0;0;0;0;0;0;100;0;0;0;0;0;8;0;0
Erik Nordins Eftr. Cykel & Sport Ak;5564394558;Teknik- och servicenämnden;Örebro kommun;Örebro;262;2;317;255;249;317;20;81;42;64;44;16;87;19;45;44;169;60;42;56
Visma Amili AB;5564395670;Kommunstyrelsen;Övriga Sverige;Helsingborg;66;137;104;52;57;98;135;87;59;121;120;109;63;68;94;110;100;68;70;48
ÖoB Aktiebolag;5564398120;Vård- och omsorgsnämnden;Övriga Sverige;Skänninge;28;3;7;3;23;7;5;3;4;5;9;16;59;2;5;13;8;6;12;4
NOVAB AB;5564402534;Markplanerings- och exploateringsnämnden;Övriga Sverige;Töreboda;77;5;801;60;0;544;0;404;0;228;0;580;0;0;0;0;0;0;0;-10
Mo LSS Aktiebolag;5564406253;Funktionsstödsnämnden;Övriga Sverige;Finspång;301;65;514;301;326;309;301;65;554;301;309;301;309;65;543;316;65;559;243;251
Sonova Nordic AB;5564413762;Grundskolenämnden;Övriga Sverige;Solna;486;7;0;0;0;1;0;0;0;0;1;1;0;17;0;1;0;0;0;0
Teracom AB;5564415098;Teknik- och servicenämnden;Övriga Sverige;Stockholm;16;16;18;15;63;24;24;24;24;47;0;47;24;0;24;47;0;24;24;24
Örjan Lindqvist Musik, Music Music;5564419116;Kultur- och fritidsnämnden;Övriga Örebro län;Kumla;173;5;25;2;4;59;36;166;71;87;64;90;95;2;39;11;13;40;123;0
Renall AB;5564424876;Teknik- och servicenämnden;Övriga Sverige;Norrköping;6846;1000;1177;1061;2467;6073;8084;252;4868;2118;5027;7887;2795;4423;1752;2940;195;6180;3203;857
Installationscenter Nordic AB;5564425741;Teknik- och servicenämnden;Övriga Sverige;Handen;70;6;0;0;0;68;0;0;25;0;0;0;47;162;0;0;0;75;68;0
Handels- & Maskin Service i Örebro;5564428687;Teknik- och servicenämnden;Övriga Örebro län;Laxå;0;0;0;0;0;0;0;0;0;0;0;53;0;0;0;0;0;0;0;0
Cabonline Region Mitt AB;5564434347;Gymnasie- och arbetsmarknadsnämnden;Övriga Sverige;Västerås;123;97;101;78;118;35;107;19;1;183;0;75;130;74;87;211;0;168;31;98
SWETEX PRODUKTER Aktiebolag;5564439957;Grundskolenämnden;Övriga Sverige;Västerås;0;3;4;0;2;0;0;0;2;2;1;1;4;0;10;5;2;1;29;0
Abelko Innovation;5564440112;Teknik- och servicenämnden;Övriga Sverige;Luleå;76;0;0;76;0;0;0;76;0;76;0;0;76;0;0;76;0;0;53;0
Kingspan BAGA AB;5564455557;Markplanerings- och exploateringsnämnden;Övriga Sverige;Karlskrona;57;42;17;10;5;0;2;0;14;0;9;3;8;0;17;17;0;0;5;0
Human Support Lejongårdar AB;5564464211;Socialnämnden;Övriga Sverige;Helsingborg;0;0;147;77;75;77;75;0;155;75;77;75;77;77;70;77;0;152;75;77
Örebro Gasteknik Aktiebolag;5564464666;Teknik- och servicenämnden;Örebro kommun;Örebro;33;8;26;25;12;81;19;19;3;140;103;147;64;0;10;44;41;4;42;21
Amanatidis Import & Export AB;5564465481;Markplanerings- och exploateringsnämnden;Örebro kommun;Örebro;129;307;672;100;200;0;100;100;100;100;132;1034;200;279;755;1593;327;100;200;100
Kolmårdens Djurpark AB;5564475894;Gymnasie- och arbetsmarknadsnämnden;Övriga Sverige;Kolmården;0;0;0;8;0;0;109;8;0;0;0;0;8;0;0;1;0;1;80;0
Atea Sverige AB;5564480282;Grundskolenämnden;Övriga Sverige;Solna;433;214;1018;763;222;135;461;126;181;193;155;149;422;146;150;775;94;172;122;44
Samhall Aktiebolag;5564481397;Teknik- och servicenämnden;Övriga Sverige;Stockholm;74;67;68;65;69;65;64;56;55;116;0;58;54;55;128;229;0;118;117;113
Ljus & Nöje Örebro Aktiebolag;5564492188;Grundskolenämnden;Örebro kommun;Örebro;4;0;63;10;8;9;73;5;0;11;13;6;9;6;3;0;0;9;70;6
Mickes Skog & Trädgård i Hällefors;5564496551;Gymnasie- och arbetsmarknadsnämnden;Övriga Örebro län;Hällefors;0;0;14;8;5;0;0;0;0;22;0;0;12;0;0;12;0;0;0;0
Ohlson & Winnfors Aktiebolag;5564508249;Teknik- och servicenämnden;Örebro kommun;Örebro;0;31;0;0;0;0;0;0;0;4;0;0;0;31;1;0;0;0;0;0
NERCIA Utbildning Aktiebolag;5564513611;Gymnasie- och arbetsmarknadsnämnden;Örebro kommun;Örebro;638;398;410;245;0;870;622;447;462;719;0;1046;362;380;451;364;0;685;575;391
Nexer AB;5564519345;Kommunstyrelsen;Övriga Sverige;Göteborg;0;0;0;0;0;0;0;0;0;0;0;23;42;0;0;0;0;0;0;0
Multeral AB;5564524790;Gymnasie- och arbetsmarknadsnämnden;Örebro kommun;Örebro;0;0;0;42;0;0;2;0;0;6;1;0;0;14;2;0;0;0;0;6
Omvårdnad i Skönvik Aktiebolag;5564539681;Funktionsstödsnämnden;Övriga Sverige;Hedemora;133;151;137;151;147;151;147;0;49;0;0;0;0;0;0;0;0;0;0;0
ABF Göteborg Vuxenutbildning Aktieb;5564541380;Gymnasie- och arbetsmarknadsnämnden;Övriga Sverige;Göteborg;249;52;269;208;334;761;565;871;102;143;87;730;438;114;269;197;784;593;133;708
Svea Vaccin AB;5564548849;Teknik- och servicenämnden;Övriga Sverige;Stockholm;3;1;0;2;3;14;0;10;1;3;3;0;2;1;1;1;0;1;1;6
Vibor Stödboende AB;5564558020;Socialnämnden;Övriga Sverige;Uppsala;0;0;0;0;0;0;0;0;0;0;0;317;67;27;0;0;0;0;0;0
Närkes Traktorcenter Aktiebolag;5564564564;Teknik- och servicenämnden;Övriga Örebro län;Kumla;0;4;4;1;18;0;0;6;0;4;697;0;9;1;11;23;0;23;16;0
SIFU AB;5564569894;Teknik- och servicenämnden;Övriga Sverige;Göteborg;16;0;0;0;44;0;0;0;0;14;4;0;0;0;0;7;0;0;0;0
Lill-Annas Leverans Bageri Aktiebolag;5564569969;Vård- och omsorgsnämnden;Övriga Örebro län;Kumla;9;0;3;7;5;11;21;10;19;18;19;19;44;15;26;19;16;34;21;19
Eskilstuna Energi och Miljö Aktiebo;5564581907;Teknik- och servicenämnden;Övriga Sverige;Eskilstuna;420;976;1714;966;421;404;874;0;454;883;623;465;386;349;0;0;0;0;0;0
GoldPen Computing Aktiebolag;5564586237;Kommunstyrelsen;Övriga Sverige;Linköping;0;0;4;2;2;2;2;0;4;2;10;2;0;2;4;2;0;4;0;47
Vittraskolorna AB;5564586716;Grundskolenämnden;Övriga Sverige;Stockholm;1466;1462;1461;1443;1427;1483;1185;1185;2320;1488;1546;1752;1510;1607;1583;1561;1593;1850;1419;1419
Essen Rör Aktiebolag;5564593431;Markplanerings- och exploateringsnämnden;Örebro kommun;Örebro;489;237;390;175;358;451;738;185;62;1050;224;700;403;13;216;49;0;0;0;0
Karaffen Förvaltnings Aktiebolag;5564593837;Gymnasie- och arbetsmarknadsnämnden;Örebro kommun;Örebro;5;14;4;0;1;0;0;0;21;0;0;18;0;10;0;6;0;4;0;2
LP Signalutveckling Aktiebolag;5564595303;Teknik- och servicenämnden;Övriga Sverige;Stockholm;0;0;0;0;0;0;0;0;0;0;0;0;580;0;0;0;0;0;0;0
Varsam Aktiebolag;5564612959;Vård- och omsorgsnämnden;Örebro kommun;Örebro;3;4;7;4;13;7;5;4;10;27;5;21;7;7;8;11;5;15;28;1
Internationella Engelska Skolan i S;5564624368;Grundskolenämnden;Övriga Sverige;Danderyd;5323;5296;5282;5311;5265;5367;5053;5043;5909;5503;5478;5980;5298;5533;5477;5438;5501;6549;5214;5214
Stämpelgravyr & Skylt i Örebro Akti;5564627643;Vård- och omsorgsnämnden;Örebro kommun;Örebro;16;1;17;1;2;10;60;3;4;2;12;64;7;3;10;9;10;62;11;8
Europea i Malmö AB;5564640323;Funktionsstödsnämnden;Övriga Sverige;Malmö;0;0;21;99;0;0;0;0;0;0;0;262;0;0;0;0;0;0;0;0
RISE RESEARCH INSTITUTES OF SWEDEN;5564646874;Teknik- och servicenämnden;Övriga Sverige;Borås;0;0;0;15;6;15;125;0;0;0;0;0;53;0;13;2;0;10;137;0
Rytmus AB;5564648979;Gymnasie- och arbetsmarknadsnämnden;Övriga Sverige;Stockholm;691;691;689;690;690;690;607;607;721;636;619;697;632;622;622;625;637;1154;517;0
Hotel Sign Aktiebolag;5564660107;Förskolenämnden;Övriga Sverige;Stockholm;0;0;0;0;84;0;0;0;0;0;0;0;0;0;0;0;0;0;0;0
Infosoc rättsdata Aktiebolag;5564682788;Socialnämnden;Övriga Sverige;Jönköping;7;35;0;0;35;0;0;35;0;0;12;0;0;24;0;0;24;5;0;30
Linde Energi Elnät AB;5564685278;Kultur- och fritidsnämnden;Övriga Örebro län;Lindesberg;118;133;76;49;32;35;23;28;26;29;40;102;365;168;43;40;28;21;28;23
Centrumledningsbolaget i Örebro AB;5564689718;Kommunstyrelsen;Örebro kommun;Örebro;172;1329;42;127;25;30;30;1304;0;150;561;306;31;1379;71;192;-17;28;215;1335
Eitech Electro AB;5564690732;Funktionsstödsnämnden;Örebro kommun;Örebro;66;0;2;15;0;4;14;0;12;0;0;14;7;0;6;12;0;4;12;0
Scanbox Entertainment Sweden AB;5564691979;Kultur- och fritidsnämnden;Övriga Sverige;Stockholm;3;1;0;16;0;0;3;0;0;2;3;2;4;3;4;8;4;0;0;4
Blomsterlandet i Sverige AB;5564693520;Vård- och omsorgsnämnden;Övriga Sverige;Mölnlycke;19;9;19;47;49;59;72;8;21;28;42;42;27;22;18;55;34;125;146;9
Nytida AB;5564701901;Funktionsstödsnämnden;Övriga Sverige;Solna;88;167;150;167;163;167;162;0;630;440;549;407;108;327;488;413;193;199;290;399
Hydria Water AB;5564709326;Teknik- och servicenämnden;Övriga Sverige;Borås;0;0;0;87;170;0;322;0;0;0;13;14;10;0;0;0;58;201;18;0
Infracontrol AB;5564710829;Kommunstyrelsen;Övriga Sverige;Göteborg;0;0;11;0;0;11;0;0;11;0;0;11;0;0;11;0;0;11;0;0
Elgiganten Aktiebolag;5564714474;Kultur- och fritidsnämnden;Övriga Sverige;Stockholm;15;0;43;4;10;26;19;23;65;19;52;34;26;27;1;12;17;5;4;0
Utvecklingspedagogik Sverige Aktieb;5564715729;Funktionsstödsnämnden;Övriga Sverige;Sollentuna;154;158;146;158;154;160;108;43;0;0;43;0;0;0;0;0;0;0;0;0
Ninetech AB;5564718822;Vård- och omsorgsnämnden;Övriga Sverige;Karlstad;0;0;0;95;14;34;7;0;6;7;3;0;6;0;19;6;0;15;6;6
Aktiebolaget Hatten;5564719820;Socialnämnden;Övriga Sverige;Älvsjö;0;0;0;0;0;0;0;0;0;0;0;0;0;0;0;0;50;0;0;0
BARA mineraler Aktiebolag;5564725397;Markplanerings- och exploateringsnämnden;Övriga Sverige;Bara;0;0;0;0;0;0;0;0;0;0;0;0;0;0;0;0;0;263;0;0
Sagitta Pedagog AB;5564726189;Gymnasie- och arbetsmarknadsnämnden;Övriga Sverige;Mariestad;39;15;5;6;15;26;11;0;38;77;16;48;105;6;17;36;58;31;20;11
Devisum Affärssystem AB;5564729050;Teknik- och servicenämnden;Övriga Sverige;Västerås;12;0;2;0;0;2;11;2;-4;0;0;0;12;0;0;0;0;11;12;0
Svenskt Vatten AB;5564735248;Teknik- och servicenämnden;Övriga Sverige;Bromma;18;42;22;37;0;0;2;0;0;9;22;209;8;120;10;33;81;2;3;0
Storstenshöjden AB;5564742657;Kultur- och fritidsnämnden;Örebro kommun;Garphyttan;0;0;18;0;0;6;0;0;0;0;0;0;50;0;0;10;10;10;20;0
Mera Förlaget i Partille AB;5564755360;Grundskolenämnden;Övriga Sverige;Göteborg;0;0;0;19;4;0;0;0;1;0;18;1;2;0;0;18;2;1;0;0
Rosenhill Tonårshem AB;5564763398;Socialnämnden;Övriga Sverige;Falun;0;0;0;0;0;0;0;0;0;0;0;153;0;0;0;0;0;0;0;0
Accent Fastighets AB;5564763729;Kommunstyrelsen;Örebro kommun;Örebro;22;0;0;0;0;0;0;0;0;0;0;0;0;0;0;0;0;22;22;22
BRAVA Vattenrening AB;5564768942;Markplanerings- och exploateringsnämnden;Övriga Sverige;Enskede;7;148;27;64;56;24;56;7;35;18;10;11;2;5;29;54;66;96;18;88
Sharp Business Systems Sverige AB;5564770237;Teknik- och servicenämnden;Övriga Sverige;Bromma;138;12;5;52;0;0;0;0;15;20;0;33;0;6;5;0;0;0;0;0
Attendo Individ och familj AB;5564778958;Socialnämnden;Övriga Sverige;Stockholm;942;0;850;449;394;269;66;200;399;193;201;194;201;0;606;270;0;534;264;198
Batterielektronik Sverige AB;5564780541;Teknik- och servicenämnden;Övriga Sverige;Landskrona;0;0;0;0;0;80;0;0;0;0;6;27;0;0;0;8;0;59;0;0
Botek Systems Aktiebolag;5564784717;Teknik- och servicenämnden;Övriga Sverige;Ulricehamn;9;55;0;6;0;28;50;0;27;16;6;6;10;6;8;68;26;33;22;6
Flügger Sweden AB;5564792116;Gymnasie- och arbetsmarknadsnämnden;Övriga Sverige;Bollebygd;67;12;2;3;1;2;27;2;6;18;5;7;18;9;5;25;10;5;25;20
Asteri Facility Solutions AB;5564794021;Förskolenämnden;Övriga Sverige;Solna;308;38;361;350;722;37;787;218;777;529;475;866;342;25;378;402;0;0;0;0
PallTech AB;5564800521;Kultur- och fritidsnämnden;Örebro kommun;Odensbacken;0;0;0;0;0;0;0;0;0;0;0;0;0;0;0;0;0;0;57;0
Håltagar?n i Kumla Aktiebolag;5564802774;Teknik- och servicenämnden;Övriga Örebro län;Kumla;0;0;0;0;0;0;3;0;0;0;73;0;0;0;0;0;0;5;0;0
MK Illumination AB;5564817806;Teknik- och servicenämnden;Övriga Sverige;Malmö;0;0;0;0;0;0;0;197;462;0;0;0;0;0;0;0;0;0;0;0
Båktorp AB;5564834363;Socialnämnden;Övriga Sverige;Nyköping;0;0;207;315;148;1;0;206;206;200;0;0;0;0;0;0;0;0;244;210
Vink Essåplast Group AB;5564849270;Kultur- och fritidsnämnden;Övriga Sverige;Malmö;0;0;0;0;29;0;13;0;0;0;0;0;3;3;43;2;0;0;0;0
Ljud & Bildskolan LBS AB;5564851649;Gymnasie- och arbetsmarknadsnämnden;Övriga Sverige;Stockholm;890;879;900;900;859;870;684;684;1350;889;871;1034;880;913;902;867;883;1618;744;0
DAB Group AB;5564852159;Teknik- och servicenämnden;Övriga Sverige;Göteborg;26;0;0;0;0;0;0;0;2572;0;0;0;0;0;0;0;100;71;0;0
Proffsgymnasiet Örebro AB;5564869161;Gymnasie- och arbetsmarknadsnämnden;Övriga Sverige;Stockholm;1535;1538;1529;1507;1535;1515;1505;1505;2105;1723;1609;1795;1571;1612;1572;1575;1556;2907;1351;0
Magelungen Utveckling AB;5564891447;Socialnämnden;Övriga Sverige;Stockholm;1267;1515;1345;1397;1458;1444;887;706;946;1322;1190;1106;1217;1008;1380;1283;1352;1391;1021;871
Säljar'n i Närke Aktiebolag;5564897600;Markplanerings- och exploateringsnämnden;Örebro kommun;Örebro;129;53;101;121;68;91;89;78;58;148;167;114;68;167;45;142;76;139;191;49
Effect Management Development AB;5564899663;Kommunstyrelsen;Övriga Sverige;Karlstad;42;0;0;0;0;3;0;0;0;0;0;49;0;0;0;33;111;178;221;0
Möbelmästarna i Örebro AB;5564899804;Vård- och omsorgsnämnden;Örebro kommun;Örebro;0;0;0;0;0;0;0;0;0;0;0;95;0;0;0;0;0;0;0;0
CRUX Klätter och Säkerhetsutrustning AB;5564908662;Teknik- och servicenämnden;Övriga Sverige;Uppsala;0;0;0;0;7;0;0;0;0;0;0;0;0;0;57;9;0;0;0;0
Skago Aktiebolag;5564914207;Grundskolenämnden;Örebro kommun;Örebro;18;0;0;0;0;4;29;0;0;0;1;0;0;0;0;2;0;47;44;8
Stockholm Business Region AB;5564916798;Kommunstyrelsen;Övriga Sverige;Stockholm;18;0;0;0;641;0;53;0;0;0;0;0;0;0;0;0;643;0;0;44
BIA Cleantech AB;5564917002;Teknik- och servicenämnden;Övriga Sverige;Köping;0;0;0;0;0;0;0;0;0;155;0;0;0;0;0;0;0;0;0;0
H. Einarsson Byggnads Aktiebolag;5564919776;Vård- och omsorgsnämnden;Övriga Örebro län;Karlskoga;0;105;64;0;0;0;168;0;0;0;0;0;0;0;0;0;0;24;0;0
El-Info i Växjö Aktiebolag;5564921756;Teknik- och servicenämnden;Övriga Sverige;Växjö;3;0;1;14;0;0;0;0;0;0;17;0;0;3;2;15;0;9;0;0
ACTIC Sverige AB;5564943388;Gymnasie- och arbetsmarknadsnämnden;Övriga Sverige;Solna;3;2;3;2;11;3;2;3;3;1;10;21;15;1;2;-3;1;1;2;2
Insight Events Sweden AB;5564961497;Teknik- och servicenämnden;Övriga Sverige;Stockholm;0;0;31;11;0;9;15;3;8;5;4;9;0;0;0;-1;9;7;34;0
Enera International Aktiebolag;5564962321;Teknik- och servicenämnden;Övriga Sverige;Mölndal;0;0;24;22;0;42;0;0;382;0;0;0;0;0;0;0;0;0;0;4
Södergren & Einarsson Aktiebolag;5564962966;Socialnämnden;Övriga Örebro län;Lindesberg;0;0;0;0;0;0;0;0;0;0;0;0;0;0;0;0;0;0;147;0
Maskin & Kompressorservice i Örebro;5564978483;Teknik- och servicenämnden;Örebro kommun;Örebro;172;0;0;0;93;0;0;82;79;0;34;45;49;0;0;7;0;0;2;0
Svepark Service AB;5564992179;Teknik- och servicenämnden;Övriga Sverige;Uppsala;21;0;59;0;0;30;0;0;0;0;0;0;101;59;0;0;0;0;100;0
Caremore Vård och Behandling AB;5564997319;Socialnämnden;Övriga Sverige;Stockholm;0;0;0;0;0;0;0;0;0;139;164;333;104;0;0;0;0;0;0;0
San Sac AB;5565011227;Teknik- och servicenämnden;Övriga Sverige;Linköping;124;108;307;1609;359;22;240;0;243;181;117;160;185;132;70;260;24;504;173;329
Robur Safe Aktiebolag;5565014445;Vård- och omsorgsnämnden;Övriga Sverige;Slöinge;44;0;14;81;25;24;8;0;0;26;23;96;0;0;0;0;51;46;63;1
Länsgården Fastigheter Aktiebolag;5565018370;Vård- och omsorgsnämnden;Örebro kommun;Örebro;1009;84;60;13;64;894;0;124;49;61;8;110;2713;968;44;11;32;1686;452;493
Trafik & Fritid Skandinavien AB;5565019113;Kultur- och fritidsnämnden;Övriga Sverige;Löddeköpinge;0;0;0;0;0;0;0;0;0;0;0;0;0;0;0;0;0;93;2;0
Karlslunds Herrgård AB;5565028502;Markplanerings- och exploateringsnämnden;Örebro kommun;Örebro;0;0;76;0;4;1;0;0;0;0;0;0;0;0;0;0;0;16;0;0
Portspecialisten Örebro Aktiebolag;5565040556;Teknik- och servicenämnden;Örebro kommun;Örebro;0;0;0;13;0;75;2;0;18;7;0;0;52;0;0;0;0;0;0;0
DisCap Sweden Aktiebolag;5565048419;Teknik- och servicenämnden;Övriga Sverige;Saltsjö-Boo;0;0;0;0;0;54;0;0;0;0;0;0;0;0;0;0;0;0;0;0
CARLHAG AB;5565050803;Teknik- och servicenämnden;Övriga Sverige;Karlstad;1;0;0;0;0;0;1;0;0;16;20;0;3;14;0;0;7;0;0;0
Karlskoga Energi och Miljö AB;5565074126;Teknik- och servicenämnden;Övriga Örebro län;Karlskoga;438;497;432;456;467;0;850;405;403;466;499;421;0;926;405;0;1233;431;448;403
Frösunda Omsorg AB;5565092482;Funktionsstödsnämnden;Övriga Sverige;Stockholm;1623;0;3181;1671;1625;1530;1480;1530;1530;1480;1530;1480;1530;0;3119;1719;0;3383;1664;1719
Kaeser Kompressorer AB;5565097879;Teknik- och servicenämnden;Övriga Sverige;Täby;0;28;0;12;0;9;0;0;37;41;0;32;0;5;17;0;0;30;0;5
Getinge Sverige Aktiebolag;5565099511;Vård- och omsorgsnämnden;Övriga Sverige;Getinge;7;0;1;0;0;0;2;1;0;10;10;0;1;5;0;15;10;0;0;6
Mats Oldmark AB;5565104196;Grundskolenämnden;Örebro kommun;Odensbacken;14;20;11;11;17;13;11;15;12;9;17;21;23;12;10;19;9;21;20;16
Erikssons Bygg i Mellansverige AB;5565104337;Vård- och omsorgsnämnden;Övriga Örebro län;Lindesberg;0;0;0;0;0;0;0;0;0;0;0;0;0;0;0;0;186;0;0;0
Trans Art i Varberg AB;5565126025;Kultur- och fritidsnämnden;Övriga Sverige;Varberg;2;0;0;2;31;3;8;0;0;8;0;0;21;0;0;2;0;0;2;0
Trident Industri AB;5565137634;Funktionsstödsnämnden;Övriga Sverige;Ängelholm;0;0;0;0;0;0;4;0;0;0;0;114;0;0;5;0;0;0;100;11
Comlink AB;5565140190;Teknik- och servicenämnden;Övriga Sverige;Kungsbacka;0;86;1;0;11;0;0;10;0;0;12;0;0;11;0;0;10;0;0;10
Svefa Aktiebolag;5565143434;Markplanerings- och exploateringsnämnden;Övriga Sverige;Stockholm;9;0;138;60;2;22;22;2;35;56;0;23;17;0;75;21;4;55;25;0
Silf Competence AB;5565153680;Kommunstyrelsen;Övriga Sverige;Stockholm;0;0;0;0;0;0;0;0;0;0;114;0;0;0;0;0;0;0;0;0
Visma PubliTech AB;5565156196;Kommunstyrelsen;Övriga Sverige;Stockholm;37;0;118;40;52;27;45;0;70;49;97;51;34;22;101;55;0;59;43;35
Know IT Karlstad AB;5565158069;Teknik- och servicenämnden;Övriga Sverige;Stockholm;0;5;5;0;10;5;5;0;10;0;10;5;5;0;0;0;0;0;0;0
Notisum AB;5565162467;Teknik- och servicenämnden;Övriga Sverige;Malmö;0;0;37;0;0;0;0;0;0;0;0;0;0;0;37;0;0;0;0;0
Randstad Risesmart AB;5565177143;Kommunstyrelsen;Övriga Sverige;Solna;66;66;124;54;103;30;0;0;89;59;51;89;30;59;89;0;29;133;74;0
WEMAB - Wennlöf Miljöåtervinning AB;5565182994;Teknik- och servicenämnden;Örebro kommun;Örebro;362;1;614;44;0;3;0;4;6;3;11;0;0;3;1;7;0;159;19;69
Meby Behandlingshem AB;5565186284;Socialnämnden;Övriga Sverige;Flen;41;0;0;81;27;0;0;0;0;188;0;92;4;0;0;0;0;162;118;122
Bahnhof AB (publ);5565199493;Kommunstyrelsen;Övriga Sverige;Stockholm;0;0;4;0;1;4;4;4;1;7;0;0;4;4;0;4;4;1;4;4
Jansson Entreprenad i Linköping AB;5565203873;Markplanerings- och exploateringsnämnden;Övriga Sverige;Linköping;0;0;0;0;0;318;562;0;114;232;0;0;0;211;694;648;506;0;0;0
NetOnNet AB;5565204137;Funktionsstödsnämnden;Övriga Sverige;Borås;40;5;5;7;13;9;17;2;7;17;50;37;24;21;10;29;2;47;16;2
EKC Sverige AB;5565207478;Teknik- och servicenämnden;Övriga Örebro län;Kumla;0;0;0;0;9;648;93;0;143;326;235;1;76;0;0;0;0;430;222;403
Lennart Holmgren Utbildning AB;5565207932;Gymnasie- och arbetsmarknadsnämnden;Övriga Sverige;Stockholm;0;6;0;24;0;0;30;0;0;0;0;0;30;0;0;0;0;0;54;0
Kläppen Ski Resort AB;5565222055;Kultur- och fritidsnämnden;Övriga Sverige;Sälen;0;0;0;0;32;0;0;0;0;0;45;0;0;0;0;0;18;0;0;0
Transtema Datelab AB;5565225728;Grundskolenämnden;Örebro kommun;Örebro;0;0;0;2;0;0;0;0;0;2;13;1;33;0;0;0;0;0;3;0
Pythagoras AB;5565233128;Kommunstyrelsen;Övriga Sverige;Stockholm;100;0;0;9;10;0;42;0;0;3;0;78;0;0;0;0;12;32;7;0
Printhuset Electra AB;5565233623;Markplanerings- och exploateringsnämnden;Övriga Sverige;Malmö;0;0;0;0;0;12;22;0;0;2;0;0;14;0;4;0;0;0;0;6
Care of Sweden AB;5565240578;Vård- och omsorgsnämnden;Övriga Sverige;Tranemo;5;96;35;57;144;272;404;140;0;87;182;52;0;13;52;92;481;78;140;0
Medtronic Aktiebolag;5565255964;Vård- och omsorgsnämnden;Övriga Sverige;Kista;0;0;26;4;0;0;0;0;0;0;0;23;0;4;0;0;0;0;0;0
Movant AB;5565265005;Gymnasie- och arbetsmarknadsnämnden;Övriga Sverige;Stockholm;0;1224;0;128;0;2177;3166;0;0;576;720;2784;1864;2137;433;1136;731;829;0;0
SpriderMaskiner AB;5565265625;Teknik- och servicenämnden;Övriga Sverige;Vårgårda;0;0;0;330;0;0;0;0;0;0;0;0;0;0;0;0;0;0;0;0
Sulzer Pumps Sweden AB;5565267910;Teknik- och servicenämnden;Övriga Sverige;Vadstena;346;0;0;0;0;0;0;429;0;0;0;0;459;70;0;0;0;0;0;0
AddSecure AB;5565272001;Teknik- och servicenämnden;Övriga Sverige;Hägersten;1;1;6;4;2;8;1;1;1;1;5;78;7;1;4;36;2;11;3;3
Ropo Capital Sweden AB;5565275418;Kommunstyrelsen;Övriga Sverige;Göteborg;7;24;0;1;6;4;5;9;0;10;4;1;0;4;1;2;1;219;0;5
Sodexo AB;5565282984;Kommunstyrelsen;Övriga Sverige;Stockholm;79;10;0;1;4;10;0;2;2;0;11;0;4;16;0;4;3;14;10;0
Halmstads Energi och Miljö AB;5565283248;Teknik- och servicenämnden;Övriga Sverige;Halmstad;0;0;0;0;0;0;0;0;0;0;0;0;0;493;639;548;561;603;575;634
Arjo Sverige AB;5565284600;Vård- och omsorgsnämnden;Övriga Sverige;Malmö;1;0;0;0;0;0;0;0;0;0;0;5;0;0;32;8;0;4;0;0
Nytida Kognitiva Center AB;5565291043;Socialnämnden;Övriga Sverige;Solna;0;0;0;0;0;0;0;0;0;0;0;0;0;0;0;0;0;85;128;64
Svenska Stadskärnor AB;5565292033;Markplanerings- och exploateringsnämnden;Övriga Sverige;Lund;24;0;0;12;13;0;7;0;0;0;0;26;0;0;0;6;6;7;0;0
Certego AB;5565295911;Markplanerings- och exploateringsnämnden;Övriga Sverige;Västerås;47;13;68;94;102;116;80;203;293;75;71;141;133;57;288;69;28;261;122;50
Vattenfall kundcenter AB;5565297065;Teknik- och servicenämnden;Övriga Sverige;Stockholm;7;4;4;4;4;5;58;2;6;7;8;7;6;0;13;6;1;11;6;6
Kunskapscompaniet Ankaret Aktiebolag;5565304028;Gymnasie- och arbetsmarknadsnämnden;Övriga Sverige;Norrköping;0;0;0;0;0;0;0;0;0;0;0;0;0;0;0;0;16;81;65;101
JE Toppteknik Holding AB;5565311882;Markplanerings- och exploateringsnämnden;Övriga Sverige;Sunne;0;0;0;0;0;0;0;0;0;0;0;146;0;0;0;0;0;0;0;0
Febro Mekan AB;5565323192;Teknik- och servicenämnden;Örebro kommun;Örebro;0;1;0;0;4;4;6;0;7;3;3;4;0;0;1;1;9;9;4;9
Lunds Gruppboende i Örebro AB;5565324026;Funktionsstödsnämnden;Övriga Sverige;Arboga;0;0;34;8;0;13;0;0;0;0;0;0;0;30;0;39;0;6;0;0
TeamEngine Group AB;5565331955;Fullmäktige och stadsrevision;Övriga Sverige;Stockholm;0;0;0;0;0;0;0;39;0;0;0;0;0;0;0;0;0;0;0;39
Hitsa AB;5565350484;Teknik- och servicenämnden;Övriga Sverige;Arlöv;0;56;56;56;56;56;56;56;56;56;56;118;56;0;113;56;56;0;56;56
PK Pump & VA-teknik AB;5565351946;Teknik- och servicenämnden;Övriga Örebro län;Åmmeberg;0;0;0;0;91;50;0;0;60;0;135;0;0;0;0;0;0;0;0;0
BodaBorg i Karlskoga Aktiebolag;5565354098;Kultur- och fritidsnämnden;Övriga Örebro län;Karlskoga;0;2;32;0;5;18;27;1;11;17;67;45;17;1;0;29;12;12;18;2
Great Security Sverige AB;5565354726;Markplanerings- och exploateringsnämnden;Övriga Sverige;Malmö;23;2;79;37;66;39;28;21;48;14;20;21;10;127;14;40;21;53;53;11
Mapei AB;5565361010;Teknik- och servicenämnden;Övriga Sverige;Bromma;0;0;0;0;0;0;0;0;0;0;0;0;0;0;0;0;0;212;0;83
Certezza AB;5565361150;Teknik- och servicenämnden;Övriga Sverige;Stockholm;0;0;0;0;0;0;0;0;0;0;3;0;0;0;5;2;0;33;12;2
TS Lokalvård Aktiebolag;5565372355;Förskolenämnden;Örebro kommun;Örebro;2932;2604;1830;1972;2096;1926;1948;377;5114;2755;2290;2095;1909;1790;1725;2056;1736;1602;219;80
Renés Tolkservice Aktiebolag;5565376117;Gymnasie- och arbetsmarknadsnämnden;Övriga Sverige;Gnesta;2;11;0;0;14;74;0;0;177;144;176;11;57;76;8;14;24;20;0;0
Textilia Tvätt & Textilservice AB;5565385043;Vård- och omsorgsnämnden;Örebro kommun;Örebro;1487;210;2193;1130;1374;1072;1441;73;2556;1219;1106;1452;1214;29;2307;1483;24;2577;1223;1233
PG Jönsson Fastigheter AB;5565385670;Kommunstyrelsen;Örebro kommun;Örebro;60;120;0;0;0;0;0;0;60;0;0;103;42;0;0;113;225;121;113;113
Ryds Bilglas AB;5565387502;Vård- och omsorgsnämnden;Övriga Sverige;Stockholm;3;11;15;5;11;6;12;14;6;6;27;18;5;5;15;29;32;5;6;13
SNF Nordic AB;5565395315;Teknik- och servicenämnden;Övriga Sverige;Svaneholm;22;0;0;0;0;0;0;26;20;0;0;0;0;0;0;23;0;0;0;0
Prenax AB;5565407474;Kultur- och fritidsnämnden;Övriga Sverige;Kista;27;9;113;32;14;25;54;12;11;61;84;163;62;1;7;26;45;7;26;0
Fora AB;5565418356;Finansiering (centralt);Övriga Sverige;Stockholm;0;0;80;0;86;0;86;0;88;0;86;86;0;0;92;0;90;0;90;0
Systematic Sweden AB;5565421590;Grundskolenämnden;Övriga Sverige;Stockholm;5;8;142;5;18;1;1;0;1;0;6;7;58;16;133;36;10;2;1;9
Zafe Care Systems AB;5565423281;Vård- och omsorgsnämnden;Övriga Sverige;Kristianstad;50;2;16;4;9;1;4;22;-3;10;17;10;255;19;6;3;2;34;5;23
Linde Material Handling AB;5565424297;Gymnasie- och arbetsmarknadsnämnden;Örebro kommun;Örebro;4;14;2;141;23;62;4;0;2;39;1;20;0;15;34;56;0;128;8;0
Scanvaegt Systems AB;5565426094;Teknik- och servicenämnden;Övriga Sverige;Kungsbacka;64;0;69;3;45;9;172;0;27;41;34;19;28;6;3;114;0;0;90;0
Guldmann Sverige Aktiebolag;5565427506;Vård- och omsorgsnämnden;Övriga Sverige;Alingsås;112;40;179;43;32;0;19;49;0;1;74;27;16;2;0;3;0;8;11;41
Objekt Vision AB;5565433447;Kommunstyrelsen;Övriga Sverige;Kalmar;92;0;0;0;0;0;92;0;0;0;0;0;92;0;0;0;0;0;92;0
Rolf Lindström Undertak AB;5565455655;Grundskolenämnden;Örebro kommun;Örebro;49;0;0;0;0;0;82;0;0;-19;0;8;0;0;9;3;0;7;0;0
Saltex AB;5565467981;Markplanerings- och exploateringsnämnden;Övriga Sverige;Landskrona;178;0;0;9;12;0;0;0;0;0;13;132;47;0;0;0;0;14;0;3
Släpis Aktiebolag;5565468377;Teknik- och servicenämnden;Övriga Sverige;Ängelholm;9;3;0;0;0;0;0;1;0;0;1;13;0;24;30;5;0;7;1;0
Rytab Montage AB;5565468484;Vård- och omsorgsnämnden;Örebro kommun;Örebro;0;0;71;55;0;112;109;0;0;56;0;47;10;59;73;0;56;2;0;0
Momentum Industrial AB;5565470134;Teknik- och servicenämnden;Övriga Sverige;Göteborg;10;2;9;15;35;56;19;5;29;15;9;18;4;11;41;1;20;1;1;25
Håbeco Protection AB;5565472312;Grundskolenämnden;Övriga Sverige;Göteborg;0;22;-7;1;0;13;9;0;0;1;2;4;2;0;0;0;5;5;9;0
Rosenqvist försäljnings AB;5565474359;Teknik- och servicenämnden;Örebro kommun;Stora Mellösa;0;0;0;0;0;0;0;0;102;111;0;0;0;0;0;0;0;0;0;0
Granngården AB;5565476172;Teknik- och servicenämnden;Övriga Sverige;Malmö;16;4;4;0;75;9;2;0;0;5;55;-18;55;5;39;2;1;2;1;4
Fortum Markets AB;5565490678;Kultur- och fritidsnämnden;Övriga Sverige;Solna;3;3;4;4;3;2;2;1;2;2;2;3;4;3;7;7;4;3;3;2
Lager 157 AB;5565492690;Socialnämnden;Övriga Sverige;Gällstad;5;0;3;3;1;3;3;4;0;2;13;4;13;4;4;2;0;0;0;0
Viljan SelfHelp AB;5565495610;Socialnämnden;Övriga Sverige;Stockholm;0;0;0;0;0;79;64;98;29;0;0;0;0;0;251;104;0;114;0;64
Pär Sonesson & Company AB;5565497228;Socialnämnden;Övriga Sverige;Stockholm;128;0;211;53;163;0;218;0;215;102;53;102;159;0;95;0;0;0;0;0
Telia Cygate AB;5565498952;Kommunstyrelsen;Övriga Sverige;Solna;0;0;1;1;0;0;4;0;10;21;411;26;152;0;0;87;87;87;113;114
Svan Care AB;5565505582;Vård- och omsorgsnämnden;Övriga Sverige;Ludvika;0;48;0;0;0;0;0;0;0;0;0;0;0;0;0;0;0;61;58;0
Sundbyholms Slott AB;5565506093;Förskolenämnden;Övriga Sverige;Eskilstuna;0;29;28;0;29;44;0;1;13;28;0;25;3;17;3;0;17;13;0;0
Sokigo AB;5565506309;Bygg- och miljönämnden;Övriga Sverige;Köping;58;0;80;38;9;50;5;0;103;87;0;763;250;0;305;0;0;72;5;0
RL Gruppen AB;5565509030;Teknik- och servicenämnden;Övriga Sverige;Trelleborg;86;0;0;0;0;0;0;0;0;0;0;0;0;0;0;86;0;0;0;0
DHI Sverige AB;5565509600;Markplanerings- och exploateringsnämnden;Övriga Sverige;Göteborg;0;0;0;18;15;119;84;19;0;20;11;39;163;122;0;50;0;0;60;0
JCDecaux Sverige AB;5565512661;Markplanerings- och exploateringsnämnden;Övriga Sverige;Stockholm;0;46;0;0;0;0;0;0;0;0;0;0;26;0;0;0;0;0;0;0
Vaza Konditori i Örebro Aktiebolag;5565526059;Grundskolenämnden;Örebro kommun;Örebro;157;61;99;99;59;70;112;7;39;92;51;69;160;42;108;57;50;88;207;5
Malmens Friskola AB;5565528022;Gymnasie- och arbetsmarknadsnämnden;Övriga Sverige;Gällivare;8;24;10;8;8;8;0;0;0;32;18;18;16;16;16;16;16;37;21;0
Aimo Park Sweden AB;5565535548;Vård- och omsorgsnämnden;Övriga Sverige;Stockholm;23;20;50;35;31;72;30;26;51;38;24;79;29;27;67;43;24;81;29;24
Tursbo Rehab AB;5565537270;Socialnämnden;Övriga Sverige;Skillingaryd;156;161;29;62;0;163;78;0;210;124;80;74;0;30;76;57;0;0;0;0
EastCoast Solutions AB;5565546883;Kommunstyrelsen;Övriga Sverige;Lund;4;4;7;8;12;16;12;0;6;12;0;22;0;6;12;6;0;6;16;8
Flowbird Sverige AB;5565548293;Teknik- och servicenämnden;Övriga Sverige;Stockholm;56;355;65;62;376;86;135;318;69;127;341;88;178;334;47;44;257;168;173;637
Vixor & Co Aktiebolag;5565550026;Teknik- och servicenämnden;Övriga Sverige;Hisings Backa;1735;408;0;1084;678;625;242;0;15;242;316;221;291;0;437;366;166;210;302;0
Eltel Networks Infranet AB;5565551073;Vård- och omsorgsnämnden;Övriga Sverige;Bromma;0;0;146;106;17;29;100;0;0;28;63;69;32;6;18;49;12;59;0;44
Trivector Traffic AB;5565551701;Markplanerings- och exploateringsnämnden;Övriga Sverige;Lund;0;0;23;0;0;18;4;0;2;44;141;96;0;17;0;0;22;150;18;0
Forenede Service AB;5565555272;Gymnasie- och arbetsmarknadsnämnden;Övriga Sverige;Malmö;783;8;2481;1202;1255;971;1417;217;2953;1116;1180;1131;1075;1111;171;2;0;0;0;0
Insight Technology Solutions AB;5565559522;Kommunstyrelsen;Övriga Sverige;Kista;133;0;0;17;2;0;56;0;62;0;66;0;-36;0;194;0;0;0;161;161
Swedish Film AB;5565565925;Grundskolenämnden;Övriga Sverige;Solna;24;166;445;0;0;0;0;0;0;0;1;0;0;252;422;0;0;0;0;0
Iris Utvecklingscenter AB;5565568846;Socialnämnden;Övriga Sverige;Stockholm;430;0;776;324;30;802;471;0;951;374;264;201;142;54;330;108;0;24;0;69
FJ´s Reparationsteknik AB;5565574935;Kultur- och fritidsnämnden;Övriga Sverige;Linghem;0;0;0;0;0;0;0;0;0;0;0;0;0;0;0;0;0;0;0;151
Algots Familjehem AB;5565577938;Socialnämnden;Övriga Sverige;Uppsala;0;0;0;0;0;0;0;0;0;0;0;1069;0;619;553;1053;0;837;74;790
Systemtruckar Sverige AB;5565590196;Teknik- och servicenämnden;Örebro kommun;Örebro;3;0;6;19;3;3;3;0;6;3;9;6;3;0;6;3;0;6;31;19
Inera AB;5565594230;Kommunstyrelsen;Övriga Sverige;Stockholm;15;0;0;73;0;0;12;10;0;22;150;16;22;0;0;22;0;0;22;0
Ramirent AB;5565594610;Teknik- och servicenämnden;Övriga Sverige;Kungsängen;6;0;5;4;1;6;0;3;3;5;3;105;3;16;116;123;11;5;13;9
Mowic AB;5565606893;Teknik- och servicenämnden;Övriga Sverige;Sollentuna;22;0;22;0;0;0;22;0;0;22;0;22;0;0;0;0;0;0;0;0
Fresenius Kabi AB;5565616058;Vård- och omsorgsnämnden;Övriga Sverige;Uppsala;27;37;41;31;27;30;45;39;52;44;32;27;18;33;30;35;12;22;32;31
Spoon Agency AB;5565618989;Kommunstyrelsen;Övriga Sverige;Stockholm;420;132;192;47;239;82;194;0;-34;102;0;335;182;0;47;14;3;383;192;0
NeH Svenska AB;5565619193;Gymnasie- och arbetsmarknadsnämnden;Örebro kommun;Örebro;73;0;0;0;0;0;0;0;23;0;0;0;0;0;5;0;0;0;0;0
Uddevalla Teknikcenter AB;5565620621;Grundskolenämnden;Övriga Sverige;Uddevalla;24;28;7;0;6;2;9;0;0;20;10;0;18;3;13;12;5;0;12;4
Euromekanik AB;5565620712;Teknik- och servicenämnden;Övriga Sverige;Göteborg;0;0;22;13;0;0;0;0;0;269;0;0;25;0;0;0;0;0;0;0
Evenemangsspecialisten i Örebro Akt;5565621751;Vård- och omsorgsnämnden;Örebro kommun;Örebro;20;0;0;0;0;0;0;7;0;8;0;0;43;0;0;0;0;0;4;8
KSAB Utemiljö AB;5565637914;Markplanerings- och exploateringsnämnden;Övriga Sverige;Västerås;60;0;0;0;0;0;0;0;0;0;0;0;0;0;0;0;0;0;18;0
Topia Landskapsarkitekter AB;5565660270;Markplanerings- och exploateringsnämnden;Övriga Sverige;Stockholm;115;0;21;0;22;0;54;29;0;21;18;1;0;2;38;27;28;1;0;0
Kunskapsskolan i Sverige Aktiebolag;5565661815;Grundskolenämnden;Övriga Sverige;Stockholm;3038;3010;3008;3009;3060;3052;2708;2708;4457;3324;3248;3707;3232;3445;3392;3362;3371;4012;3183;3199
TicTac Learn AB;5565677266;Kommunstyrelsen;Övriga Sverige;Malmö;0;0;0;0;0;0;0;0;0;0;0;0;101;0;0;0;0;0;0;0
Peab Anläggning AB;5565686721;Markplanerings- och exploateringsnämnden;Övriga Sverige;Solna;2399;0;3;2160;3594;3550;5791;1649;5304;3430;3054;63;2228;1237;1788;0;0;811;975;90
Gocciani AB;5565688065;Gymnasie- och arbetsmarknadsnämnden;Övriga Sverige;Stora Höga;0;1;0;5;3;4;18;0;18;11;3;13;73;0;1;7;0;8;0;0
KPA Pensionsservice Aktiebolag;5565691077;Finansiering (centralt);Övriga Sverige;Stockholm;16453;16391;124914;16214;15373;103715;16126;16365;97726;16958;16418;96998;16277;16465;119836;16437;16301;101052;16663;16354
Åtta.45 Tryckeri AB;5565696068;Vård- och omsorgsnämnden;Övriga Sverige;Järfälla;227;32;116;105;63;158;135;-5;129;135;47;165;266;3;52;273;41;234;78;14
Restaurang Tybble i Örebro AB;5565700589;Grundskolenämnden;Örebro kommun;Örebro;0;0;10;0;31;1;1;0;0;0;1;1;0;1;0;0;1;2;5;0
Explizit Public Service AB;5565703831;Kommunstyrelsen;Övriga Sverige;Skellefteå;0;0;19;0;0;10;19;0;19;0;0;0;0;4;65;8;0;10;18;0
Winassist System Aktiebolag;5565706073;Teknik- och servicenämnden;Övriga Sverige;Sollentuna;4;0;7;7;8;1;5;0;8;5;8;1;6;8;1;6;0;11;6;8
Folkets Bio AB;5565712618;Kultur- och fritidsnämnden;Övriga Sverige;Stockholm;23;4;16;2;3;10;1;0;1;0;18;6;2;6;10;2;3;1;0;1
Lärande i Sverige AB;5565715892;Gymnasie- och arbetsmarknadsnämnden;Övriga Sverige;Norrköping;1529;1506;1576;1551;1551;1551;1568;1568;2528;1883;1868;1880;1688;1780;1734;1714;1715;3424;1668;0
HKC Hotel Örebro Plaza AB;5565716601;Gymnasie- och arbetsmarknadsnämnden;Övriga Sverige;Stockholm;32;7;13;22;4;72;5;2;0;90;7;0;16;0;4;6;41;5;74;4
Vestre Sverige AB (VESTREAB);5565722344;Teknik- och servicenämnden;Övriga Sverige;Torsby;0;0;0;0;0;0;0;0;0;0;0;0;0;0;0;98;216;0;94;0
Viksjö Gård Behandlingshem &  Psykotera;5565728556;Socialnämnden;Övriga Sverige;Järfälla;0;0;0;0;0;109;164;0;169;60;0;0;0;0;0;0;0;0;0;0
Poolia Executive Search AB;5565736336;Kommunstyrelsen;Övriga Sverige;Johanneshov;0;0;119;0;135;42;0;0;0;0;0;0;0;0;0;0;0;0;0;0
Slättö Kvarn Aktiebolag;5565743258;Markplanerings- och exploateringsnämnden;Övriga Sverige;Forsheda;0;0;0;0;0;0;0;0;0;0;0;114;0;0;0;0;0;0;0;0
Aerzen Scandinavia AB;5565746061;Teknik- och servicenämnden;Övriga Sverige;Kungälv;0;0;0;0;0;0;0;0;0;0;0;0;0;26;0;12;16;0;0;0
SEB Kort Bank AB;5565746624;Gymnasie- och arbetsmarknadsnämnden;Övriga Sverige;Stockholm;26;31;62;91;48;40;31;18;76;138;53;100;0;0;0;0;0;0;0;0
Calluna AB;5565750675;Markplanerings- och exploateringsnämnden;Övriga Sverige;Nacka;184;0;114;122;121;28;15;0;0;184;103;145;156;75;111;389;11;274;234;34
SjötorpsHus AB;5565750691;Markplanerings- och exploateringsnämnden;Övriga Sverige;Katrineholm;0;0;0;0;0;0;0;0;0;0;0;0;0;0;0;0;0;802;1581;0
Swecon Anläggningsmaskiner AB;5565751137;Teknik- och servicenämnden;Övriga Sverige;Eskilstuna;372;77;211;52;2;0;14;185;5;7;11;37;24;351;21;3690;21;67;43;0
NonStop Entertainment AB;5565752770;Kultur- och fritidsnämnden;Övriga Sverige;Stockholm;2;0;0;5;20;1;5;2;0;4;2;12;1;7;10;3;0;2;0;0
Iver Sverige AB;5565753042;Kommunstyrelsen;Övriga Sverige;Solna;11;23;0;27;0;0;0;28;0;24;0;12;0;34;0;33;0;0;29;0
Maskin Väst AB;5565758082;Teknik- och servicenämnden;Övriga Sverige;Karlstad;8;0;17;8;33;8;8;0;15;8;8;8;0;8;9;8;0;9;15;1
Norlandia Care AB;5565762266;Vård- och omsorgsnämnden;Övriga Sverige;Skene;4872;5028;4484;4972;4913;4903;4765;5077;5026;9982;0;4860;5431;5201;4706;9941;0;5114;10121;40
JOBmeal AB;5565765954;Teknik- och servicenämnden;Övriga Sverige;Stockholm;37;20;40;40;32;12;38;17;32;54;23;45;30;19;31;48;19;30;72;2
Repslagar?n i Örebro Aktiebolag;5565773982;Kultur- och fritidsnämnden;Örebro kommun;Örebro;0;0;0;0;5;63;1;3;-1;0;0;0;0;0;0;0;20;24;0;0
Apotekstjänst Sverige AB;5565774097;Vård- och omsorgsnämnden;Övriga Sverige;Lidingö;147;140;156;104;34;283;176;152;160;139;164;152;134;173;155;160;202;181;173;192
W-M Alitea AB;5565779336;Teknik- och servicenämnden;Övriga Sverige;Stockholm;0;0;0;0;0;24;0;0;0;11;0;0;0;11;0;0;0;14;1;0
Depona AB;5565783007;Kommunstyrelsen;Övriga Sverige;Falun;0;0;0;0;0;0;0;0;0;444;0;1;0;114;0;9;0;0;0;2
Visma Draftit AB;5565783957;Grundskolenämnden;Övriga Sverige;Malmö;0;165;15;0;0;0;0;0;0;0;15;0;0;0;0;0;0;0;0;0
Datscha AB;5565787503;Markplanerings- och exploateringsnämnden;Övriga Sverige;Stockholm;0;0;0;0;0;0;0;0;0;20;20;0;0;0;20;0;0;0;0;0
DBGY Juvelen AB;5565789129;Gymnasie- och arbetsmarknadsnämnden;Övriga Sverige;Stockholm;1744;1726;1726;1709;1707;1707;1569;1569;2617;1949;1945;2230;1905;1892;1906;1908;1906;3549;1662;0
Skogsmateriel-Nordforest Aktiebolag;5565791349;Gymnasie- och arbetsmarknadsnämnden;Övriga Sverige;Hammerdal;0;2;0;0;0;0;0;0;0;36;7;0;0;0;0;0;0;11;0;0
Arla Foods AB;5565794400;Teknik- och servicenämnden;Övriga Sverige;Solna;1084;1227;1308;1392;1253;1300;930;547;1250;1701;1256;1526;1134;1268;1221;1641;1088;1313;948;639
Örebro KontorsGruppen AB;5565795555;Grundskolenämnden;Örebro kommun;Örebro;17;14;22;15;12;35;14;16;21;41;12;29;13;15;24;15;13;26;22;15
Johnér Bildbyrå AB;5565796082;Kommunstyrelsen;Övriga Sverige;Stockholm;0;0;0;0;0;0;0;0;0;53;0;0;0;0;0;0;0;0;0;0
Hagmans Tak Mitt AB;5565816096;Markplanerings- och exploateringsnämnden;Övriga Örebro län;Karlskoga;80;201;140;46;138;0;147;0;0;2;0;119;0;26;0;114;43;47;0;0
SSRS Stora Hotellet Stadshotellet Ö;5565817532;Kultur- och fritidsnämnden;Örebro kommun;Örebro;55;2;17;17;19;26;12;0;0;1;2;2;2;0;6;1;0;0;3;0
Lindhska Bokhandeln AB;5565823902;Grundskolenämnden;Örebro kommun;Örebro;4;1;6;2;2;0;3;0;-1;0;1;4;5;2;1;1;0;0;20;0
awp design AB;5565832879;Kultur- och fritidsnämnden;Övriga Sverige;Skogås;11;23;0;0;19;15;5;0;0;17;26;0;9;0;10;6;30;5;0;0
Ryds Glas AB;5565846234;Markplanerings- och exploateringsnämnden;Övriga Sverige;Helsingborg;18;37;49;108;45;43;39;42;93;155;38;66;137;36;22;44;5;112;73;34
John Deere Forestry AB;5565846614;Gymnasie- och arbetsmarknadsnämnden;Övriga Sverige;Märsta;0;135;6;0;0;0;132;0;0;0;107;31;210;46;0;153;11;0;216;0
Hotel Bohusgården AB;5565846754;Grundskolenämnden;Övriga Sverige;Uddevalla;0;0;0;18;0;18;0;0;0;18;0;0;18;0;0;0;0;0;0;0
Skolporten AB;5565850608;Gymnasie- och arbetsmarknadsnämnden;Övriga Sverige;Stockholm;36;31;28;0;6;3;23;0;19;22;84;18;50;20;0;11;22;15;0;3
Tottas Fritid AB;5565855516;Teknik- och servicenämnden;Örebro kommun;Örebro;15;4;7;27;14;7;1;0;5;4;41;41;21;265;10;248;20;21;149;0
Retriever Sverige AB;5565861571;Kommunstyrelsen;Övriga Sverige;Stockholm;13;17;13;13;93;28;13;13;13;13;17;13;0;6;20;4;64;35;14;23
Lunna Gård AB;5565862371;Socialnämnden;Övriga Sverige;Stockholm;0;0;0;0;0;0;95;0;0;0;0;0;0;0;0;0;0;0;0;0
AO Sverige AB;5565863148;Teknik- och servicenämnden;Övriga Sverige;Partille;0;0;0;0;0;0;0;0;0;272;0;36;0;0;1;0;0;0;0;0
Kvinnohemmet Rosen AB;5565864633;Socialnämnden;Övriga Sverige;Storvik;41;0;0;0;0;24;165;0;154;0;0;0;0;0;0;0;0;0;0;28
Aventi AB .;5565864872;Teknik- och servicenämnden;Övriga Sverige;Borås;0;0;0;28;0;0;0;0;22;14;7;0;0;0;0;0;0;0;0;0
Brandskyddsutbildning i Örebro län;5565869954;Teknik- och servicenämnden;Örebro kommun;Örebro;0;0;30;18;7;7;12;0;0;4;0;4;11;0;8;40;6;0;2;0
Ework Group AB;5565878708;Kommunstyrelsen;Övriga Sverige;Stockholm;56;57;154;134;510;211;280;247;80;613;110;820;91;222;296;580;120;128;367;145
SGREEN Sweden AB;5565883682;Grundskolenämnden;Övriga Sverige;Västerås;16;11;6;21;0;0;3;4;0;18;5;0;4;7;0;5;23;0;0;0
JP Infonet AB;5565890521;Gymnasie- och arbetsmarknadsnämnden;Övriga Sverige;Stockholm;0;9;198;0;95;8;1;0;4;54;30;69;35;5;261;17;18;114;0;-51
Framsteget Behandlingshem AB;5565890794;Socialnämnden;Örebro kommun;Ervalla;0;0;45;87;84;45;0;0;0;0;0;0;0;0;0;0;0;0;0;0
Humana Familjeforum Sverige AB;5565893764;Socialnämnden;Övriga Sverige;Stockholm;74;0;139;65;83;288;227;0;420;251;231;328;392;0;645;299;0;670;292;162
Commuter Security Group AB;5565894507;Socialnämnden;Övriga Sverige;Kista;595;1141;1603;1078;537;369;1490;1874;779;1670;782;1757;1257;13;2678;1416;1081;1456;1542;1460
Trippus Event Solutions AB;5565894614;Vård- och omsorgsnämnden;Övriga Sverige;Uppsala;0;2;10;10;0;0;0;0;3;0;0;27;84;28;11;26;0;0;0;0
Chroma Livs AB;5565895934;Grundskolenämnden;Örebro kommun;Örebro;104;17;56;26;45;34;62;10;40;22;18;63;53;14;33;31;7;60;62;14
Inet AB;5565918884;Gymnasie- och arbetsmarknadsnämnden;Övriga Sverige;Askim;0;0;0;0;0;0;0;0;0;0;0;79;0;0;6;0;2;0;1;0
Agenda Advokatbyrå AB;5565924668;Socialnämnden;Övriga Sverige;Uppsala;17;0;0;0;0;0;0;0;0;41;0;0;0;0;0;0;0;0;0;0
Mobilect AB;5565924908;Teknik- och servicenämnden;Övriga Örebro län;Karlskoga;0;0;0;0;0;0;1;0;0;6;55;0;0;0;3;-2;0;0;1;0
TechPack in Scandinavia AB;5565925699;Teknik- och servicenämnden;Övriga Sverige;Örkelljunga;38;25;35;46;30;42;52;15;33;38;26;41;24;30;25;15;0;8;10;1
AMAX konsult AB Örebro;5565927943;Markplanerings- och exploateringsnämnden;Örebro kommun;Örebro;3;0;4;0;0;0;0;0;1;0;0;16;0;0;13;24;0;0;0;0
Olympica AB;5565938700;Förskolenämnden;Övriga Sverige;Hedemora;11;11;11;11;11;11;24;0;11;23;0;0;0;0;0;0;0;0;0;0
Mats Fredriksson arkitektkontor AB;5565941779;Markplanerings- och exploateringsnämnden;Övriga Sverige;Norrköping;91;0;0;11;15;5;1;0;0;3;7;46;0;60;76;71;0;40;1;4
Konditori Västerport Kjell Karsbjer AB;5565950697;Vård- och omsorgsnämnden;Örebro kommun;Örebro;0;0;0;0;0;0;2;0;0;8;4;1;8;0;9;0;8;9;5;0
Boulebar Sverige AB;5565956165;Kommunstyrelsen;Övriga Sverige;Stockholm;2;0;3;5;0;0;14;0;18;13;18;2;0;0;0;0;0;15;10;0
Sono Sverige AB;5565957809;Gymnasie- och arbetsmarknadsnämnden;Övriga Sverige;Västra Frölunda;0;0;0;0;0;0;0;0;15;255;0;83;23;0;0;0;0;26;1;0
LIP AB;5565963542;Markplanerings- och exploateringsnämnden;Övriga Örebro län;Åsbro;1366;0;1227;2096;2441;54;4127;962;2502;1903;1596;864;1577;578;70;0;0;1330;0;672
NTI Gymnasiet Ellips AB;5565970471;Gymnasie- och arbetsmarknadsnämnden;Övriga Sverige;Stockholm;1090;1083;1079;1081;1081;1081;923;923;1362;1051;1073;1250;1108;1099;1099;1093;1080;2072;983;0
Norion Bank AB;5565970513;Kultur- och fritidsnämnden;Övriga Sverige;Göteborg;0;0;0;0;1;8;61;15;0;0;0;0;0;0;0;0;0;0;0;0
Frösunda IoF AB;5565972352;Socialnämnden;Övriga Sverige;Stockholm;132;0;251;132;139;0;260;0;149;0;0;0;0;0;0;0;0;0;0;0
Alentec & Orion AB;5565973871;Teknik- och servicenämnden;Övriga Sverige;Älta;0;0;7;0;0;0;0;0;0;0;31;0;0;12;0;0;0;0;0;0
VILJAN Asperger Centrum Aktiebolag;5565975421;Funktionsstödsnämnden;Övriga Sverige;Stockholm;528;0;353;193;187;193;0;80;106;6;192;186;192;0;0;0;0;0;0;0
EcoPar AB;5565979985;Teknik- och servicenämnden;Övriga Sverige;Göteborg;29;29;27;70;0;79;0;0;79;30;0;0;0;31;87;0;0;0;0;0
4C Strategies AB;5565986436;Kommunstyrelsen;Övriga Sverige;Stockholm;125;0;0;0;0;0;0;125;0;0;0;0;0;0;0;0;0;0;0;0
Arqly Sverige AB;5565992251;Markplanerings- och exploateringsnämnden;Övriga Sverige;Norrköping;5;0;22;54;6;14;0;0;0;0;0;0;0;0;0;0;0;0;0;0
Sincera Organisationsutveckling AB;5566000625;Vård- och omsorgsnämnden;Örebro kommun;Örebro;300;3;484;310;413;490;484;10;260;467;439;446;366;206;377;333;345;233;173;15
Publizon AB;5566002126;Kultur- och fritidsnämnden;Övriga Sverige;Stockholm;185;66;54;60;57;58;50;57;58;75;64;61;58;69;59;64;58;60;42;49
Nova Software AB;5566018643;Grundskolenämnden;Övriga Sverige;Falköping;0;22;5;27;9;0;0;0;0;9;13;0;18;32;21;0;0;9;0;0
Väg & Miljö i Karlstad AB;5566019989;Teknik- och servicenämnden;Övriga Sverige;Karlstad;0;0;0;0;0;0;42;17;0;0;0;0;0;0;81;0;0;0;0;29
H.Persson Skogsavverkningar AB;5566021183;Gymnasie- och arbetsmarknadsnämnden;Övriga Örebro län;Åsbro;31;0;0;0;0;32;0;0;0;0;0;0;0;0;0;0;0;0;0;0
Surface Protection Europe AB;5566024740;Kultur- och fritidsnämnden;Övriga Sverige;Växjö;0;0;0;0;0;0;0;0;35;23;0;0;0;0;0;0;0;0;0;0
Active Omsorg i Linköping AB;5566044888;Socialnämnden;Övriga Sverige;Stockholm;232;0;702;393;379;232;303;0;390;575;324;378;158;232;579;232;0;262;134;160
Key Code Security AB;5566046149;Kultur- och fritidsnämnden;Övriga Sverige;Göteborg;0;0;2;2;9;0;3;0;0;5;1;11;0;0;0;5;0;13;0;0
Lekolar AB;5566050646;Grundskolenämnden;Övriga Sverige;Osby;977;209;377;776;434;505;628;118;1250;1103;800;939;1087;346;493;737;453;523;674;217
Humana Assistans AB;5566053996;Funktionsstödsnämnden;Örebro kommun;Örebro;830;533;264;791;764;1088;955;740;775;686;797;654;633;564;1097;1241;783;865;697;775
IQ Samhällsbyggnad AB;5566055249;Markplanerings- och exploateringsnämnden;Övriga Sverige;Stockholm;63;0;0;0;0;0;0;0;0;0;0;0;0;0;0;0;0;0;0;0
Gryning Vård AB;5566058201;Socialnämnden;Övriga Sverige;Göteborg;462;652;740;242;342;382;779;308;509;493;478;493;478;613;1428;1539;1700;1479;1642;1511
Kungsörstorp Hotell & Konferens AB;5566066535;Gymnasie- och arbetsmarknadsnämnden;Övriga Sverige;Kungsör;32;0;0;31;60;0;85;0;19;15;92;20;86;0;17;14;19;0;0;0
Astrakan Strategisk Utbildning AB;5566066881;Vård- och omsorgsnämnden;Övriga Sverige;Stockholm;0;0;0;0;0;0;0;0;0;0;264;0;0;0;0;0;0;0;0;0
Industritekniska Gymnasiet Bergslag;5566081740;Grundskolenämnden;Övriga Sverige;Västerås;18;18;18;18;18;19;18;0;0;55;18;18;18;18;18;18;18;18;18;0
Antura AB;5566097316;Kommunstyrelsen;Övriga Sverige;Göteborg;11;9;0;31;1;3;6;0;1;0;0;0;0;0;0;0;0;0;0;0
Printeliten i Örebro AB;5566098330;Teknik- och servicenämnden;Örebro kommun;Örebro;85;4;16;22;15;19;127;0;14;1;21;8;0;61;7;14;2;6;10;0
Ensolution AB;5566108899;Vård- och omsorgsnämnden;Övriga Sverige;Stockholm;0;0;191;310;136;580;771;0;0;728;0;349;837;78;774;531;401;726;1148;0
Borgtornet Gruppboende AB;5566110432;Kommunstyrelsen;Örebro kommun;Örebro;0;0;68;0;0;0;0;0;0;26;0;5;-166;0;13;217;0;351;68;206
KUMBRO STADSNÄT AB;5566117619;Teknik- och servicenämnden;Örebro kommun;Örebro;515;110;254;0;48;105;217;0;10;217;0;471;2618;130;0;175;275;73;287;8
Ströman Maskin AB;5566118609;Teknik- och servicenämnden;Övriga Sverige;Kungälv;-8;12;58;17;5;12;38;19;24;8;15;0;66;22;0;92;60;37;34;33
J-son Pedagogikcentrum AB;5566126479;Grundskolenämnden;Övriga Sverige;Stockholm;44;44;87;0;0;0;0;0;0;0;0;0;0;0;0;0;0;0;0;0
Visma Talent Solutions AB;5566131636;Kommunstyrelsen;Övriga Sverige;Kalmar;3;355;100;105;105;110;105;101;101;106;101;101;101;101;101;92;0;92;92;92
NCC Sverige AB;5566134929;Markplanerings- och exploateringsnämnden;Övriga Sverige;Solna;1348;0;1173;400;400;199;325;0;0;535;1980;0;6297;0;5;191;355;200;624;100
Affärsconsult Sverige AB;5566138110;Gymnasie- och arbetsmarknadsnämnden;Örebro kommun;Örebro;5;0;5;0;0;0;0;0;3;5;18;19;14;4;7;0;1;0;0;0
Edukatus Alliance AB;5566139290;Gymnasie- och arbetsmarknadsnämnden;Övriga Sverige;Malmö;5749;5711;5698;5667;5605;5634;4906;4906;7669;5791;5942;6821;5744;5806;5744;5750;5725;10455;4730;0
Aveki AB;5566139852;Teknik- och servicenämnden;Övriga Sverige;Växjö;270;0;0;3;3;0;0;21;0;0;1;2;275;0;0;0;0;0;3;27
Ren Väg i Borås Aktiebolag;5566143292;Teknik- och servicenämnden;Övriga Sverige;Borås;13;38;0;201;29;0;0;0;52;35;0;180;0;0;0;231;0;0;12;0
Modern Arbetsteknik 3J Aktiebolag;5566148671;Vård- och omsorgsnämnden;Övriga Sverige;Askim;0;0;0;0;102;0;0;0;0;0;0;0;0;0;0;0;0;0;0;0
Jernhusen Verkstäder AB;5566167408;Markplanerings- och exploateringsnämnden;Övriga Sverige;Stockholm;33;17;17;17;17;17;17;0;17;0;0;617;0;0;0;0;0;0;0;0
Epassi Sweden AB;5566170030;Kommunstyrelsen;Övriga Sverige;Trollhättan;4940;2699;841;802;606;400;586;493;716;707;812;1092;4751;4718;1762;1748;1339;1083;0;1922
Söderlunds Slow Food AB;5566171236;Gymnasie- och arbetsmarknadsnämnden;Örebro kommun;Örebro;2;0;6;1;3;1;2;0;5;2;0;7;8;0;7;2;0;11;5;0
Malingsbo Rehabcenter AB;5566176680;Socialnämnden;Övriga Sverige;Söderbärke;155;0;0;0;0;0;0;0;91;180;0;161;0;0;0;0;0;0;0;0
Perfect Print Sverige AB;5566179486;Grundskolenämnden;Övriga Sverige;Täby;0;0;80;128;104;116;111;15;124;180;83;188;63;86;63;201;125;162;75;106
IDATA AB;5566188396;Teknik- och servicenämnden;Övriga Sverige;Värnamo;89;76;210;165;85;143;127;68;138;123;104;242;140;77;149;133;149;100;172;93
First Camp Sverige AB;5566189873;Gymnasie- och arbetsmarknadsnämnden;Övriga Sverige;Stockholm;120;21;58;25;49;71;44;3;153;83;12;37;33;11;1;1;11;4;0;1
Greenified AB;5566195573;Kultur- och fritidsnämnden;Övriga Sverige;Västra Frölunda;0;12;0;0;12;0;0;12;0;0;12;0;0;12;0;12;0;0;0;12
Annsam AB;5566197660;Vård- och omsorgsnämnden;Övriga Sverige;Stockholm;476;440;401;243;177;610;507;520;691;431;316;689;259;596;548;250;191;338;238;348
ForshagaAkademin AB;5566205737;Gymnasie- och arbetsmarknadsnämnden;Övriga Sverige;Forshaga;106;110;108;108;108;108;78;78;192;250;198;208;160;238;207;220;141;259;121;0
Renta AB;5566210737;Teknik- och servicenämnden;Övriga Sverige;Varberg;165;62;115;182;165;162;138;180;114;142;214;169;130;92;37;131;36;63;97;84
Berggrens Maskinservice i Fjugesta;5566216718;Teknik- och servicenämnden;Örebro kommun;Örebro;8;19;8;42;34;0;4;0;0;1;52;0;24;0;1;0;0;2;57;60
Heat Restauranger AB;5566218961;Grundskolenämnden;Övriga Sverige;Stockholm;65;4;11;1;14;6;62;1;23;8;14;5;9;10;5;8;14;7;4;0
Structor Miljöteknik AB;5566220736;Markplanerings- och exploateringsnämnden;Övriga Sverige;Eskilstuna;314;163;84;273;159;362;175;303;130;138;204;201;192;136;129;306;177;172;71;144
XPECTA Evenemangsteknik AB;5566226410;Kommunstyrelsen;Örebro kommun;Örebro;8;197;215;12;2;179;132;0;0;108;79;129;41;6;363;136;87;66;122;0
Bista Mekan AB;5566240114;Teknik- och servicenämnden;Örebro kommun;Örebro;93;0;3;0;24;0;28;0;0;0;39;44;118;6;1;9;0;20;0;0
Lillerudsgymnasiet AB;5566243548;Gymnasie- och arbetsmarknadsnämnden;Övriga Sverige;Vålberg;152;130;132;129;129;137;93;93;31;72;73;75;71;73;72;72;72;114;42;0
Spångberg Musik AB;5566245550;Funktionsstödsnämnden;Örebro kommun;Örebro;0;0;0;0;0;0;65;0;0;0;0;0;0;0;0;0;0;0;71;0
SiteVision AB;5566247747;Kommunstyrelsen;Örebro kommun;Örebro;79;0;0;1;0;0;0;0;20;8;0;0;0;0;0;0;0;0;0;0
Peter Töndel Markbyggarna AB;5566257175;Grundskolenämnden;Örebro kommun;Örebro;155;0;0;14;0;25;6;0;153;232;127;388;141;0;0;0;0;32;0;73
Off.Clinic AB;5566259429;Socialnämnden;Övriga Sverige;Stockholm;248;0;472;248;240;248;120;0;0;0;0;32;0;0;0;0;0;0;0;0
Dibber Helianthus Förskola AB;5566260534;Förskolenämnden;Övriga Sverige;Sollentuna;2494;2586;2630;3934;2626;2591;1786;1735;2984;2100;2173;2891;2300;2247;2359;2301;3352;2642;1350;1284
ENKV assistans AB;5566261854;Funktionsstödsnämnden;Övriga Sverige;Djursholm;47;0;5;12;0;0;4;0;0;0;4;0;0;0;0;0;0;0;0;9
N statts hotell I Karlskoga AB;5566263678;Gymnasie- och arbetsmarknadsnämnden;Övriga Sverige;Kristinehamn;0;0;3;0;0;0;0;0;0;19;0;0;0;9;0;76;39;0;0;0
Easypark AB;5566267893;Vård- och omsorgsnämnden;Övriga Sverige;Stockholm;6;3;3;3;3;3;3;3;3;3;6;38;31;41;35;40;37;37;39;36
Bemannia AB (publ.);5566268347;Kommunstyrelsen;Övriga Sverige;Stockholm;7;1;15;92;62;61;22;0;135;67;71;162;196;51;286;198;73;411;279;374
CDF Sverige AB;5566272067;Teknik- och servicenämnden;Övriga Örebro län;Hallsberg;0;0;0;0;0;0;0;0;0;0;42;125;35;0;0;0;0;0;0;0
Ocean Outdoor Local AB;5566275136;Teknik- och servicenämnden;Övriga Sverige;Borås;0;0;0;0;0;0;0;0;0;0;0;59;0;0;0;0;0;0;0;0
Kongrexum AB;5566276233;Gymnasie- och arbetsmarknadsnämnden;Örebro kommun;Örebro;670;68;230;1165;932;215;226;8;76;512;1004;1428;271;35;275;440;144;191;95;8
E.T.V elteknik AB;5566284179;Teknik- och servicenämnden;Övriga Sverige;Mjölby;13;0;0;15;0;0;0;0;0;9;0;0;0;0;0;0;26;0;0;0
Widi Sport AB;5566301825;Grundskolenämnden;Övriga Sverige;Virserum;602;257;40;182;227;166;131;9;184;359;143;393;1008;80;102;230;69;63;141;0
tsreklam i Sverige AB;5566305297;Grundskolenämnden;Örebro kommun;Örebro;146;6;0;0;71;22;28;20;13;22;9;67;105;0;4;80;1;61;63;0
Nordisk Bowling och Restaurant AB;5566312186;Gymnasie- och arbetsmarknadsnämnden;Örebro kommun;Örebro;31;14;14;11;13;20;12;1;16;28;15;21;17;0;4;10;8;20;10;3
KC Familjehemsvård AB;5566313317;Socialnämnden;Övriga Sverige;Falun;127;127;122;127;131;131;126;131;131;126;131;126;131;0;0;0;0;0;0;0
Delegia AB;5566322367;Vård- och omsorgsnämnden;Övriga Sverige;Nacka;10;0;19;23;105;206;10;4;0;185;0;156;14;0;0;0;0;0;0;0
Adviser Sales Nordic AB;5566323803;Kommunstyrelsen;Övriga Sverige;Stockholm;0;0;0;0;0;0;0;0;0;0;0;0;30;12;18;0;0;0;0;0
rePULSE AB;5566324397;Socialnämnden;Övriga Sverige;Göteborg;182;0;0;0;0;0;1;0;0;1;0;0;0;0;0;0;0;0;0;0
Nöjeshuset i Örebro AB;5566331830;Grundskolenämnden;Örebro kommun;Örebro;0;0;0;0;20;0;0;0;0;0;0;0;0;0;0;0;0;20;68;0
Städsons Fastighetsvård AB;5566335583;Markplanerings- och exploateringsnämnden;Örebro kommun;Örebro;46;0;24;24;25;27;27;27;27;27;27;27;54;0;28;56;0;28;44;28
Brandskyddslaget AB;5566340278;Markplanerings- och exploateringsnämnden;Övriga Sverige;Stockholm;0;0;0;3;0;0;0;6;0;64;0;41;25;0;0;7;0;32;2;0
MyNewsdesk AB;5566341276;Kommunstyrelsen;Övriga Sverige;Stockholm;0;52;0;0;0;0;0;0;0;0;0;0;0;0;0;0;0;0;0;0
Conexi AB;5566342480;Funktionsstödsnämnden;Övriga Sverige;Stockholm;0;0;0;0;4;28;49;56;89;103;108;114;101;106;102;112;103;88;99;40
JENSEN education college AB;5566358759;Grundskolenämnden;Övriga Sverige;Stockholm;3708;3701;2438;4964;3683;3707;3543;3543;5198;4247;4028;4802;4097;4242;4197;4166;4218;5857;3829;2649
Aspero Friskolor AB;5566363973;Gymnasie- och arbetsmarknadsnämnden;Övriga Sverige;Halmstad;0;0;0;0;0;0;0;0;22;7;9;9;8;0;0;0;0;0;0;0
Meltwater Sweden AB;5566379821;Teknik- och servicenämnden;Övriga Sverige;Stockholm;0;0;20;30;0;0;0;0;0;0;0;0;0;0;23;0;0;0;0;0
AB Omsorgscompagniet i Norden;5566402292;Funktionsstödsnämnden;Övriga Sverige;Nacka;172;89;283;169;139;143;114;40;301;120;119;110;142;0;343;157;0;227;119;119
Thule Möbler AB;5566413117;Grundskolenämnden;Övriga Sverige;Kungsör;0;0;0;0;0;0;0;0;0;0;51;283;171;8;21;7;78;0;0;0
AB Radon Konsult i Roslagen;5566415450;Markplanerings- och exploateringsnämnden;Övriga Sverige;Norrtälje;0;0;0;0;16;0;0;0;0;0;242;4;0;0;0;0;0;0;0;0
MobilityGuard AB;5566418108;Kommunstyrelsen;Övriga Sverige;Partille;0;0;155;61;0;122;0;47;92;4;120;71;0;46;33;241;0;82;143;54
Humlans HVB AB;5566418165;Socialnämnden;Övriga Sverige;Stockholm;0;0;0;0;0;141;354;0;731;0;0;0;0;355;0;0;0;0;0;0
Poolarna Assistans AB;5566419197;Funktionsstödsnämnden;Örebro kommun;Örebro;302;239;171;276;106;177;194;179;340;425;0;647;0;328;213;543;43;210;230;227
Curt Nicolin Gymnasiet AB;5566431044;Gymnasie- och arbetsmarknadsnämnden;Övriga Sverige;Finspång;0;0;0;0;0;0;0;0;0;17;10;10;9;9;9;9;9;20;11;0
MVG Taxi Aktiebolag;5566435904;Gymnasie- och arbetsmarknadsnämnden;Övriga Sverige;Huskvarna;0;0;0;0;0;0;0;0;0;0;19;8;7;7;7;12;0;6;5;0
AB Villa Björkudden;5566443510;Funktionsstödsnämnden;Övriga Sverige;Stockholm;243;0;127;242;123;0;250;0;250;123;127;123;0;0;0;0;0;0;0;0
Coo Coo Thai AB;5566454764;Kultur- och fritidsnämnden;Örebro kommun;Örebro;39;27;3;0;0;2;8;6;71;74;8;2;21;15;42;0;19;0;63;0
Renova Care AB;5566459870;Vård- och omsorgsnämnden;Övriga Sverige;Tomelilla;0;0;0;0;0;0;0;0;0;0;0;0;0;0;0;0;0;0;184;366
Tecknologen AB;5566473095;Grundskolenämnden;Övriga Sverige;Lundsbrunn;0;0;24;0;0;0;0;0;59;0;0;24;0;0;0;0;0;0;0;59
G.F. Hotell och Konferens AB;5566489588;Gymnasie- och arbetsmarknadsnämnden;Övriga Sverige;Karlstad;0;12;0;0;0;12;0;0;0;14;0;13;2;0;0;0;0;0;0;0
Unikum - Unikt lärande AB;5566492350;Kommunstyrelsen;Övriga Sverige;Stockholm;6;5;6;6;9;6;19;0;1;10;3;12;5;0;5;12;0;5;11;0
Travel Team Sweden AB;5566501739;Gymnasie- och arbetsmarknadsnämnden;Övriga Sverige;Västerås;0;0;10;26;19;3;3;0;0;4;178;344;4;308;226;440;21;482;198;22
Gatu och Väg Väst AB;5566506845;Teknik- och servicenämnden;Övriga Sverige;Gunnilse;0;0;0;0;0;0;2856;722;0;7664;5225;6306;1743;0;0;0;0;41;150;0
Palmstiernas Svenska AB;5566507314;Teknik- och servicenämnden;Övriga Sverige;Hammarö;0;0;0;0;0;0;0;0;0;0;0;0;0;0;0;105;0;0;0;0
Matilda FoodTech AB;5566508023;Teknik- och servicenämnden;Övriga Sverige;Malmö;114;0;0;0;103;0;0;0;-34;0;0;0;11;0;0;-11;0;0;0;0
Friab individ & familj AB;5566514336;Socialnämnden;Övriga Sverige;Solna;399;200;181;200;194;267;288;322;0;588;298;185;298;0;567;337;288;298;288;113
DACO AB;5566520283;Kultur- och fritidsnämnden;Övriga Sverige;Ersmark;0;0;0;16;0;0;0;7;0;22;147;10;0;7;0;0;0;62;45;0
Örebro Violinateljé AB;5566524277;Kultur- och fritidsnämnden;Örebro kommun;Örebro;1;0;2;0;1;3;0;0;0;18;1;73;56;0;2;0;10;0;0;0
Vattenbyrån Niklas Isaksson AB;5566528682;Teknik- och servicenämnden;Örebro kommun;Örebro;0;0;0;0;0;0;0;0;20;23;25;13;0;9;15;25;26;0;7;29
Frövi Blästern AB;5566535869;Gymnasie- och arbetsmarknadsnämnden;Övriga Örebro län;Frövi;0;0;0;1;0;0;0;0;0;0;0;0;108;0;0;14;0;0;0;0
AB SA Spårteknik;5566537303;Teknik- och servicenämnden;Övriga Sverige;Uppsala;0;0;0;0;0;0;51;0;0;0;0;0;0;0;0;0;0;0;49;0
Curativa AB;5566547203;Gymnasie- och arbetsmarknadsnämnden;Örebro kommun;Örebro;9;7;7;7;0;7;11;2;0;4;7;1;4;0;7;14;8;0;8;0
Reggio Emilia Institutet Aktiebolag;5566550942;Förskolenämnden;Övriga Sverige;Stockholm;17;38;0;3;2;1;0;0;1;0;1;52;6;14;0;0;0;0;0;0
Q Security AB;5566564455;Kommunstyrelsen;Övriga Sverige;Tanumshede;9;466;1104;0;933;8;722;7;348;772;8;1093;575;0;1166;559;9;599;1137;160
Villa Leva AB;5566564885;Socialnämnden;Övriga Örebro län;Nora;121;0;0;0;0;0;0;0;0;0;0;0;0;0;0;0;0;0;0;0
Tecken & Tolk Sverige AB;5566569082;Gymnasie- och arbetsmarknadsnämnden;Övriga Sverige;Stockholm;119;0;241;206;283;157;126;3;275;337;509;393;330;17;583;488;0;687;296;103
Tjust Behandlingsfamiljer AB;5566579438;Socialnämnden;Övriga Sverige;Stockholm;246;0;375;159;149;138;134;0;276;134;138;134;138;0;263;0;138;272;134;138
Humana Sociala tjänster Sverige AB;5566581277;Socialnämnden;Övriga Sverige;Stockholm;607;0;894;484;508;420;488;0;496;356;535;457;296;0;744;294;0;829;445;461
Elms Mekaniska AB;5566593959;Teknik- och servicenämnden;Övriga Sverige;Hagfors;0;542;0;0;0;0;0;0;0;0;0;0;0;0;0;0;5;0;0;0
Forsmarks Gymnasium AB;5566597885;Gymnasie- och arbetsmarknadsnämnden;Övriga Sverige;Västerås;9;9;10;9;9;9;0;0;1;0;0;1;0;0;0;0;0;0;0;0
Nice Home and Building Automation;5566611850;Teknik- och servicenämnden;Övriga Sverige;Malmö;0;0;0;0;0;0;0;0;0;0;0;0;0;251;0;0;0;0;0;0
hittapunktse AB;5566630348;Kommunstyrelsen;Övriga Sverige;Stockholm;0;29;0;0;0;0;29;0;0;0;0;0;0;29;0;0;0;29;0;0
WeMind HVB Evia AB;5566638960;Socialnämnden;Övriga Sverige;Stockholm;0;0;0;0;0;0;0;0;0;0;0;0;0;0;316;170;0;335;5;0
Revia i Östergötland AB;5566646831;Socialnämnden;Övriga Sverige;Linköping;0;0;134;78;0;66;0;0;0;0;0;0;0;0;0;0;0;0;0;0
Telectromontage Staaf El & Teletekn;5566647847;Markplanerings- och exploateringsnämnden;Örebro kommun;Örebro;375;314;198;272;436;0;0;0;0;0;0;0;0;0;0;0;0;0;0;0
Hasselfors Garden AB;5566651823;Teknik- och servicenämnden;Örebro kommun;Örebro;0;0;0;28;41;29;0;0;0;0;25;0;0;0;0;0;24;17;8;8
Dustin Sverige AB;5566661012;Kommunstyrelsen;Övriga Sverige;Nacka Strand;200;83;100;68;76;121;90;63;126;141;125;86;11;173;74;65;72;60;4;115
Stuveryd HVB aktiebolag;5566662127;Socialnämnden;Övriga Sverige;Nacka;308;315;285;304;306;311;287;304;308;300;313;672;491;488;451;483;191;178;172;178
Vivida Assistans AB;5566663265;Funktionsstödsnämnden;Örebro kommun;Örebro;530;229;837;66;511;260;829;0;462;806;124;704;277;204;595;659;18;380;604;279
Mirum Omsorg AB;5566664420;Socialnämnden;Övriga Sverige;Norrköping;0;0;0;0;0;0;0;0;0;0;0;0;0;0;0;137;147;64;0;0
ÖBAB Bilverkstad AB;5566665708;Teknik- och servicenämnden;Örebro kommun;Örebro;0;0;0;0;0;0;0;0;0;0;0;0;0;3;103;0;1;5;0;8
Devexus AB;5566671375;Kommunstyrelsen;Örebro kommun;Örebro;11;0;51;0;70;0;22;34;0;120;0;54;64;3;0;5;0;26;3;3
The Local Europe AB;5566674023;Kommunstyrelsen;Övriga Sverige;Stockholm;0;125;0;0;0;0;0;0;0;0;0;0;0;0;0;0;0;0;0;0
Electrokit Sweden AB;5566679683;Kultur- och fritidsnämnden;Övriga Sverige;Malmö;1;25;7;7;0;8;9;2;7;27;5;14;2;35;1;25;24;33;3;1
Behandlingshemmet Källtorp AB;5566685979;Socialnämnden;Övriga Sverige;Stockholm;0;0;0;0;0;0;94;0;208;148;0;0;0;0;0;0;0;0;0;0
FormPipe Software AB;5566686605;Kommunstyrelsen;Övriga Sverige;Helsingborg;0;-582;0;16;7;0;0;0;1;28;0;0;0;0;0;0;0;0;0;0
Henrik Franzéns Livs Aktiebolag;5566699806;Vård- och omsorgsnämnden;Örebro kommun;Glanshammar;5;0;10;4;3;6;6;0;5;4;0;10;9;0;10;4;0;12;9;5
Pratensis AB;5566707609;Markplanerings- och exploateringsnämnden;Övriga Sverige;Grimslöv;0;0;0;0;0;45;0;0;0;3;24;0;0;0;0;0;0;2;0;0
Iris Media AB;5566710926;Kultur- och fritidsnämnden;Övriga Sverige;Stockholm;0;0;0;16;30;91;24;0;0;0;0;0;0;0;0;13;67;51;9;41
Insikten HVB AB;5566711080;Socialnämnden;Övriga Sverige;Sala;0;0;0;0;0;0;58;0;0;0;0;0;0;0;0;0;0;0;0;89
Origo Group Sverige AB;5566711650;Funktionsstödsnämnden;Övriga Sverige;Stockholm;26;0;0;0;0;0;0;0;0;0;0;0;25;0;0;0;0;0;0;0
Bageri Bullvivan AB;5566714761;Grundskolenämnden;Örebro kommun;Örebro;167;12;28;1;7;6;0;0;55;78;54;47;121;67;55;42;21;111;283;8
Creativ Company Sverige AB;5566720875;Grundskolenämnden;Övriga Sverige;Torslanda;0;9;1;3;24;5;11;0;0;2;3;0;3;16;63;89;79;124;64;9
Logoped Hanne AB;5566724273;Gymnasie- och arbetsmarknadsnämnden;Övriga Sverige;Strängnäs;0;0;0;26;33;13;0;9;0;21;0;0;0;0;13;18;0;31;9;0
Dynaspace AB;5566727060;Gymnasie- och arbetsmarknadsnämnden;Övriga Sverige;Uppsala;40;0;63;28;68;0;40;0;0;0;28;23;46;17;0;34;0;19;19;0
Loka Brunn Hotell & Spa AB;5566728548;Gymnasie- och arbetsmarknadsnämnden;Övriga Örebro län;Grythyttan;72;510;-35;397;73;74;240;-4;799;109;501;126;106;99;295;126;84;102;78;25
EnterCard Group AB;5566730585;Gymnasie- och arbetsmarknadsnämnden;Övriga Sverige;Stockholm;26;10;20;17;48;24;33;32;21;75;52;30;27;15;48;63;0;28;18;5
Alltek i Kumla AB;5566743893;Grundskolenämnden;Övriga Örebro län;Kumla;0;0;0;0;0;0;0;0;0;0;0;0;3;0;0;0;0;0;197;0
Movab AB;5566746391;Markplanerings- och exploateringsnämnden;Övriga Sverige;Landskrona;0;0;0;0;0;0;58;0;0;28;0;19;0;0;0;0;0;61;0;0
Ramudden AB;5566746730;Teknik- och servicenämnden;Övriga Sverige;Gävle;357;140;762;954;441;1235;233;739;199;795;615;726;493;285;932;523;358;715;685;551
Miwex Fritid AB;5566749478;Kultur- och fritidsnämnden;Övriga Sverige;Åtvidaberg;48;8;2;14;0;10;0;0;3;7;16;18;11;0;5;8;7;2;0;0
Bergstrands Gymnasium AB;5566753736;Gymnasie- och arbetsmarknadsnämnden;Övriga Sverige;Stockholm;0;0;0;0;0;0;0;0;24;13;13;13;13;13;13;13;13;13;0;0
Talentech AB;5566757810;Teknik- och servicenämnden;Övriga Sverige;Stockholm;18;9;32;44;5;20;5;0;20;5;10;5;15;5;10;15;5;10;5;0
Ability Partner Europe AB;5566763032;Grundskolenämnden;Övriga Sverige;Stockholm;33;0;0;0;0;0;0;0;0;0;0;26;31;0;0;7;0;0;0;0
Nordic Fighter AB;5566765771;Gymnasie- och arbetsmarknadsnämnden;Övriga Örebro län;Finnerödja;9;0;0;0;52;5;0;0;0;6;0;75;0;0;0;0;0;1;0;0
Bare Appliance AB;5566770326;Kommunstyrelsen;Övriga Sverige;Linköping;0;0;0;145;0;0;0;0;0;0;0;0;0;0;0;0;0;0;0;0
Konferensverksamhet CB AB;5566779533;Gymnasie- och arbetsmarknadsnämnden;Örebro kommun;Örebro;80;54;775;646;98;80;70;240;60;129;107;112;45;57;49;109;207;183;47;0
Pitcher's i Örebro AB;5566781687;Grundskolenämnden;Örebro kommun;Örebro;33;18;1;23;1;3;3;1;10;5;19;15;38;5;2;21;5;11;3;0
VägJobb i Sverige AB;5566785407;Teknik- och servicenämnden;Örebro kommun;Örebro;391;331;307;278;400;451;620;271;181;701;246;905;162;91;245;238;48;173;229;163
Sand & Vattenbläst i Tyringe AB;5566799044;Teknik- och servicenämnden;Övriga Sverige;Tyringe;0;0;1517;1846;0;0;0;0;0;0;0;0;0;0;0;0;0;0;0;0
Design och Konsult i Västerås AB;5566804331;Funktionsstödsnämnden;Övriga Sverige;Västerås;0;0;0;14;0;0;0;0;0;0;2;0;0;15;0;13;11;0;0;6
Sveriges Ridgymnasium AB;5566814504;Gymnasie- och arbetsmarknadsnämnden;Övriga Sverige;Varberg;24;24;25;0;0;0;0;0;1;0;0;1;0;0;0;0;0;0;0;0
KraftAverk Aktiebolag;5566818679;Socialnämnden;Övriga Örebro län;Nora;288;0;181;0;7;98;79;0;61;0;0;0;0;0;0;0;0;0;0;0
Storköksinnovationer i Alingsås Akt;5566828033;Teknik- och servicenämnden;Övriga Sverige;Alingsås;1689;21;100;40;135;10;183;29;71;10;534;139;658;31;67;135;116;148;152;0
Trailercentralen i Örebro AB;5566838826;Teknik- och servicenämnden;Örebro kommun;Örebro;0;2;0;4;44;2;0;0;3;0;43;0;0;1;0;0;1;2;12;0
OptiPlan AB;5566843347;Kommunstyrelsen;Övriga Sverige;Norrköping;0;0;0;0;10;0;0;0;0;-105;0;0;0;0;0;0;0;0;0;0
Uffes Blås Aktiebolag;5566847231;Kultur- och fritidsnämnden;Övriga Sverige;Deje;0;0;4;0;0;0;0;0;33;3;0;7;8;0;0;0;0;0;0;0
XXL Sport & Vildmark AB;5566850623;Gymnasie- och arbetsmarknadsnämnden;Övriga Sverige;Bromma;41;0;0;1;0;1;2;0;0;3;4;9;0;0;3;3;0;0;0;0
Handelsstålsgruppen i Sverige AB;5566852207;Gymnasie- och arbetsmarknadsnämnden;Övriga Sverige;Solna;0;0;0;0;0;27;12;-10;9;31;11;10;17;10;25;21;6;4;2;0
Fairdeal Group Sverige AB;5566856414;Teknik- och servicenämnden;Övriga Sverige;Stockholm;3;3;3;3;3;3;3;3;3;3;3;3;3;4;4;4;4;93;4;4
Egeryds Fastighetsförvaltning AB;5566869581;Markplanerings- och exploateringsnämnden;Örebro kommun;Örebro;136;292;230;461;266;285;213;211;389;343;223;405;126;264;311;154;89;512;252;346
Salboheds Bygg & Anläggningstjänst AB;5566876537;Markplanerings- och exploateringsnämnden;Övriga Sverige;Västerås;0;0;0;0;6347;5750;2085;249;7717;6860;3419;2539;8166;2729;3404;3446;3275;1530;2694;1168
Marie Cederschiöld högskola AB;5566885280;Socialnämnden;Övriga Sverige;Stockholm;0;0;85;0;0;0;0;0;0;0;0;0;0;0;0;0;0;0;0;0
Nya Tag i Göteborg AB;5566891239;Socialnämnden;Övriga Sverige;Hunnebostrand;384;203;213;100;0;116;0;57;150;0;0;0;0;0;0;0;0;0;0;0
RFSL Utbildning AB;5566894209;Vård- och omsorgsnämnden;Övriga Sverige;Stockholm;30;0;0;0;1;0;0;0;0;0;0;38;0;0;0;0;0;55;0;0
CENTAB Sverige AB;5566895792;Grundskolenämnden;Övriga Sverige;Kungälv;0;0;0;0;0;0;0;16;1;16;15;0;6;3;5;0;0;0;0;0
Schibsted Marketing Services AB;5566900782;Teknik- och servicenämnden;Övriga Sverige;Stockholm;0;8;10;52;16;8;0;0;0;33;25;57;0;26;0;6;6;31;0;16
Gasum AB;5566906839;Teknik- och servicenämnden;Övriga Sverige;Linköping;0;0;0;0;0;0;0;0;0;0;0;0;0;0;0;28;214;24;586;77
Framfot AB;5566907670;Teknik- och servicenämnden;Övriga Sverige;Stockholm;0;0;0;0;0;0;18;0;0;0;57;0;0;0;0;0;0;0;0;0
Truesec Group AB;5566908074;Kommunstyrelsen;Övriga Sverige;Stockholm;20;1;40;0;40;0;40;0;20;40;0;40;20;0;191;24;0;33;0;0
Pointsharp AB;5566910633;Kommunstyrelsen;Övriga Sverige;Nacka;0;0;0;0;0;9;3;5;8;6;0;6;0;3;6;3;0;3;6;3
Pearson Sweden AB;5566913660;Grundskolenämnden;Övriga Sverige;Stockholm;21;0;5;0;0;2;4;0;0;0;1;0;1;5;8;2;11;1;24;0
Länsteatern I Örebro Ab;5566929187;Grundskolenämnden;Örebro kommun;Örebro;120;-10;3;0;23;11;11;0;15;1;12;10;31;1;0;27;0;215;59;0
Kontorsgiganten AB;5566936273;Vård- och omsorgsnämnden;Övriga Sverige;Stockholm;0;9;1;3;4;2;2;3;0;9;0;3;2;2;4;0;0;0;43;0
Ridskolan Strömsholm RS AB;5566940408;Gymnasie- och arbetsmarknadsnämnden;Övriga Sverige;Strömsholm;67;75;47;47;47;47;62;62;19;47;47;47;47;47;55;49;49;81;32;0
Libra Assistans AB;5566941554;Funktionsstödsnämnden;Övriga Sverige;Falun;0;0;0;0;0;2;0;0;8;14;8;0;0;0;0;7;0;0;0;15
Takringen i Örebro AB;5566943733;Gymnasie- och arbetsmarknadsnämnden;Örebro kommun;Örebro;14;0;0;0;0;16;0;0;0;0;0;15;0;0;0;0;0;15;0;0
Jurek Recruitment & Consulting AB;5566945324;Vård- och omsorgsnämnden;Övriga Sverige;Stockholm;0;0;0;0;0;0;0;0;0;0;0;0;0;0;0;0;45;7;28;0
Car-O-Liner Group AB;5566957675;Teknik- och servicenämnden;Övriga Sverige;Kungsör;0;9;0;24;0;0;0;0;0;0;13;0;0;0;0;9;0;0;0;0
ProAktiv Resurs Sverige AB;5566958814;Socialnämnden;Övriga Sverige;Älvkarleby;360;0;362;189;183;79;0;0;0;0;0;0;0;0;0;0;0;0;0;0
Villa Vita Norden AB;5566969860;Socialnämnden;Övriga Sverige;Jönköping;377;366;218;242;216;172;203;0;466;156;78;210;246;232;103;50;0;98;0;0
KinneData Systems AB;5566973508;Kultur- och fritidsnämnden;Övriga Sverige;Lidköping;0;15;0;0;0;0;0;0;0;0;0;0;15;0;0;0;69;0;0;0
NB Oljor AB;5566973532;Teknik- och servicenämnden;Övriga Sverige;Västerås;0;0;0;0;70;0;35;18;0;0;0;0;0;0;0;0;0;0;0;0
Nya Eriksbo plantskola AB;5566979281;Teknik- och servicenämnden;Övriga Sverige;Köping;729;0;16;0;620;197;500;0;0;247;227;1152;147;0;0;0;431;137;40;96
Platea AB;5566979729;Socialnämnden;Övriga Sverige;Stockholm;0;0;0;0;89;195;189;28;314;51;99;95;97;0;186;98;0;192;43;0
Dahlgrens Kranuthyrning AB;5566986971;Teknik- och servicenämnden;Övriga Sverige;Katrineholm;42;0;0;0;70;0;0;0;0;0;0;0;0;0;0;0;0;0;0;0
EMC SYD AB;5566988530;Teknik- och servicenämnden;Övriga Sverige;Ystad;0;0;0;0;0;0;0;0;0;0;0;0;0;0;0;0;0;0;0;122
NetNordic Sweden AB;5566997309;Kommunstyrelsen;Övriga Sverige;Solna;0;0;0;0;0;112;9317;0;0;0;0;18;0;0;0;0;0;0;0;0
Nämndemansgården i Sverige AB;5566997937;Socialnämnden;Övriga Sverige;Hägersten;0;0;0;0;0;0;0;0;0;0;0;266;229;0;116;106;116;412;11;152
Nima Maskin AB;5566998570;Kultur- och fritidsnämnden;Övriga Sverige;Hestra;76;15;0;169;0;0;0;0;240;8;4;65;12;54;37;9;0;23;51;0
Brogrund Mark AB;5567006266;Markplanerings- och exploateringsnämnden;Örebro kommun;Örebro;8950;221;7289;10539;11951;7736;8747;35;9479;9757;4695;10812;3397;2174;327;518;13;862;752;541
Bra Assistans i Örebro AB;5567008171;Funktionsstödsnämnden;Örebro kommun;Örebro;0;312;189;101;176;47;37;426;296;173;214;113;222;195;195;230;26;0;0;0
InExchange Factorum AB;5567009971;Kommunstyrelsen;Övriga Sverige;Skövde;31;0;63;0;30;30;29;0;47;0;36;0;35;0;30;39;0;58;33;21
Peyo AB;5567030779;Kommunstyrelsen;Övriga Sverige;Nynäshamn;0;0;0;0;0;0;0;0;0;0;0;0;0;4735;0;0;0;0;0;0
Guteskolan AB;5567044267;Gymnasie- och arbetsmarknadsnämnden;Övriga Sverige;Visby;9;9;10;9;9;9;11;11;0;0;0;1;0;0;0;0;0;0;0;0
Brukarkooperativet JAG Personlig As;5567049332;Funktionsstödsnämnden;Övriga Sverige;Stockholm;0;0;0;29;0;0;19;0;23;0;-8;0;-4;0;0;0;49;0;0;0
Irisity AB (publ);5567054571;Grundskolenämnden;Övriga Sverige;Göteborg;0;9;52;9;30;16;16;16;16;16;24;7;-2;9;22;16;16;16;16;9
Änglagården Omsorg AB;5567060826;Socialnämnden;Övriga Sverige;Valla;176;0;148;222;92;57;56;0;131;56;57;56;57;26;0;266;0;113;110;0
Mats Olsson Material AB;5567065676;Markplanerings- och exploateringsnämnden;Örebro kommun;Vintrosa;0;0;13;0;0;0;0;0;0;0;0;0;0;0;0;112;0;0;0;0
Hotel Posthuset AB;5567088413;Förskolenämnden;Övriga Sverige;Göteborg;0;0;0;0;0;0;0;0;0;0;63;0;0;0;0;0;0;0;0;0
Örebro Säkerhetscenter AB;5567090583;Markplanerings- och exploateringsnämnden;Örebro kommun;Örebro;25;27;29;37;75;15;27;27;41;30;17;54;14;12;39;30;21;23;17;4
ELVA ProcessAutomation AB;5567090617;Teknik- och servicenämnden;Övriga Sverige;Motala;5142;2999;2891;1635;1101;4781;1630;768;703;1626;320;42;164;350;36;85;19;85;9;116
Midagon AB;5567092522;Kommunstyrelsen;Örebro kommun;Örebro;246;0;547;156;475;230;491;0;386;476;365;304;326;111;795;559;100;803;221;162
Paloma in Sweden AB;5567093090;Kommunstyrelsen;Övriga Sverige;Hedemora;0;34;0;0;0;0;0;0;0;0;0;0;34;0;0;0;0;0;0;0
Liebherr-Sverige AB;5567097588;Teknik- och servicenämnden;Övriga Sverige;Västerås;5;0;29;0;11;0;0;0;0;0;0;2;0;5;19;7;0;0;0;4
DEKRA Automotive AB;5567099170;Teknik- och servicenämnden;Övriga Sverige;Solna;5;6;6;6;6;5;11;2;9;16;6;15;9;5;10;13;5;17;8;2
Elteknikbranschens Gymnasium i Nykö;5567106637;Gymnasie- och arbetsmarknadsnämnden;Övriga Sverige;Nyköping;0;0;0;0;0;0;181;0;0;0;5;0;0;0;0;0;0;0;221;0
PostNord Sverige AB;5567115695;Teknik- och servicenämnden;Övriga Sverige;Stockholm;442;7;884;446;353;557;567;384;426;473;501;424;446;228;580;1238;360;446;502;511
Hogrefe Psykologiförlaget AB;5567118202;Grundskolenämnden;Övriga Sverige;Stockholm;39;0;0;4;0;4;0;0;3;0;5;4;0;6;3;0;6;0;0;0
Biokraft Södertörn AB;5567121735;Teknik- och servicenämnden;Övriga Sverige;Stockholm;0;0;0;0;0;1447;0;1275;0;0;0;0;0;0;0;0;0;0;0;0
PirTec - Piraya Technology AB;5567124044;Kultur- och fritidsnämnden;Övriga Sverige;Södertälje;0;0;0;0;0;0;75;0;0;0;0;0;0;0;5;0;0;0;0;14
Techmarket Sweden AB;5567127823;Kommunstyrelsen;Övriga Sverige;Stockholm;0;0;42;31;0;0;35;0;0;0;0;35;0;45;0;37;0;0;48;0
Bioteria Technologies AB;5567130264;Markplanerings- och exploateringsnämnden;Övriga Sverige;Täby;26;0;131;113;24;24;17;72;39;56;28;52;14;4;73;160;59;53;44;66
Sortera Recycling AB;5567134308;Gymnasie- och arbetsmarknadsnämnden;Övriga Sverige;Stockholm;5;7;13;18;14;13;14;7;17;39;37;43;43;21;17;24;19;34;21;15
Carrier Turf Sweden AB;5567135024;Kultur- och fritidsnämnden;Övriga Sverige;Västerås;0;0;0;0;0;0;0;226;0;0;0;0;0;0;0;0;0;0;0;0
Boström Eventteknik AB;5567136154;Funktionsstödsnämnden;Örebro kommun;Örebro;0;0;0;0;0;0;50;0;0;0;0;0;0;0;0;0;0;0;55;0
Vinnergi AB;5567137962;Kommunstyrelsen;Övriga Sverige;Linköping;0;0;0;0;18;18;0;0;0;7;22;0;0;0;0;0;0;0;0;0
Kungsängen i Nora AB;5567140420;Funktionsstödsnämnden;Övriga Sverige;Stockholm;3227;1428;2217;2194;1522;2866;1762;151;3861;2091;2687;2457;1993;575;4437;2399;194;4703;2354;2657
ppm industrial ab;5567154207;Teknik- och servicenämnden;Övriga Sverige;Hisings Backa;39;0;34;0;70;89;11;2;21;0;0;433;67;0;6;34;151;5;25;0
Gemena Communication AB;5567155907;Teknik- och servicenämnden;Örebro kommun;Örebro;0;7;12;0;18;9;0;0;8;21;40;16;7;0;8;3;0;13;0;0
Elektromatik Power Generation Aktie;5567157556;Teknik- och servicenämnden;Övriga Sverige;Örnsköldsvik;0;0;0;0;0;124;0;0;0;0;0;218;0;14;0;0;0;0;0;105
Sandmaster Skandinavien AB;5567163257;Kultur- och fritidsnämnden;Övriga Sverige;Stockholm;0;0;0;0;0;225;0;0;0;0;0;0;0;0;0;0;0;0;0;0
Carmentus AB;5567164495;Kultur- och fritidsnämnden;Örebro kommun;Örebro;0;0;0;0;17;0;20;0;94;0;0;154;119;0;0;150;0;0;0;0
Söve AB;5567166904;Markplanerings- och exploateringsnämnden;Övriga Sverige;Västra Frölunda;0;0;0;0;0;0;0;0;0;0;0;0;177;0;0;0;0;0;0;0
make a brand Sweden AB;5567169874;Kultur- och fritidsnämnden;Örebro kommun;Örebro;0;0;46;4;20;0;0;25;0;0;38;0;15;21;0;2;0;0;189;24
Trä & Miljö Sverige AB;5567172126;Grundskolenämnden;Övriga Sverige;Norrköping;8;0;158;0;17;7;39;22;0;0;96;94;9;0;6;45;33;0;0;15
Amparo Solutions AB;5567174296;Teknik- och servicenämnden;Övriga Sverige;Göteborg;121;0;0;31;0;80;0;0;0;10;0;66;22;0;0;98;0;0;0;0
Vattenparken Café Aktiebolag;5567174775;Grundskolenämnden;Örebro kommun;Örebro;9;1;4;0;1;8;41;0;19;1;0;26;3;0;1;0;11;14;51;24
Länsmusiken I Örebro AB;5567179071;Kommunstyrelsen;Örebro kommun;Örebro;8139;0;8139;141;8139;40;8139;0;8139;35;8139;35;8454;0;8454;8454;35;153;8454;0
Svenska Teknikingenjörer Sting AB;5567181317;Markplanerings- och exploateringsnämnden;Övriga Sverige;Trollhättan;0;0;0;0;0;0;0;0;0;0;0;135;41;5;0;0;0;0;0;0
Restaurang PomPom Aktiebolag;5567185706;Gymnasie- och arbetsmarknadsnämnden;Örebro kommun;Örebro;0;0;0;0;0;45;0;0;0;0;1;0;0;0;0;4;0;18;3;1
Clemenger Dans AB;5567193916;Grundskolenämnden;Örebro kommun;Örebro;30;0;0;0;0;23;0;0;0;0;0;0;23;0;0;0;0;23;0;0
Biozone Scientific Scandinavia AB;5567196026;Vård- och omsorgsnämnden;Övriga Sverige;Linköping;0;9;6;17;1;0;7;6;0;1;0;0;0;0;6;0;0;0;0;0
HVB Fristad AB;5567213755;Socialnämnden;Övriga Sverige;Uppsala;0;0;181;0;331;0;114;0;168;296;0;0;0;0;0;0;0;0;0;0
Veho Bil Sverige AB;5567215362;Teknik- och servicenämnden;Övriga Sverige;Kungens Kurva;31;33;127;1;60;56;21;58;120;127;107;598;5;0;6;0;13;61;4;1
Brizad Behandlingskonsult AB;5567215800;Socialnämnden;Övriga Sverige;Hudiksvall;335;0;508;278;258;267;258;0;547;263;272;253;186;0;354;191;0;376;180;209
PQ Projektledning Aktiebolag;5567223234;Teknik- och servicenämnden;Övriga Sverige;Eskilstuna;64;49;135;0;174;12;74;0;0;7;16;54;0;18;38;138;0;37;84;9
AU Utbildning AB;5567233431;Gymnasie- och arbetsmarknadsnämnden;Övriga Sverige;Göteborg;86;71;77;67;70;136;158;126;159;141;152;178;160;137;157;177;132;273;253;132
Pixondu AB;5567245708;Kommunstyrelsen;Övriga Sverige;Jönköping;0;0;0;0;0;37;1;0;1;0;0;6;0;0;46;0;1;7;0;0
Faster Veras behandlingshem Aktiebo;5567253660;Socialnämnden;Övriga Sverige;Tärnsjö;159;5;110;0;0;0;0;0;0;0;0;0;0;0;156;29;0;0;87;151
Trädgårdsteknik i Mellansverige AB;5567255459;Teknik- och servicenämnden;Örebro kommun;Örebro;3641;1098;2419;3067;4459;4137;883;6346;3701;2146;5136;5838;3683;3231;1415;5374;3629;4470;3182;10329
Lindström & Schagerström AB;5567261945;Socialnämnden;Örebro kommun;Örebro;0;0;0;0;0;0;0;0;0;0;0;0;142;0;0;0;0;0;0;0
Psykoterapi Carina och Micael Jönss;5567263602;Socialnämnden;Örebro kommun;Örebro;0;4;0;8;7;6;4;0;0;8;4;16;8;4;0;4;0;4;4;0
Chas visual management AB;5567264758;Kommunstyrelsen;Övriga Sverige;Nacka;0;0;67;73;110;0;248;0;164;172;0;351;149;0;349;0;155;356;190;47
Troman AB;5567266662;Kommunstyrelsen;Övriga Sverige;Västra Frölunda;42;0;0;0;0;0;0;0;0;0;0;0;2;0;0;0;0;14;0;0
Kämpargård Media AB;5567269393;Teknik- och servicenämnden;Övriga Sverige;Sölvesborg;0;0;0;0;0;0;0;0;0;0;0;0;0;0;0;0;66;0;0;0
Advant Sweden AB;5567281877;Kommunstyrelsen;Övriga Sverige;Karlstad;191;0;0;35;5;153;26;0;4;2;120;225;205;3;63;0;19;9;134;0
C.A.N Belysning AB;5567301261;Teknik- och servicenämnden;Övriga Sverige;Lönashult;0;0;0;0;0;0;0;0;0;0;0;52;0;1;0;0;0;0;0;0
EAS El & Automations Service AB;5567328678;Markplanerings- och exploateringsnämnden;Örebro kommun;Örebro;54;103;49;49;21;108;617;499;6;82;129;162;56;51;32;47;91;98;12;19
Go Gotland AB;5567333108;Kommunstyrelsen;Övriga Sverige;Visby;0;0;0;0;0;0;0;205;0;0;0;0;0;0;0;0;120;0;0;131
Råsells Mark & VVS AB;5567333280;Teknik- och servicenämnden;Örebro kommun;Odensbacken;0;0;0;0;0;964;0;0;0;0;0;0;0;0;0;0;0;955;0;0
Kura Omsorg i Sverige AB;5567337364;Funktionsstödsnämnden;Örebro kommun;Örebro;595;404;697;534;71;382;821;580;1196;444;491;498;89;382;950;619;32;1138;483;19
TelliQ AB;5567337430;Teknik- och servicenämnden;Övriga Sverige;Arboga;33;34;72;0;36;37;72;0;37;72;0;73;36;0;37;36;38;39;0;0
NerikeTolkarna AB;5567344014;Gymnasie- och arbetsmarknadsnämnden;Örebro kommun;Örebro;410;2;836;485;451;471;267;30;272;534;582;639;403;37;889;587;15;907;190;95
Höglandets Utredningshem AB;5567346779;Socialnämnden;Övriga Sverige;Fredriksdal;615;442;392;434;196;453;0;0;0;0;0;0;0;0;0;0;0;0;0;0
Nytida Ungstöd i Mälardalen AB;5567351696;Socialnämnden;Övriga Sverige;Solna;255;260;260;291;254;282;289;222;0;466;201;194;100;104;471;227;191;175;151;83
Veekmas Svenska AB;5567356539;Teknik- och servicenämnden;Övriga Sverige;Bålsta;3;0;17;6;0;1;0;0;0;11;18;0;0;0;0;3;0;0;0;0
Jonsson Bil och Trailer AB;5567365894;Teknik- och servicenämnden;Örebro kommun;Örebro;3;6;9;0;0;1;0;0;5;0;0;5;23;0;0;6;24;374;37;0
Futurum Fastigheter I Örebro Ab;5567366215;Kommunstyrelsen;Örebro kommun;Örebro;2900;178;2655;3588;1116;857;1455;887;1318;4439;1106;4854;2080;3721;807;850;294;4681;1330;2071
Scandinavian Centriair AB;5567379374;Teknik- och servicenämnden;Övriga Sverige;Partille;0;0;0;0;0;0;0;0;0;0;0;158;0;0;0;0;0;0;0;0
Stålshoppen i Örebro AB;5567380836;Teknik- och servicenämnden;Övriga Sverige;Solna;17;3;9;29;0;0;0;0;0;0;0;0;0;0;0;0;0;0;0;0
Växjö & Co AB;5567385454;Gymnasie- och arbetsmarknadsnämnden;Övriga Sverige;Växjö;0;0;0;0;0;0;0;0;0;0;0;0;27;0;0;12;0;0;0;31
Pontarius AB;5567395263;Markplanerings- och exploateringsnämnden;Övriga Sverige;Stockholm;469;210;274;234;245;313;693;396;32;617;1082;1036;240;321;226;186;365;52;363;150
Nytida Kasper Kollo AB;5567397830;Funktionsstödsnämnden;Övriga Sverige;Solna;0;0;0;0;0;0;0;0;151;0;0;0;0;0;0;0;0;0;0;77
Axiell Sverige AB;5567398218;Kommunstyrelsen;Övriga Sverige;Lund;450;0;1;0;15;1;5;4;1;2;26;1;0;0;1;7;0;1;0;0
PMP Public Media Partner AB;5567402192;Kommunstyrelsen;Övriga Sverige;Stockholm;0;0;0;3;0;0;0;0;0;0;0;32;71;0;0;45;5;0;0;0
Bjällbogården Aktiebolag;5567403703;Funktionsstödsnämnden;Örebro kommun;Örebro;26;0;0;3;0;12;1;7;7;54;0;3;1;17;199;210;10;105;1;61
VAL-BO AB;5567407316;Socialnämnden;Övriga Sverige;Norrköping;0;0;67;63;63;211;183;0;378;131;131;127;36;0;0;0;0;15;0;0
TYA AB;5567415442;Gymnasie- och arbetsmarknadsnämnden;Övriga Sverige;Solna;26;23;0;1;0;9;0;0;9;36;33;0;0;19;1;3;4;6;1;0
SLI Education AB;5567429153;Gymnasie- och arbetsmarknadsnämnden;Övriga Sverige;Motala;0;0;0;0;0;0;0;0;0;0;0;0;0;0;0;0;0;0;0;55
VA-guiden Sverige AB;5567439509;Bygg- och miljönämnden;Övriga Sverige;Uppsala;0;0;38;48;1;0;0;0;0;0;34;15;0;0;79;50;8;0;0;0
Cia Värdskap AB;5567439806;Kommunstyrelsen;Övriga Sverige;Göteborg;0;0;0;0;0;64;0;0;0;0;0;0;0;0;0;0;0;0;0;0
BolagsResursen BR AB;5567443774;Kommunstyrelsen;Övriga Sverige;Nykvarn;0;0;30;0;0;0;0;0;0;0;0;0;0;0;0;30;0;0;0;0
Posifon AB;5567443964;Vård- och omsorgsnämnden;Övriga Sverige;Göteborg;4;0;16;0;16;0;4;0;14;4;0;16;2;0;6;2;0;4;4;2
E.ON Kundsupport Sverige AB;5567444301;Markplanerings- och exploateringsnämnden;Övriga Sverige;Malmö;66;0;276;13;35;15;0;8;540;23;544;639;1765;1;12;13;2;3;2;4
Robertsons Charkuteri AB;5567444343;Teknik- och servicenämnden;Örebro kommun;Örebro;377;187;209;297;248;271;178;80;246;470;424;314;357;320;418;375;304;375;247;162
Byggdagboken i Sverige AB;5567453112;Teknik- och servicenämnden;Övriga Sverige;Ljusdal;119;0;0;0;0;0;0;0;0;0;0;0;191;0;0;0;0;0;0;0
BMS Växthusteknik AB;5567459606;Markplanerings- och exploateringsnämnden;Övriga Sverige;Hässleholm;0;0;240;0;0;0;0;0;0;0;0;0;0;29;0;0;0;0;0;0
Swedlock AB;5567465843;Teknik- och servicenämnden;Övriga Sverige;Halmstad;73;4;316;0;0;0;0;-98;12;12;28;12;12;0;25;43;12;22;12;43
Starpipe AB / Stålmiljö;5567467898;Kultur- och fritidsnämnden;Övriga Sverige;Falkenberg;166;0;0;0;0;8;0;0;0;0;0;44;0;0;3;0;0;0;0;0
Manpower Flexjobb AB;5567470447;Teknik- och servicenämnden;Övriga Sverige;Solna;0;0;0;0;0;0;0;0;0;0;0;0;0;0;6;46;0;24;25;40
ReadSpeaker AB;5567472047;Kommunstyrelsen;Övriga Sverige;Uppsala;0;0;27;0;0;0;0;0;0;0;0;0;0;31;0;0;0;0;0;0
TMA Örebro Utbildning AB;5567475321;Gymnasie- och arbetsmarknadsnämnden;Örebro kommun;Örebro;0;0;0;24;0;0;0;0;18;0;6;15;0;0;0;30;0;0;0;0
FamiljeDynamiken AB;5567476352;Socialnämnden;Övriga Sverige;Göteborg;0;0;0;0;0;0;0;0;0;0;0;0;0;0;0;0;0;0;0;78
Elverdals Lekplatser AB;5567502249;Teknik- och servicenämnden;Övriga Sverige;Lund;0;0;0;0;0;0;0;0;0;0;0;265;0;0;62;0;0;0;0;0
Klaragården Aktiebolag;5567505457;Funktionsstödsnämnden;Övriga Sverige;Stockholm;294;0;578;304;295;0;602;0;610;295;305;0;0;0;0;0;0;0;0;0
SSK Säkerhetsakademien AB;5567508709;Socialnämnden;Övriga Sverige;Uppsala;78;0;0;0;0;0;0;0;0;0;0;0;0;0;0;0;0;0;0;0
SW Horto AB;5567511927;Gymnasie- och arbetsmarknadsnämnden;Övriga Sverige;Hammenhög;0;0;0;0;22;39;0;1;2;0;0;0;0;0;0;47;18;3;4;0
Valcon AB;5567513253;Kommunstyrelsen;Övriga Sverige;Stockholm;80;0;0;0;0;0;0;0;0;0;0;0;0;0;0;0;0;0;0;0
Krica Behandling och Utbildning AB;5567543037;Socialnämnden;Övriga Sverige;Stockholm;0;0;0;0;0;0;0;0;0;0;0;0;78;0;260;136;0;96;0;0
Svenskt Kretslopp AB;5567543672;Teknik- och servicenämnden;Övriga Sverige;Mölnbo;0;0;78;102;0;0;0;0;195;115;116;12;17;0;62;28;18;0;0;142
Humana LSS Sverige AB;5567543912;Funktionsstödsnämnden;Övriga Sverige;Stockholm;2058;0;3970;2089;1971;2026;1935;0;4006;1931;2027;1999;2066;0;4026;2115;0;4162;2047;2115
Hagströmska Gymnasiet AB;5567550461;Gymnasie- och arbetsmarknadsnämnden;Övriga Sverige;Stockholm;11;11;13;11;11;11;15;15;29;19;22;22;20;20;12;12;12;27;15;0
Söderberg Rådhus AB;5567552269;Kommunstyrelsen;Örebro kommun;Örebro;2978;0;9;0;0;0;0;0;0;0;0;0;3500;0;0;0;0;0;0;0
Stigebäcks Elektriska AB;5567555015;Grundskolenämnden;Örebro kommun;Örebro;0;0;0;82;0;0;0;0;0;0;0;0;20;0;0;0;0;0;0;0
Landa Familjevård AB;5567556302;Socialnämnden;Övriga Sverige;Falun;47;49;44;49;48;49;48;0;98;48;49;48;0;98;44;49;0;103;49;51
LIA-skolan Örebro AB;5567557367;Gymnasie- och arbetsmarknadsnämnden;Örebro kommun;Örebro;477;484;481;481;481;481;224;224;1239;560;560;583;574;580;577;577;577;941;364;0
Processkontroll GT AB;5567562540;Teknik- och servicenämnden;Övriga Sverige;Stora Höga;0;0;0;0;0;0;0;0;4;0;0;0;0;0;0;49;0;0;0;0
MediStore AB;5567563654;Vård- och omsorgsnämnden;Övriga Sverige;Spånga;7;2;0;0;10;17;0;0;1;0;0;1;0;0;0;0;3;20;3;0
Great Big One Systems AB;5567566764;Teknik- och servicenämnden;Övriga Sverige;Märsta;17;8;8;9;10;9;9;0;18;12;0;18;11;10;11;10;0;28;11;8
Nitoves Aktiebolag;5567571285;Teknik- och servicenämnden;Övriga Sverige;Norrköping;24;0;0;2;0;0;16;32;0;0;0;24;0;0;78;0;0;0;0;0
FSD Mitt Aktiebolag;5567577894;Markplanerings- och exploateringsnämnden;Övriga Sverige;Malmö;0;0;0;0;0;0;0;0;0;0;0;16;15;0;1;2;1;25;4;0
Assistans Care Sverige AB;5567579064;Funktionsstödsnämnden;Övriga Sverige;Skärholmen;0;0;0;0;0;149;146;71;73;72;74;73;0;126;67;74;72;72;71;79
PEMA CONTROL AB;5567589014;Teknik- och servicenämnden;Övriga Sverige;Göteborg;0;0;0;0;0;0;0;0;0;91;0;0;0;0;0;0;0;0;0;0
Inter trim trade AB;5567591416;Socialnämnden;Örebro kommun;Örebro;0;0;0;4;0;0;0;0;0;0;0;0;0;0;1;24;0;115;29;0
Jain Trädgård AB;5567599070;Teknik- och servicenämnden;Övriga Sverige;Huddinge;0;0;0;0;0;901;470;59;509;226;0;0;0;0;0;0;0;0;0;0
NiceBoxes Scandinavia AB;5567614580;Valnämnden;Övriga Sverige;Nacka;0;0;0;0;0;0;0;0;0;0;0;0;0;0;0;0;0;0;254;0
C3C Engineering AB;5567620082;Teknik- och servicenämnden;Övriga Sverige;Växjö;0;0;83;0;0;0;0;0;0;0;0;0;0;0;0;0;0;0;0;0
HR Group Nordic AB;5567620199;Vård- och omsorgsnämnden;Övriga Sverige;Stockholm;0;0;0;0;0;0;0;130;28;0;0;0;0;0;0;0;0;0;0;0
Disa Assistans AB;5567625776;Funktionsstödsnämnden;Örebro kommun;Örebro;96;71;0;116;60;58;60;566;208;208;206;208;207;199;271;59;68;59;59;59
HerbertNathan & Co Aktiebolag;5567635478;Kommunstyrelsen;Övriga Sverige;Göteborg;80;0;201;107;98;97;108;0;132;309;352;278;152;0;121;48;0;0;0;0
Inagården AB;5567638159;Funktionsstödsnämnden;Övriga Sverige;Tärnsjö;428;225;196;225;217;231;217;0;449;217;225;217;0;455;208;231;0;454;223;231
Åsbro Kursgård AB;5567640908;Gymnasie- och arbetsmarknadsnämnden;Övriga Örebro län;Åsbro;384;0;336;108;264;0;288;0;149;0;298;322;161;322;136;273;0;285;372;149
OneMed Sverige AB;5567644140;Vård- och omsorgsnämnden;Övriga Sverige;Göteborg;2216;2434;2608;1865;2018;2089;2502;1546;2005;2384;2101;2341;2235;2372;2477;2453;2279;2840;3006;2368
Nätverkskompaniet Maria Moody- Käll;5567650352;Socialnämnden;Övriga Sverige;Västerås;0;4;0;4;4;0;6;0;0;6;0;12;0;0;6;6;0;6;0;0
Bloton Öppenvård Aktiebolag;5567651913;Socialnämnden;Örebro kommun;Örebro;510;0;1083;550;618;726;782;0;1443;1061;685;822;662;368;664;562;0;943;385;369
TEAM ACTUM AB;5567653372;Socialnämnden;Örebro kommun;Örebro;106;91;171;0;179;90;87;90;0;177;90;87;0;90;90;171;0;87;179;0
Ängsgårdens System AB;5567657365;Teknik- och servicenämnden;Övriga Örebro län;Lindesberg;0;0;0;0;0;45;68;0;0;0;0;0;0;0;0;0;0;0;0;0
JM Holmberg Produktion AB;5567657795;Kultur- och fritidsnämnden;Örebro kommun;Glanshammar;0;0;0;0;0;0;0;0;0;0;0;0;0;0;0;0;0;170;60;52
Visit Karlstad AB;5567660013;Fullmäktige och stadsrevision;Övriga Sverige;Karlstad;0;0;0;0;0;0;0;0;69;0;0;0;0;0;0;0;0;14;0;0
Lannalodge AB;5567666077;Förskolenämnden;Örebro kommun;Vintrosa;10;0;12;0;93;30;57;8;191;16;63;93;27;0;62;26;4;106;5;0
Wiktorson Hjälpmedel AB;5567666879;Vård- och omsorgsnämnden;Örebro kommun;Örebro;0;3;9;0;2;3;0;0;0;4;4;0;19;34;0;3;29;0;10;13
Cederängen utrednings- och behandli;5567667984;Socialnämnden;Övriga Sverige;Västerås;331;4;339;334;339;394;400;412;421;116;7;6;46;244;246;151;0;5;4;5
Programmet Vägledande Samspel ICDP;5567669055;Grundskolenämnden;Övriga Sverige;Habo;5;0;0;0;1;0;0;0;9;42;0;0;7;0;1;4;1;0;0;0
SWECO Sverige AB;5567679849;Markplanerings- och exploateringsnämnden;Övriga Sverige;Stockholm;536;188;308;146;95;131;185;144;65;215;65;321;230;95;199;828;532;760;239;694
Rondera AB;5567680078;Grundskolenämnden;Örebro kommun;Örebro;80;0;0;0;0;0;1;0;1;0;14;37;81;0;3;8;5;10;0;0
Vision Omsorg AB;5567685101;Socialnämnden;Övriga Sverige;Norrköping;0;0;0;0;0;0;0;0;0;0;0;0;0;0;192;124;0;36;216;124
MariMatic AB;5567687552;Vård- och omsorgsnämnden;Övriga Sverige;Nacka;9;0;18;9;9;9;9;0;18;9;9;9;9;0;18;9;0;18;9;9
Svevia AB (publ);5567689848;Teknik- och servicenämnden;Övriga Sverige;Stockholm;6092;0;0;0;0;326;0;6044;2000;10416;3193;9503;6435;1376;0;0;0;307;86;4253
Structor Akustik AB;5567692446;Markplanerings- och exploateringsnämnden;Övriga Sverige;Stockholm;0;0;24;29;2;3;6;0;0;0;3;4;26;0;0;0;0;26;28;0
Nordströms Bygghandel AB;5567701718;Teknik- och servicenämnden;Övriga Sverige;Stockholm;0;0;0;0;0;25;0;20;0;0;6;25;5;0;0;0;0;0;0;1
Ningab AB;5567708192;Fullmäktige och stadsrevision;Övriga Sverige;Leksand;33;0;66;31;31;31;63;0;31;45;33;33;33;31;33;33;0;64;31;0
Folier Sverige AB;5567708762;Kultur- och fritidsnämnden;Övriga Sverige;Vagnhärad;90;3;11;11;1;20;13;0;2;12;0;40;0;6;12;20;4;9;17;0
Gerdmarie Zäll AB;5567708986;Gymnasie- och arbetsmarknadsnämnden;Örebro kommun;Örebro;37;8;26;19;16;18;66;16;5;1;1;0;0;0;1;0;0;0;0;0
Älvestad-Tanken AB;5567713291;Teknik- och servicenämnden;Övriga Sverige;Linköping;0;0;0;0;0;0;0;0;0;0;0;0;500;0;0;0;0;0;0;0
Förskolan Försprånget AB;5567717888;Förskolenämnden;Örebro kommun;Örebro;408;405;405;581;405;405;359;359;415;390;432;509;396;412;423;413;615;526;375;375
Sjötorps Bygg AB;5567720460;Markplanerings- och exploateringsnämnden;Övriga Sverige;Katrineholm;0;0;0;0;709;612;868;599;591;394;687;0;44;525;0;0;0;0;145;0
Prodia AB;5567725816;Socialnämnden;Övriga Sverige;Vellinge;26;21;57;6;20;29;35;6;36;18;20;51;19;17;49;11;29;20;18;9
Hexanova Events AB;5567726194;Kommunstyrelsen;Övriga Sverige;Göteborg;0;0;0;5;0;0;0;0;40;0;8;16;0;0;0;0;0;11;0;0
Lås och Säkerhetsspecialisten i Sve;5567731012;Gymnasie- och arbetsmarknadsnämnden;Övriga Örebro län;Lindesberg;1;0;0;0;10;0;0;0;0;9;6;3;0;31;3;110;7;38;1;0
Scanmast AB;5567755938;Kultur- och fritidsnämnden;Övriga Sverige;Mora;40;0;0;0;0;0;0;0;0;0;0;0;40;0;0;0;0;0;0;0
Älvdalens Utbildningscentrum AB;5567759120;Gymnasie- och arbetsmarknadsnämnden;Övriga Sverige;Älvdalen;28;28;29;28;28;28;36;36;79;50;52;52;53;55;54;54;54;124;70;0
Familjehemsguiden AB;5567759328;Socialnämnden;Övriga Sverige;Vagnhärad;216;216;222;201;223;209;230;209;216;224;217;216;209;216;216;410;0;209;216;209
Jtolkforall AB;5567774723;Gymnasie- och arbetsmarknadsnämnden;Övriga Sverige;Stockholm;59;0;167;166;185;196;132;3;216;148;162;63;80;0;200;101;0;166;28;12
Viljan Friskola AB;5567777775;Gymnasie- och arbetsmarknadsnämnden;Övriga Sverige;Stockholm;25;25;25;25;25;25;25;25;25;25;26;26;0;0;0;0;0;0;0;0
STIL Assistans AB;5567779615;Funktionsstödsnämnden;Övriga Sverige;Farsta;31;2;20;0;0;54;0;40;0;83;35;0;0;79;38;0;17;14;0;0
Gårda Johan Sport Lek & Landskap AB;5567784789;Kultur- och fritidsnämnden;Övriga Sverige;Göteborg;121;0;0;0;0;0;0;0;0;0;0;0;0;0;0;0;0;0;0;0
K-D Villaservice AB;5567785661;Grundskolenämnden;Övriga Örebro län;Karlskoga;331;0;0;0;74;0;0;0;0;0;0;0;0;0;0;0;0;0;0;0
Rekryteringsgruppen i Örebro AB;5567788236;Teknik- och servicenämnden;Övriga Sverige;Hägersten;0;0;0;0;0;0;0;0;59;179;119;60;43;0;0;0;0;0;0;0
Lets Go By Bus Örebro Sweden AB;5567790752;Gymnasie- och arbetsmarknadsnämnden;Örebro kommun;Örebro;244;141;413;330;418;517;308;33;94;379;309;415;175;166;269;453;197;495;303;55
Thinktrain AB;5567799787;Teknik- och servicenämnden;Övriga Sverige;Limhamn;9;0;0;9;0;0;9;0;0;0;10;0;10;0;0;10;0;0;10;0
Inyett AB;5567804348;Kommunstyrelsen;Övriga Sverige;Helsingborg;10;0;21;11;11;11;11;0;21;13;13;13;13;0;26;13;0;26;13;13
Kompetens Express Sverige AB;5567811715;Kommunstyrelsen;Övriga Sverige;Stockholm;0;0;0;0;0;0;0;0;0;0;540;0;135;0;0;0;0;0;0;0
Steget Vidare AB;5567822712;Socialnämnden;Övriga Sverige;Göteborg;0;0;0;0;0;0;0;0;0;0;209;140;79;0;0;0;0;0;0;0
Karlskoga Idrottsgymnasium AB;5567823611;Gymnasie- och arbetsmarknadsnämnden;Övriga Sverige;Stockholm;15;15;17;15;15;15;10;10;4;7;9;10;8;8;8;8;8;17;10;0
PS Inkasso & Juridik AB;5567841258;Vård- och omsorgsnämnden;Övriga Sverige;Göteborg;2;5;2;5;1;2;8;1;4;2;4;2;3;0;3;4;0;3;1;22
2LEARN SUSANNE WALLIN  PETTERSSON AB;5567843064;Vård- och omsorgsnämnden;Övriga Sverige;Luleå;33;0;0;0;0;0;0;0;0;0;0;0;0;0;0;33;0;0;0;0
Kronans Apotek AB;5567872048;Vård- och omsorgsnämnden;Övriga Sverige;Stockholm;0;0;0;0;5;7;6;0;8;3;4;0;5;1;7;2;1;8;1;9
Cloud Connected Sweden AB;5567874994;Kommunstyrelsen;Övriga Sverige;Stockholm;0;0;0;0;0;0;30;0;0;0;0;0;0;0;0;0;0;0;30;0
Ventmetoder Västerås AB;5567884167;Teknik- och servicenämnden;Övriga Sverige;Västerås;0;0;0;18;12;0;602;95;309;32;115;228;196;69;116;311;419;50;257;73
Patia Elisabethgården AB;5567895213;Socialnämnden;Övriga Sverige;Vimmerby;276;0;487;0;0;0;0;0;0;0;0;0;0;0;0;0;0;0;0;0
Smart Retail i Sverige AB;5567902126;Gymnasie- och arbetsmarknadsnämnden;Övriga Sverige;Stockholm;0;0;0;0;0;0;0;0;0;53;0;0;0;0;0;0;0;0;0;0
REKLAMPROFFSEN Skandinavien AB;5567906713;Gymnasie- och arbetsmarknadsnämnden;Örebro kommun;Örebro;159;6;31;5;1;0;0;0;189;45;1;53;0;0;0;13;0;0;0;0
Kompressor Teknik ML AB;5567912315;Teknik- och servicenämnden;Övriga Sverige;Smedjebacken;6;0;0;0;0;0;0;0;0;0;0;14;95;0;0;0;0;0;0;0
Geoforum Sverige Service AB;5567916092;Markplanerings- och exploateringsnämnden;Övriga Sverige;Stockholm;0;0;25;0;0;0;0;0;0;0;0;0;0;26;0;0;0;0;0;0
Stiliom AB;5567917165;Teknik- och servicenämnden;Övriga Sverige;Karlstad;484;0;0;0;965;338;348;1;0;0;0;398;246;12;200;270;0;279;6;0
Lenima Machine Tool AB;5567920185;Gymnasie- och arbetsmarknadsnämnden;Övriga Sverige;Alingsås;9;0;0;0;0;55;0;0;0;0;0;0;0;0;0;0;0;0;0;0
ROMABO SOLSKYDD AB;5567928634;Gymnasie- och arbetsmarknadsnämnden;Övriga Sverige;Sollentuna;120;0;39;100;12;120;215;412;46;83;20;13;0;66;27;37;0;0;0;0
Swedwise AB;5567932354;Kommunstyrelsen;Övriga Sverige;Karlstad;51;0;62;52;15;16;15;0;16;21;26;11;14;0;0;2;0;0;0;0
ECAEL AB;5567944441;Vård- och omsorgsnämnden;Örebro kommun;Örebro;39;35;7;9;93;19;8;50;45;26;45;22;30;11;34;8;15;53;24;15
Frödin Natur & Fritid AB;5567950760;Kultur- och fritidsnämnden;Övriga Sverige;Uppsala;47;19;0;0;11;75;17;0;74;1;0;23;0;0;22;0;0;0;0;0
Safeaid AB;5567957393;Kultur- och fritidsnämnden;Övriga Sverige;Eskilstuna;8;2;20;3;0;11;2;0;27;7;3;0;2;6;7;6;0;2;11;0
Bro International AB;5567967483;Markplanerings- och exploateringsnämnden;Örebro kommun;Örebro;37;12;0;0;0;0;0;0;0;0;57;0;0;0;0;0;0;0;0;0
Skadeteknik Sverige AB;5567979835;Markplanerings- och exploateringsnämnden;Örebro kommun;Örebro;65;50;78;173;40;0;49;-4;93;23;100;0;53;0;36;4;41;224;33;1
ELFA Assistans i Sverige AB;5567982813;Funktionsstödsnämnden;Övriga Sverige;Solna;0;0;23;38;7;0;14;0;7;0;4;3;0;2;0;9;0;0;0;0
EducateIT Nordic AB;5567988950;Förskolenämnden;Övriga Sverige;Söderhamn;224;0;0;0;0;0;448;0;0;0;0;249;0;0;0;0;0;0;0;0
Placeringsinformation Sverige AB;5567989271;Socialnämnden;Övriga Sverige;Stockholm;0;0;0;0;0;0;368;44;0;0;177;0;107;0;0;93;0;24;0;0
Brookfield Underwriting AB;5567995351;Kommunstyrelsen;Övriga Sverige;Stockholm;0;308;0;0;0;0;0;0;0;0;0;0;0;310;0;0;0;0;0;0
ART Uppland AB;5568004492;Socialnämnden;Övriga Sverige;Uppsala;0;0;0;0;0;0;0;0;0;0;0;0;0;0;0;0;27;14;0;39
Öbo Omsorgsfastigheter AB;5568005432;Kommunstyrelsen;Örebro kommun;Örebro;1009;1943;2998;440;527;2455;767;2809;129;1563;417;252;592;94;59;2865;1574;3709;945;968
Söderberg Oxhagen AB;5568005457;Kommunstyrelsen;Örebro kommun;Örebro;0;0;0;0;0;0;0;0;20;8;0;0;0;2;18;3;0;0;0;0
Victoriahem Björkriset AB;5568005465;Kommunstyrelsen;Övriga Sverige;Malmö;0;6;88;0;0;0;6;0;68;0;6;32;0;0;6;0;0;0;0;2
Victoriahem Tallriset AB;5568005473;Kommunstyrelsen;Övriga Sverige;Malmö;0;0;57;0;0;0;0;0;57;0;0;0;0;0;0;1;0;0;0;0
FMF Assistans AB;5568007206;Funktionsstödsnämnden;Örebro kommun;Örebro;60;118;62;59;91;64;64;62;92;0;20;0;0;36;4;8;4;63;77;43
Biototal Norden AB;5568010325;Teknik- och servicenämnden;Övriga Sverige;Vreta Kloster;395;0;1309;595;717;600;1617;0;1793;0;731;0;0;0;0;0;0;0;0;0
Frilans Finans Sverige AB;5568021199;Kultur- och fritidsnämnden;Övriga Sverige;Uppsala;24;0;1;1;10;33;19;0;56;16;27;18;52;23;20;8;37;4;23;27
Lawnit Sport AB;5568027568;Teknik- och servicenämnden;Övriga Sverige;Löddeköpinge;0;0;0;0;0;15;0;165;0;0;0;0;0;0;0;0;0;0;0;0
Pronecta AB;5568029879;Teknik- och servicenämnden;Övriga Sverige;Kalmar;101;0;184;150;152;25;122;72;19;5;187;142;44;141;38;232;150;41;29;128
WJ Konsult i Lidköping AB;5568032097;Överförmyndarnämnden;Övriga Sverige;Lidköping;0;0;57;0;0;11;0;0;0;0;0;0;0;0;2;0;0;0;0;0
Digital Media Innovations Sweden AB;5568034291;Kommunstyrelsen;Övriga Sverige;Stockholm;0;0;0;0;0;33;0;0;0;0;0;0;0;0;0;0;0;36;0;0
Oktan Sverige AB;5568042062;Markplanerings- och exploateringsnämnden;Övriga Sverige;Östersund;0;0;0;0;0;0;0;0;0;0;0;0;230;1;0;0;0;0;0;0
Riggtech Entreprenad AB;5568046097;Teknik- och servicenämnden;Övriga Sverige;Ljusdal;0;0;0;0;0;0;0;0;0;0;0;0;1201;0;0;0;0;0;0;0
Komsol Stockholm AB;5568051014;Teknik- och servicenämnden;Övriga Sverige;Upplands Väsby;0;0;0;0;0;0;56;0;0;0;0;0;0;0;0;0;0;0;0;0
Arkeologgruppen i Örebro AB;5568057904;Teknik- och servicenämnden;Örebro kommun;Örebro;0;0;0;0;0;0;58;649;0;0;0;758;140;0;0;0;0;0;0;0
Dimatech AB;5568059538;Kommunstyrelsen;Övriga Sverige;Stockholm;0;0;0;69;0;0;0;0;0;0;0;0;0;0;0;78;0;0;0;0
Guvå Konsult AB;5568060973;Grundskolenämnden;Övriga Sverige;Södertälje;63;0;0;0;0;21;0;0;0;0;0;0;0;0;0;0;0;0;0;0
Norlandia Förskolor Kids2Home AB;5568061468;Förskolenämnden;Övriga Sverige;Skene;1652;1642;1668;2431;1718;1718;1434;1434;1930;1557;1566;2033;1636;1664;1749;1733;2465;2132;1347;1352
Vittrasel Utbildningsforum AB;5568067689;Socialnämnden;Övriga Sverige;Sundsvall;10;0;0;0;0;0;0;0;0;0;62;0;0;0;0;0;0;0;0;0
Svensk Vårdsupport AB;5568095375;Socialnämnden;Övriga Sverige;Stockholm;0;0;0;0;0;0;0;0;0;0;0;0;0;0;0;0;0;0;0;268
Taxi Drakstaden AB;5568105661;Gymnasie- och arbetsmarknadsnämnden;Övriga Sverige;Sundsvall;15;4;19;8;15;3;4;0;0;1;3;4;0;0;0;0;0;0;0;0
Jobylon AB;5568106172;Kommunstyrelsen;Övriga Sverige;Stockholm;8;0;16;8;8;8;8;0;16;8;0;8;8;8;8;8;0;16;8;16
Assistans Kompetens i Sverige AB;5568111008;Funktionsstödsnämnden;Övriga Sverige;Stockholm;0;0;8;3;0;0;0;0;0;0;11;0;8;0;6;0;14;0;0;0
Ren Service i Örebro AB;5568112543;Vård- och omsorgsnämnden;Örebro kommun;Örebro;121;115;124;0;269;0;281;0;257;150;151;161;0;253;128;122;149;129;125;113
Nordic Sport Sales AB;5568117187;Kultur- och fritidsnämnden;Övriga Sverige;Skellefteå;6;0;0;0;0;0;0;0;0;0;0;0;0;0;1;62;16;0;0;0
PWS Nordic AB;5568124407;Teknik- och servicenämnden;Övriga Sverige;Perstorp;0;0;0;0;0;0;0;0;0;0;0;0;0;0;0;0;563;6;0;186
Facility Labs AB;5568124738;Teknik- och servicenämnden;Övriga Sverige;Danderyd;15;0;30;15;15;15;15;0;30;15;15;15;15;0;15;67;0;88;30;29
V.S.O.P Butik AB;5568139504;Gymnasie- och arbetsmarknadsnämnden;Örebro kommun;Örebro;20;0;30;5;0;25;2;10;6;65;27;47;43;13;38;3;0;14;17;7
EWF Rental AB;5568141666;Teknik- och servicenämnden;Övriga Sverige;Rimbo;60;0;0;0;33;0;0;0;0;0;0;0;0;0;0;0;0;0;0;0
AmiSgo AB;5568148117;Grundskolenämnden;Övriga Sverige;Västerås;2048;2042;2040;2040;2049;2143;2049;2049;2439;2166;2117;2413;2071;2203;2162;2155;2165;2570;1873;1873
Svanen Hemtjänst Aktiebolag;5568153919;Funktionsstödsnämnden;Övriga Sverige;Nacka;83;83;86;86;86;86;86;86;86;86;86;86;86;86;87;87;87;87;87;87
Airwatergreen AB;5568154818;Teknik- och servicenämnden;Övriga Sverige;Uppsala;0;0;0;0;0;0;26;0;0;5;0;0;29;0;0;4;0;0;63;0
Gullbergs MMVIII AB;5568156789;Teknik- och servicenämnden;Övriga Örebro län;Kumla;0;0;0;0;0;83;284;0;62;89;10;124;122;0;588;5;25;312;0;0
URBIO AB;5568158637;Markplanerings- och exploateringsnämnden;Övriga Sverige;Stockholm;3;180;0;20;5;2;0;0;0;0;0;0;0;0;39;130;11;142;96;38
TH:s Måleri AB;5568164650;Gymnasie- och arbetsmarknadsnämnden;Örebro kommun;Örebro;35;4;24;0;21;0;0;0;0;11;0;37;16;86;11;0;0;0;0;0
Bro Underhåll & Service BUS AB;5568177504;Teknik- och servicenämnden;Övriga Sverige;Trollhättan;88;40;0;939;577;2;111;217;55;139;0;628;247;1543;0;55;55;71;74;55
Odensbackens Företagscentrum AB;5568177678;Teknik- och servicenämnden;Övriga Örebro län;Lindesberg;43;0;0;0;0;43;0;0;0;58;0;0;43;0;0;43;0;43;0;0
Svenska Naturlekplatser AB;5568187313;Teknik- och servicenämnden;Övriga Sverige;Billesholm;0;0;0;0;0;0;0;0;0;0;0;0;0;0;0;0;425;0;0;0
Triart Film AB;5568204639;Kultur- och fritidsnämnden;Övriga Sverige;Stockholm;5;8;3;16;2;0;0;0;7;9;18;13;10;7;2;13;3;3;0;0
Måleributiken i Örebro AB;5568216500;Teknik- och servicenämnden;Örebro kommun;Örebro;0;8;10;1;7;1;4;2;8;1;3;2;12;3;6;3;6;10;1;4
Sköna Gröna Skogar AB;5568229792;Markplanerings- och exploateringsnämnden;Örebro kommun;Vintrosa;60;91;96;118;182;110;214;94;82;158;228;266;134;216;100;155;118;138;233;104
JOMNIBUS AB;5568233000;Markplanerings- och exploateringsnämnden;Övriga Örebro län;Kumla;79;0;0;0;36;41;169;261;0;249;28;16;28;0;0;0;0;0;120;335
Katrinelund i Hjälmaren AB;5568239122;Grundskolenämnden;Örebro kommun;Stora Mellösa;0;0;52;21;0;29;159;0;27;178;67;7;7;68;0;27;0;10;79;0
Inhouse Tech Göteborg AB;5568241201;Teknik- och servicenämnden;Övriga Sverige;Göteborg;0;0;0;0;0;0;0;0;0;0;0;0;0;0;0;183;0;91;91;201
Fastighetsklimat i Sverige AB;5568243801;Teknik- och servicenämnden;Övriga Sverige;Kungsör;0;0;0;0;0;0;0;0;123;165;0;0;0;0;0;0;0;0;0;0
AB Martin G. Anderson;5568245806;Markplanerings- och exploateringsnämnden;Örebro kommun;Örebro;3;0;0;0;0;0;0;0;32;0;23;0;0;0;0;0;0;0;0;1
Nerikes Utbildningar AB;5568246218;Gymnasie- och arbetsmarknadsnämnden;Övriga Örebro län;Laxå;36;0;0;0;4;0;24;0;0;4;3;0;32;18;0;6;6;0;0;28
Första Hjälpencentrum i Sverige AB;5568246432;Vård- och omsorgsnämnden;Övriga Sverige;Västerås;13;5;0;0;0;0;0;1;11;29;0;5;7;21;2;0;34;1;0;0
Arento AB;5568254352;Teknik- och servicenämnden;Övriga Sverige;Stockholm;64;0;42;24;3;33;0;41;6;29;63;54;68;55;49;44;48;58;39;35
Central Europe Travel AB;5568258932;Gymnasie- och arbetsmarknadsnämnden;Övriga Sverige;Stockholm;0;0;0;0;0;0;0;0;102;2;0;0;0;0;0;0;0;0;0;0
ProReNata AB;5568275555;Kommunstyrelsen;Övriga Sverige;Stockholm;147;0;296;0;293;0;292;0;155;170;0;0;0;0;0;0;0;0;0;0
PerFeGt Trygghet i Sverige AB;5568286263;Teknik- och servicenämnden;Övriga Sverige;Ystad;4;4;4;4;4;4;8;0;4;4;4;4;0;8;4;8;0;4;4;4
Bobtrans AB;5568326317;Teknik- och servicenämnden;Övriga Sverige;Sollentuna;0;0;0;0;0;232;0;0;0;0;0;0;0;0;0;0;0;0;0;0
Vingar som bär, Assistans & Utveckling;5568341241;Funktionsstödsnämnden;Övriga Sverige;Hisings Backa;0;0;0;0;0;156;155;155;155;157;157;156;0;316;159;159;159;157;156;156
Söderort Assistans Aktiebolag;5568342603;Funktionsstödsnämnden;Örebro kommun;Örebro;65;17;17;16;17;0;34;17;17;37;66;17;17;17;17;17;17;17;17;133
Forum Fastighetsekonomi AB;5568343783;Gymnasie- och arbetsmarknadsnämnden;Övriga Sverige;Stockholm;0;27;45;0;43;0;170;5;0;36;34;75;3;0;0;0;26;179;0;0
Stenvalvet 207 Örebro Östra Via AB;5568349913;Vård- och omsorgsnämnden;Övriga Sverige;Stockholm;10;0;4;0;0;0;0;0;0;0;0;0;6;0;0;0;39;0;0;0
Göran Fröst Production AB;5568359649;Kommunstyrelsen;Örebro kommun;Örebro;0;0;0;0;0;0;0;0;0;25;0;0;6;0;0;0;0;64;0;0
Toxicon AB;5568377294;Teknik- och servicenämnden;Övriga Sverige;Härslöv;0;0;78;0;0;0;0;0;0;0;0;0;0;0;0;0;0;0;0;0
Fogdhyttans Vård- och Behandlingshe;5568382484;Socialnämnden;Övriga Örebro län;Nora;92;0;22;0;1;0;0;0;0;0;0;0;0;0;0;0;0;0;0;0
AB Bergsgatan - Handledning, Psykot;5568385602;Gymnasie- och arbetsmarknadsnämnden;Övriga Sverige;Stockholm;59;0;24;20;80;0;0;0;39;21;31;30;14;0;35;0;11;90;0;0
itsy AB;5568398605;Grundskolenämnden;Örebro kommun;Örebro;26;609;501;1007;163;344;792;76;296;354;533;991;88;523;355;987;52;330;741;66
Icuro Sverige AB;5568428113;Socialnämnden;Övriga Sverige;Hisings Kärra;0;0;94;0;0;0;0;0;0;0;0;0;0;0;0;0;0;0;0;0
Industrispecialisten RALLAB AB;5568446305;Teknik- och servicenämnden;Övriga Sverige;Kungsbacka;0;55;34;0;0;0;0;0;0;0;0;0;0;0;0;0;0;0;0;0
Kreativa Byrån i Örebro AB;5568455116;Markplanerings- och exploateringsnämnden;Örebro kommun;Örebro;17;0;0;14;0;0;0;2;0;6;0;22;0;0;0;29;25;122;0;25
Acona AB;5568455355;Markplanerings- och exploateringsnämnden;Övriga Sverige;Alingsås;9;0;0;16;0;0;0;0;0;0;0;0;0;0;0;15;0;24;0;0
Botrygg Örebro AB;5568456536;Funktionsstödsnämnden;Övriga Sverige;Linköping;3;19;0;10;38;25;29;82;7;36;12;5;64;2;0;67;4;8;0;29
Ljusgrossisten Svenska AB;5568462757;Kultur- och fritidsnämnden;Övriga Sverige;Stockholm;64;0;0;0;0;0;0;0;0;26;0;0;17;0;0;0;0;0;0;0
Sigtuna OmVård AB;5568467046;Vård- och omsorgsnämnden;Övriga Sverige;Märsta;0;0;0;0;0;99;96;0;198;0;96;227;99;61;0;0;0;0;0;0
Axbergs Bilservice AB;5568514151;Teknik- och servicenämnden;Örebro kommun;Odensbacken;32;33;53;48;31;22;29;23;42;12;13;11;12;11;54;4;17;0;25;10
MGE-Teknik AB;5568522055;Teknik- och servicenämnden;Övriga Sverige;Trollhättan;0;0;0;0;0;0;0;0;103;25;0;0;1230;0;60;0;0;0;0;609
Hjälmarens Sjötjänst AB;5568550007;Kultur- och fritidsnämnden;Örebro kommun;Örebro;14;11;23;37;11;40;28;25;34;11;23;11;11;11;11;0;58;28;11;62
Experis AB;5568551104;Teknik- och servicenämnden;Övriga Sverige;Solna;332;280;335;131;177;0;0;0;0;0;0;0;111;117;297;446;206;219;230;262
Desiderate AB;5568562408;Markplanerings- och exploateringsnämnden;Örebro kommun;Örebro;24;0;9;56;24;7;22;0;0;24;26;33;0;0;0;0;0;0;0;0
Moresco Projektledning AB;5568566748;Markplanerings- och exploateringsnämnden;Övriga Sverige;Malmö;0;0;0;0;0;0;0;0;0;0;0;0;0;0;87;62;0;58;1;38
Fyren EkAlmen AB;5568568629;Grundskolenämnden;Örebro kommun;Örebro;3022;3020;3014;3001;2987;3078;2956;2956;3282;2913;2895;3679;2907;3027;2975;2961;2997;3903;3013;3046
Bonliva AB;5568572886;Vård- och omsorgsnämnden;Övriga Sverige;Stockholm;0;126;159;146;247;204;45;172;35;13;0;0;0;0;85;144;297;214;395;361
KINEH AB;5568578297;Funktionsstödsnämnden;Övriga Sverige;Stockholm;0;0;0;0;0;0;0;0;0;0;0;0;0;0;0;0;0;0;52;0
Orrfält?s Svets & Montage AB;5568586019;Markplanerings- och exploateringsnämnden;Örebro kommun;Örebro;81;0;58;7;0;0;62;27;32;25;12;30;30;2;3;33;0;23;15;35
Ateljé Susanne Arvidsson AB;5568599525;Grundskolenämnden;Örebro kommun;Örebro;0;0;40;0;0;54;14;0;0;0;0;0;0;0;26;0;0;27;0;0
LG Lyft & Elteknik AB;5568621378;Vård- och omsorgsnämnden;Övriga Sverige;Västerås;0;0;0;199;0;137;33;0;0;0;0;0;0;0;0;0;0;0;0;0
Trädkontoret Skåne AB;5568627847;Teknik- och servicenämnden;Övriga Sverige;Malmö;48;0;267;180;52;134;45;66;49;4;38;0;4;0;0;0;0;68;32;0
Radar Group AB;5568635931;Kommunstyrelsen;Övriga Sverige;Stockholm;84;0;0;0;0;0;0;0;0;120;0;0;0;0;0;6;0;0;0;0
MyStudyWeb Sweden AB;5568635949;Gymnasie- och arbetsmarknadsnämnden;Övriga Sverige;Stockholm;0;0;0;0;0;0;16;0;26;1;0;0;0;0;0;0;0;0;18;0
Fyren Assistans AB;5568644651;Funktionsstödsnämnden;Övriga Sverige;Göteborg;33;33;34;34;0;0;8;0;0;0;0;0;0;0;0;300;0;150;150;150
Miljö- och Avfallsbyrån i Mälardale;5568646870;Teknik- och servicenämnden;Övriga Sverige;Västerås;15;0;0;0;0;0;0;0;0;0;0;147;57;0;46;7;0;0;0;79
Opus Bilprovning AB;5568651342;Teknik- och servicenämnden;Övriga Sverige;Vällingby;0;29;60;0;28;20;24;0;20;18;1;31;32;0;50;0;0;0;0;3
ÅF Digital Solutions AB;5568664444;Teknik- och servicenämnden;Övriga Sverige;Stockholm;110;162;72;131;121;106;105;38;39;63;37;88;80;48;90;86;0;0;0;0
ISKO AB;5568674963;Grundskolenämnden;Övriga Sverige;Farsta;0;0;0;0;0;0;0;0;0;0;0;0;0;0;328;1890;466;1839;5324;2585
Nordicc i Ljungby AB;5568677552;Teknik- och servicenämnden;Övriga Sverige;Ljungby;0;37;0;0;0;0;0;0;0;0;57;0;0;0;0;0;0;0;0;0
Castellum Citypassagen AB;5568678378;Kommunstyrelsen;Örebro kommun;Örebro;3;0;158;30;0;149;5265;0;95;37;0;147;16;0;120;32;0;108;35;9
Frontit Västerås AB;5568692791;Kommunstyrelsen;Övriga Sverige;Västerås;319;0;343;24;116;357;146;0;57;20;158;94;93;0;289;331;0;609;305;69
Örebro Trossen 2 AB;5568695240;Kommunstyrelsen;Övriga Sverige;Stockholm;126;0;0;0;34;0;0;0;0;0;0;0;0;0;0;0;0;0;0;0
Rederiaktiebolaget M/S Lagerbjelke;5568698996;Vård- och omsorgsnämnden;Örebro kommun;Örebro;0;0;0;0;0;5;27;1;78;33;0;0;0;0;0;0;0;0;26;0
AB Transistor Sweden;5568701428;Gymnasie- och arbetsmarknadsnämnden;Övriga Sverige;Vaxholm;0;3;0;16;0;19;0;23;0;75;112;9;212;0;0;0;0;13;40;0
Peros skolteknik AB;5568709892;Kultur- och fritidsnämnden;Övriga Sverige;Gnesta;6;0;0;2;0;9;2;0;3;5;1;4;0;5;0;12;12;1;4;0
Novum Assistans AB;5568723075;Funktionsstödsnämnden;Örebro kommun;Örebro;835;119;411;336;562;627;453;558;722;195;726;390;627;313;367;534;179;475;415;351
Sundhs Golv Aktiebolag;5568725930;Markplanerings- och exploateringsnämnden;Örebro kommun;Stora Mellösa;0;0;0;0;0;0;0;70;0;79;0;12;2;56;0;0;0;0;0;0
Byggnor Närke AB;5568727555;Markplanerings- och exploateringsnämnden;Örebro kommun;Örebro;407;6;621;6;138;191;183;0;0;14;47;104;0;0;10;0;0;0;0;0
Kamin Florin AB;5568745003;Markplanerings- och exploateringsnämnden;Örebro kommun;Örebro;0;0;0;87;0;68;0;0;0;0;0;0;0;0;0;0;0;0;0;0
Musikoteket AB;5568747769;Grundskolenämnden;Övriga Sverige;Enköping;2;6;3;3;5;0;2;3;9;2;2;2;3;9;4;4;6;0;2;4
Aoptik Närke AB;5568764970;Grundskolenämnden;Övriga Sverige;Borås;12;8;9;10;12;12;16;16;12;3;19;25;14;13;22;21;4;9;20;2
Textila Idéateljén - Slojd Aktiebol;5568766728;Grundskolenämnden;Övriga Sverige;Lund;0;0;22;3;3;0;0;0;0;12;0;0;0;0;23;8;3;0;0;0
Humanus Jobb Syd AB;5568771140;Grundskolenämnden;Övriga Sverige;Solna;475;465;430;445;421;437;0;0;0;0;0;0;0;0;0;0;0;0;0;0
PendoTech AB;5568777105;Teknik- och servicenämnden;Övriga Sverige;Sigtuna;0;0;0;0;0;0;0;0;0;0;0;0;0;0;0;0;0;0;51;0
Crewford Care AB;5568783467;Socialnämnden;Övriga Sverige;Nyköping;0;0;0;0;0;146;338;175;175;169;0;169;0;0;0;0;0;0;0;0
Artplatform AB;5568800758;Kultur- och fritidsnämnden;Övriga Sverige;Stockholm;0;0;20;0;22;0;10;17;0;20;21;19;15;0;8;6;11;23;9;2
Good Service Superglans AB;5568800956;Vård- och omsorgsnämnden;Örebro kommun;Örebro;1703;1812;1791;1790;1785;1787;1720;1696;1659;1837;1838;1739;1643;1741;1564;1561;1463;1574;1429;1410
OrboTech Sweden AB;5568819345;Kultur- och fritidsnämnden;Övriga Sverige;Sundsvall;0;0;0;52;0;1;0;0;0;1;0;14;87;0;0;0;297;15;0;1
Plaza i Västerås AB;5568822513;Grundskolenämnden;Övriga Sverige;Västerås;0;5;0;0;0;0;0;0;305;6;149;3;35;2;0;0;0;0;0;0
Enkätfabriken AB;5568834757;Kommunstyrelsen;Övriga Sverige;Göteborg;316;0;0;0;0;0;79;11;0;176;31;4;445;0;1;0;0;0;349;25
Gräsmiljö Sverige AB;5568862659;Markplanerings- och exploateringsnämnden;Övriga Sverige;Malmö;1406;0;0;1034;0;0;0;0;0;0;0;0;0;0;0;0;0;0;0;0
Mark och Sten i Sverige AB;5568878218;Teknik- och servicenämnden;Örebro kommun;Odensbacken;0;0;0;0;0;0;0;414;0;716;0;390;79;42;0;0;0;0;0;81
HVB Aktivitet struktuR Trygghet Tra;5568879760;Socialnämnden;Övriga Sverige;Tranås;228;0;651;228;220;228;729;0;911;441;331;220;228;0;434;228;0;448;220;228
Arkon IT AB;5568880842;Bygg- och miljönämnden;Övriga Sverige;Falun;0;0;43;0;0;0;0;0;0;0;0;0;0;0;45;0;0;0;0;0
Maskinconsulting i Nerike AB;5568894389;Teknik- och servicenämnden;Övriga Örebro län;Kumla;0;3;17;0;86;0;0;0;8;5;9;12;3;0;5;6;0;40;5;4
Road Rental Örebro AB;5568902497;Teknik- och servicenämnden;Övriga Sverige;Sollentuna;12;0;0;0;5;18;52;9;50;205;237;0;0;0;0;0;0;0;0;0
Optio AB;5568905193;Överförmyndarnämnden;Övriga Sverige;Västerås;87;94;87;83;91;110;117;119;129;247;0;277;207;0;208;479;0;273;563;0
Aspen Hemtjänst AB;5568921992;Vård- och omsorgsnämnden;Örebro kommun;Örebro;2067;2374;2365;1950;1857;1741;1799;1737;1745;1648;1566;1486;1331;1499;1524;1615;1542;1423;1390;1161
Tefatet AB;5568928492;Teknik- och servicenämnden;Örebro kommun;Örebro;16;0;14;9;0;8;0;19;0;74;0;7;2;7;9;5;0;17;16;15
Svenska Familjehem AB;5568938988;Socialnämnden;Övriga Sverige;Sollentuna;308;0;509;266;204;165;160;0;330;160;165;175;208;0;423;173;0;334;106;132
Securitas Direct Sverige AB;5568939010;Socialnämnden;Övriga Sverige;Linköping;10;0;0;8;2;0;10;0;3;5;0;5;27;3;0;5;5;5;5;5
ELIYO ÖREBRO AB;5568941115;Kommunstyrelsen;Örebro kommun;Örebro;0;26;26;0;26;0;0;26;0;0;0;0;0;51;0;0;0;0;0;0
IDEXX Laboratories Sverige AB;5568956337;Teknik- och servicenämnden;Övriga Sverige;Stockholm;0;0;0;0;0;28;0;-31;0;0;0;30;0;0;0;0;0;0;30;0
PE Teknik & Arkitektur AB;5568968308;Teknik- och servicenämnden;Övriga Sverige;Stockholm;75;27;3;4;9;4;43;112;5;4;18;10;5;0;0;0;0;0;0;0
Slåttergubben AB;5568969199;Markplanerings- och exploateringsnämnden;Övriga Sverige;Vreta Kloster;0;0;0;0;0;0;0;0;0;0;0;0;0;0;0;0;1;0;93;7
Örebro Universitet Enterprise AB;5568975352;Gymnasie- och arbetsmarknadsnämnden;Örebro kommun;Örebro;0;0;0;0;0;0;0;0;0;0;0;0;0;0;0;0;65;22;22;22
Avizion Finans AB;5568977101;Markplanerings- och exploateringsnämnden;Övriga Sverige;Göteborg;10;0;0;0;0;0;0;0;0;0;162;236;0;2;0;0;0;0;0;0
Örebro Hiss AB;5568982036;Vård- och omsorgsnämnden;Örebro kommun;Örebro;638;0;0;0;0;0;455;4;0;0;492;18;354;0;0;284;0;106;0;456
Dosell AB;5568983018;Vård- och omsorgsnämnden;Övriga Sverige;Stockholm;0;0;0;0;0;0;0;0;0;0;0;0;124;0;0;0;0;0;0;0
Ekotopia Vård AB;5568987126;Socialnämnden;Övriga Sverige;Aneby;0;0;0;0;55;0;0;0;0;0;0;0;0;0;0;0;0;0;0;0
Fabel arkitektur AB;5568991821;Teknik- och servicenämnden;Övriga Sverige;Göteborg;0;0;0;0;0;0;0;0;0;0;0;0;0;0;0;0;0;144;0;2
1 Hem Fastigheter AB;5568996697;Kommunstyrelsen;Örebro kommun;Örebro;0;0;0;0;46;0;0;1;10;2;0;10;0;0;0;40;0;78;39;39
Sunnermark Fastigheter AB;5568999162;Kommunstyrelsen;Örebro kommun;Örebro;0;0;0;12;416;0;0;0;0;20;0;0;0;0;0;138;0;266;133;133
Byn Kommunikationsbyrå AB;5569002156;Kommunstyrelsen;Övriga Sverige;Norrköping;348;0;0;0;0;0;0;0;0;136;0;501;4;14;0;67;0;18;60;0
Terése Sundh AB;5569002214;Kultur- och fritidsnämnden;Övriga Örebro län;Kumla;0;0;0;0;0;0;0;0;0;0;53;29;0;0;0;0;0;0;0;0
Maskin System Verkstad Örebro AB;5569004558;Teknik- och servicenämnden;Örebro kommun;Örebro;691;55;54;3;0;0;0;38;13;0;0;65;0;42;11;0;0;0;0;0
MANILLA ASSISTANS AB;5569018483;Funktionsstödsnämnden;Örebro kommun;Örebro;0;0;0;21;0;0;0;0;8;0;0;0;9;0;0;0;0;0;25;0
PWR Power AB;5569024275;Teknik- och servicenämnden;Övriga Sverige;Smålandsstenar;0;0;28;0;0;0;0;0;0;0;0;0;40;0;0;0;0;0;0;35
Fzon AB;5569025074;Socialnämnden;Övriga Sverige;Västerås;0;0;77;0;0;0;0;0;0;0;0;0;0;0;0;0;0;0;0;0
Boman & Svahn Bygg & Entreprenad AB;5569030959;Markplanerings- och exploateringsnämnden;Örebro kommun;Örebro;3604;1137;3582;4050;5254;3364;2434;2915;4259;3870;4850;8951;5164;1576;4209;2375;1209;3024;2324;2310
Information Minds AB;5569032427;Kommunstyrelsen;Övriga Sverige;Göteborg;0;0;0;0;0;0;0;0;0;0;0;0;0;0;73;0;0;0;0;0
Global Care i Laxå AB;5569033904;Socialnämnden;Övriga Örebro län;Laxå;1677;1571;2234;2157;2108;2172;1848;2124;2584;2105;2702;2156;2043;1893;1757;2034;1952;2051;2217;2439
iBinder Sverige AB;5569042574;Teknik- och servicenämnden;Övriga Sverige;Stockholm;8;8;8;8;8;8;8;8;8;8;8;8;8;8;8;8;8;8;8;8
BioDriv Öst AB;5569044166;Kommunstyrelsen;Övriga Sverige;Uppsala;0;0;0;50;0;0;0;0;0;0;0;0;0;0;0;0;114;0;0;0
Arena Familj Aktiebolag;5569047607;Socialnämnden;Örebro kommun;Örebro;588;21;1057;647;579;545;486;0;375;770;204;88;217;370;402;304;0;408;161;0
Xylem Water Solutions Sweden AB;5569060899;Teknik- och servicenämnden;Övriga Sverige;Sundbyberg;40;193;60;12;6;0;0;0;0;0;0;0;0;0;0;0;0;0;0;0
TC Connect Sweden AB;5569064107;Teknik- och servicenämnden;Övriga Örebro län;Kumla;0;0;0;1;12;11;0;0;0;1;0;11;0;0;0;436;0;0;0;0
IMIS AB;5569077018;Socialnämnden;Övriga Sverige;Hultsfred;62;36;0;0;0;0;0;0;0;150;3;0;0;0;0;0;0;0;0;0
Paroma Gruppen AB;5569080665;Socialnämnden;Övriga Sverige;Sala;0;0;0;0;0;0;0;0;0;0;0;165;155;155;148;0;0;0;0;0
Centigo AB;5569086381;Kommunstyrelsen;Övriga Sverige;Stockholm;0;0;0;72;95;99;107;87;0;219;0;230;0;80;0;0;0;0;0;0
Fredahuset AB;5569088684;Socialnämnden;Övriga Sverige;Enköping;304;252;192;197;697;0;255;237;572;297;0;342;0;129;0;0;0;0;0;0
CleanTeam i Örebro AB;5569088692;Grundskolenämnden;Örebro kommun;Örebro;2291;256;5487;2872;2712;2528;3134;2958;6320;3229;3012;3300;3049;494;5210;2855;118;254;0;0
JEV Eltjänst AB;5569095598;Teknik- och servicenämnden;Övriga Örebro län;Kumla;0;0;0;0;0;0;137;222;215;349;503;574;955;337;557;686;265;955;587;219
Svenska Teknikingenjörer Gbg AB;5569108839;Teknik- och servicenämnden;Övriga Sverige;Göteborg;0;0;0;0;0;0;0;0;0;0;4;2;24;134;117;103;0;2;1;65
Riande AB;5569111817;Socialnämnden;Övriga Sverige;Tystberga;0;0;0;0;0;32;0;396;202;197;202;195;202;0;384;202;0;195;195;202
Hågestam Sport AB;5569115875;Kultur- och fritidsnämnden;Övriga Sverige;Hägersten;0;0;0;0;0;0;0;0;45;0;0;0;0;0;0;0;48;0;122;0
Hemnovia AB;5569118465;Socialnämnden;Övriga Sverige;Göteborg;98;106;95;85;85;70;95;92;131;95;116;55;0;61;99;88;98;94;98;94
Inlight Industrial Solutions AB;5569122814;Teknik- och servicenämnden;Örebro kommun;Örebro;417;220;94;120;264;122;110;34;22;90;296;115;231;19;0;0;2;0;65;0
Inda Utveckling AB;5569125361;Funktionsstödsnämnden;Örebro kommun;Örebro;594;494;655;0;581;554;422;310;483;581;590;565;442;476;525;576;529;528;492;272
VITA i Göteborg AB;5569136764;Funktionsstödsnämnden;Övriga Sverige;Göteborg;0;0;0;0;0;0;0;0;0;0;0;0;0;0;0;0;0;0;387;0
Swedelift AB;5569142747;Vård- och omsorgsnämnden;Övriga Sverige;Sävedalen;0;0;0;0;0;0;0;0;0;0;110;0;0;0;0;0;0;233;110;191
Örebro Elithockey AB;5569143513;Kommunstyrelsen;Örebro kommun;Örebro;0;0;1;32;300;0;0;0;16;1;1;2;0;0;1;35;0;350;0;0
KumBro Vind AB;5569148249;Markplanerings- och exploateringsnämnden;Örebro kommun;Örebro;0;0;0;0;0;0;0;0;0;0;0;0;0;0;116;0;0;308;0;0
JFK Holding AB;5569150138;Gymnasie- och arbetsmarknadsnämnden;Övriga Sverige;Halmstad;0;0;0;0;0;0;0;0;0;0;0;0;0;0;50;12;0;0;0;0
Thor & Stål AB;5569151912;Gymnasie- och arbetsmarknadsnämnden;Örebro kommun;Örebro;42;0;0;0;0;47;412;0;0;0;0;46;1;0;0;0;0;43;13;0
Henkas AB;5569155582;Gymnasie- och arbetsmarknadsnämnden;Övriga Örebro län;Sköllersta;0;0;0;0;0;0;6;0;33;21;0;0;0;0;0;0;0;0;0;0
Schreiber adventures AB;5569159642;Kultur- och fritidsnämnden;Örebro kommun;Örebro;0;0;38;50;0;0;0;0;0;0;0;20;0;0;280;1;0;0;0;0
CADO i Sverige AB;5569162778;Markplanerings- och exploateringsnämnden;Övriga Sverige;Höllviken;0;171;22;0;22;750;0;750;0;0;749;0;672;0;0;0;0;5;0;0
Svetshuset Örebro AB;5569169609;Teknik- och servicenämnden;Örebro kommun;Örebro;20;3;21;8;6;6;0;3;21;9;3;11;23;16;17;6;59;9;17;5
Fria Läroverken i Sverige AB;5569172041;Gymnasie- och arbetsmarknadsnämnden;Övriga Sverige;Norrköping;0;0;0;0;0;0;0;0;31;10;11;11;10;10;10;10;10;23;13;0
A-omsorg AB;5569185035;Vård- och omsorgsnämnden;Örebro kommun;Örebro;780;874;838;884;956;857;762;754;719;729;699;709;593;748;890;835;794;801;851;943
Lindgrens Nöjen AB;5569188351;Funktionsstödsnämnden;Övriga Sverige;Värmdö;0;0;0;0;0;0;51;0;0;0;0;0;0;0;0;0;0;0;0;0
Lycka omsorg AB;5569196768;Vård- och omsorgsnämnden;Örebro kommun;Örebro;1307;1157;1049;1061;1031;1055;1103;1101;1053;1184;1143;1136;1076;1084;1034;1128;1056;1029;988;994
Positivum AB;5569203739;Socialnämnden;Övriga Sverige;Hovås;45;45;41;45;0;88;121;0;0;0;0;0;0;0;0;0;0;0;0;0
Anders Nilsson Avfuktning AB;5569211450;Teknik- och servicenämnden;Övriga Sverige;Björklinge;0;0;0;0;0;20;4;80;0;0;0;0;0;0;0;0;0;0;178;0
we are era AB;5569214330;Teknik- och servicenämnden;Övriga Sverige;Stockholm;21;10;0;0;40;0;0;0;0;0;13;22;0;20;20;0;0;20;0;0
Vision i väst AB;5569221285;Socialnämnden;Övriga Sverige;Västra Frölunda;0;0;0;0;0;0;0;0;0;0;0;159;159;0;310;163;0;116;0;0
Nordisk Port Service AB;5569234775;Teknik- och servicenämnden;Övriga Sverige;Kungsängen;0;0;0;0;0;0;0;0;0;0;0;0;0;0;102;3;0;0;19;1
Xponera Media & Event Sverige AB;5569245748;Teknik- och servicenämnden;Örebro kommun;Örebro;30;60;0;16;11;87;0;0;0;90;16;131;71;137;0;31;41;77;26;97
Byggstudio & Petter Odevall AB;5569246050;Kultur- och fritidsnämnden;Övriga Sverige;Stockholm;120;0;0;0;0;160;0;0;0;120;0;0;0;0;0;0;0;0;0;0
Linus verkstadsservice AB;5569246571;Gymnasie- och arbetsmarknadsnämnden;Övriga Sverige;Vingåker;0;7;0;0;0;0;0;0;0;22;4;36;0;0;0;0;7;27;8;0
ProfileXpress Scandinavian AB;5569247660;Teknik- och servicenämnden;Övriga Sverige;Brämhult;0;0;0;0;0;0;0;0;0;0;70;0;0;0;0;0;0;0;85;0
Humanisthemmet EQ AB;5569256711;Socialnämnden;Övriga Sverige;Knivsta;0;0;308;151;204;213;137;0;102;102;200;166;0;102;105;201;0;193;174;0
TreForm Packaging AB;5569262438;Teknik- och servicenämnden;Övriga Sverige;Landskrona;0;0;0;0;0;0;0;0;0;0;0;0;0;0;2;13;10;13;14;6
Humbla ABC AB;5569265696;Socialnämnden;Övriga Sverige;Uppsala;173;0;222;89;61;63;101;0;201;70;182;120;176;0;371;161;0;245;120;124
Hultén Media AB;5569277618;Kommunstyrelsen;Övriga Sverige;Holmsjö;0;0;0;0;0;0;0;0;0;50;0;0;0;0;75;0;0;0;0;0
Stormarknaden på Tybble AB;5569285561;Gymnasie- och arbetsmarknadsnämnden;Örebro kommun;Örebro;113;31;68;50;47;80;74;20;76;77;22;122;91;30;136;79;29;155;91;27
Balladen AB;5569287716;Socialnämnden;Övriga Örebro län;Hallsberg;68;68;62;68;66;68;66;68;68;66;68;66;68;68;62;68;66;68;147;173
AddSecure Smart Rescue Nordic AB;5569298341;Socialnämnden;Övriga Sverige;Hägersten;79;94;119;132;107;148;86;91;161;80;99;66;17;28;312;135;46;140;53;48
Knowit Örebro AB;5569305211;Kommunstyrelsen;Örebro kommun;Örebro;77;0;265;116;0;96;106;106;23;122;117;250;0;122;0;0;0;0;0;0
Athenas Sverige AB;5569321655;Grundskolenämnden;Övriga Sverige;Västra Frölunda;35;64;2;0;0;49;0;40;0;0;77;40;0;0;68;32;46;1;0;30
LP Lastbilstvätt AB;5569324550;Teknik- och servicenämnden;Örebro kommun;Örebro;81;129;132;85;76;61;29;43;66;69;76;86;106;110;82;102;57;88;68;78
LaVie Behandling AB;5569325474;Socialnämnden;Övriga Sverige;Västerås;187;0;323;356;196;256;94;381;194;137;41;191;0;97;89;0;52;355;207;204
Lucky Dogs AB;5569330383;Kultur- och fritidsnämnden;Övriga Sverige;Stockholm;0;0;1;2;0;1;1;1;2;0;0;1;2;3;9;2;21;4;1;2
BoCare Boendestöd i Östergötland AB;5569332983;Socialnämnden;Övriga Sverige;Norrköping;153;0;292;153;154;175;291;0;467;226;233;166;118;0;0;0;0;0;0;0
Närke Ägg AB;5569340341;Teknik- och servicenämnden;Övriga Örebro län;Vretstorp;8;0;0;0;106;128;63;11;72;63;69;148;35;0;0;0;0;0;0;0
Te Crea Care AB;5569368607;Vård- och omsorgsnämnden;Övriga Sverige;Göteborg;6;0;5;0;0;0;0;0;0;113;263;361;219;282;171;274;238;209;298;224
Omsorg Skydd Säkerhet Sverige AB;5569370827;Socialnämnden;Övriga Sverige;Stockholm;0;0;0;0;0;0;0;0;0;0;0;0;0;0;0;0;0;456;350;396
Teckenspråkig Assistans i Sverige A;5569372559;Funktionsstödsnämnden;Övriga Sverige;Täby;147;106;129;134;162;159;162;152;137;144;163;163;146;156;149;146;152;156;156;176
Herok Byggmaterial AB;5569411910;Gymnasie- och arbetsmarknadsnämnden;Örebro kommun;Örebro;192;42;3;5;27;13;3;0;5;33;18;9;6;13;26;10;11;73;19;1
Örebro Ratten 4 AB;5569416489;Vård- och omsorgsnämnden;Övriga Sverige;Stockholm;106;0;29;1;2;7;21;0;0;0;71;6;18;3;0;0;2;8;0;0
Wemind HVB AB;5569435703;Socialnämnden;Övriga Sverige;Västerhaninge;0;0;0;0;0;0;0;0;0;0;0;0;0;0;0;0;0;0;193;0
Din Gravyr i Örebro AB;5569436958;Gymnasie- och arbetsmarknadsnämnden;Örebro kommun;Örebro;4;0;8;12;2;2;0;2;4;10;4;7;1;2;3;2;0;1;1;1
Svenska Redskapsfabriken AB;5569441800;Teknik- och servicenämnden;Örebro kommun;Örebro;56;11;0;0;12;15;0;44;0;24;0;0;68;7;3;8;18;0;12;19
GA Larm & Tele AB;5569450793;Vård- och omsorgsnämnden;Örebro kommun;Örebro;21;7;19;0;6;6;6;40;15;12;13;0;6;7;12;0;26;14;13;13
HMC Hjälpmedelcenter Sverige AB;5569454076;Vård- och omsorgsnämnden;Övriga Sverige;Göteborg;0;0;0;0;0;29;0;0;0;66;0;0;0;0;0;0;0;0;0;0
KOMPETENTO AB;5569456915;Grundskolenämnden;Övriga Sverige;Stockholm;18;0;0;12;0;36;18;0;0;0;25;0;0;0;0;5;0;0;0;6
BemannIQ AB;5569472375;Överförmyndarnämnden;Övriga Sverige;Stockholm;0;0;0;0;0;0;90;123;148;277;148;0;0;0;0;0;0;0;0;0
H2O Teknik Mellansverige AB;5569476947;Kultur- och fritidsnämnden;Övriga Örebro län;Kumla;0;0;0;0;0;65;8;3;11;0;7;0;0;0;0;0;0;0;65;7
Psykolog Maria Klimkowicz AB;5569477333;Grundskolenämnden;Örebro kommun;Örebro;12;6;10;22;14;15;4;0;0;0;0;0;0;0;0;0;0;0;0;0
AB Indiviadkraft;5569481574;Funktionsstödsnämnden;Övriga Sverige;Nacka;383;388;370;0;331;374;311;265;354;418;450;414;332;379;397;439;460;459;473;373
Sigma Civil AB;5569494494;Markplanerings- och exploateringsnämnden;Övriga Sverige;Göteborg;29;30;20;28;12;0;0;0;0;0;0;0;0;0;0;0;0;0;0;0
Umeå Release Finans AB;5569504110;Kultur- och fritidsnämnden;Övriga Sverige;Umeå;0;0;7;0;0;7;0;9;71;7;0;50;6;0;0;57;0;6;51;6
Örebro Purjo AB;5569508640;Kommunstyrelsen;Övriga Sverige;Göteborg;0;0;0;0;0;0;12;0;0;23;10;10;0;0;0;0;0;0;0;0
Njutafilms AB;5569517088;Kultur- och fritidsnämnden;Övriga Sverige;Huddinge;5;4;10;1;6;0;3;0;2;0;4;9;3;5;15;4;9;11;2;3
EBR Emanuel Bygg & Rörteknik AB;5569528051;Vård- och omsorgsnämnden;Örebro kommun;Dyltabruk;145;56;117;89;14;101;134;89;258;8;108;64;185;259;67;161;156;211;204;164
Lynx Omsorg AB;5569538480;Socialnämnden;Övriga Sverige;Linköping;0;0;0;0;0;0;0;0;0;0;0;61;121;147;172;249;135;182;190;204
Fastighetsbolaget Systrarna Ekström;5569540973;Kommunstyrelsen;Örebro kommun;Örebro;11;12;192;0;2;0;1;1;171;163;0;0;168;0;1;179;0;9;167;0
Micke Alkmans Gödseltransport AB;5569552879;Markplanerings- och exploateringsnämnden;Örebro kommun;Örebro;0;0;0;0;36;0;0;0;0;0;0;0;0;21;0;0;10;0;0;0
Outdoormap AB;5569563363;Kommunstyrelsen;Övriga Sverige;Stockholm;0;0;0;0;0;18;0;0;0;0;0;18;0;0;0;0;0;18;0;0
Prima Printer Nordic AB;5569572927;Kultur- och fritidsnämnden;Övriga Sverige;Malmö;8;4;0;0;0;0;0;0;0;0;10;31;264;0;0;3;0;1;0;0
Smörgåsbutiken i Örebro AB;5569578536;Vård- och omsorgsnämnden;Örebro kommun;Örebro;46;4;6;10;17;15;44;2;15;10;13;26;2;0;89;39;7;37;47;2
Pops Academy AB;5569583197;Grundskolenämnden;Övriga Sverige;Stockholm;4868;4944;4960;4862;4879;4932;4625;4625;5463;4995;4912;5589;4866;5058;5013;4946;5066;5995;4748;4721
Castra Group AB;5569584401;Kommunstyrelsen;Övriga Sverige;Göteborg;264;118;156;292;734;0;611;12;38;232;0;435;220;0;224;328;0;192;272;93
Enheten för att Växa Örebro AB;5569590085;Socialnämnden;Övriga Sverige;Karlstad;312;0;709;380;425;394;448;0;771;274;403;517;420;0;497;288;0;753;446;711
Vargkatten Produktion AB;5569604050;Kultur- och fritidsnämnden;Övriga Sverige;Bagarmossen;0;0;0;0;0;0;0;0;0;0;0;0;0;0;0;0;0;35;23;0
Trafikia AB;5569614521;Teknik- och servicenämnden;Övriga Sverige;Kista;0;0;0;0;40;0;148;0;0;20;239;0;0;0;0;40;0;0;256;0
Blue Idea AB;5569661266;Teknik- och servicenämnden;Övriga Sverige;Sölvesborg;20;0;0;17;0;0;24;0;0;17;0;0;0;37;0;0;20;0;0;0
Nytida HVB Partner i Norr AB;5569682080;Funktionsstödsnämnden;Övriga Sverige;Solna;0;0;0;0;0;0;0;82;127;123;127;123;200;0;380;199;193;199;97;0
Voppa Stödboende AB;5569682759;Socialnämnden;Övriga Sverige;Norrköping;0;0;0;0;0;0;0;0;0;0;0;0;23;0;0;37;0;109;62;111
DagLIA AB;5569685414;Funktionsstödsnämnden;Örebro kommun;Örebro;783;797;848;0;776;769;698;405;698;787;825;784;680;715;695;772;748;705;689;336
Carpe Diem i Mälardalen AB;5569694416;Socialnämnden;Övriga Sverige;Hallstahammar;114;114;103;114;95;88;0;0;112;88;0;112;108;108;70;0;0;0;0;0
CognoTera AB;5569702896;Gymnasie- och arbetsmarknadsnämnden;Örebro kommun;Örebro;17;0;8;0;8;8;30;8;16;0;12;2;17;0;0;12;8;0;17;8
Dorite AB;5569711731;Kommunstyrelsen;Övriga Sverige;Stockholm;6;3;8;2;3;13;0;0;0;7;0;0;0;4;51;4;8;0;1;0
Billecta AB;5569716011;Gymnasie- och arbetsmarknadsnämnden;Övriga Sverige;Stockholm;50;112;232;44;40;95;27;228;42;21;72;135;169;32;118;59;19;80;34;0
Hedera Nurse AB;5569727109;Vård- och omsorgsnämnden;Övriga Sverige;Göteborg;0;0;0;0;0;0;0;0;0;0;0;0;0;128;0;0;0;0;0;406
Sapling Ab;5569747321;Socialnämnden;Övriga Sverige;Stockholm;0;0;0;0;0;0;0;0;0;0;0;0;0;0;0;197;0;171;60;18
Örebro Tvättmaskinservice AB;5569762155;Kultur- och fritidsnämnden;Örebro kommun;Örebro;8;2;0;0;0;0;0;0;0;3;3;0;0;4;0;0;0;34;5;0
Grön miljö Slottsgatan 12 AB;5569765323;Gymnasie- och arbetsmarknadsnämnden;Örebro kommun;Örebro;0;0;0;0;0;0;0;0;5;19;5;9;25;15;21;17;13;9;49;4
Avancerad Omsorg Vård (AOV) AB;5569779126;Vård- och omsorgsnämnden;Örebro kommun;Örebro;3097;2640;2672;2750;3032;2972;2775;2834;2877;1730;0;0;0;0;0;0;0;0;0;0
Fastighetsbolaget Industritornet i Öreb;5569781684;Teknik- och servicenämnden;Örebro kommun;Örebro;0;0;0;0;0;0;0;0;0;0;0;0;0;2249;0;0;0;0;0;0
ALEA Kompetenshöjning AB;5569785842;Teknik- och servicenämnden;Övriga Sverige;Solna;0;0;0;125;0;0;0;0;0;0;0;0;0;0;0;0;0;0;0;0
Leda Teamet AB;5569788143;Grundskolenämnden;Örebro kommun;Örebro;0;0;0;0;0;0;45;0;13;30;15;0;0;0;0;0;0;0;0;0
KZ Handels Aktiebolag;5569805111;Teknik- och servicenämnden;Övriga Sverige;Fjärås;4;0;0;14;36;29;68;0;0;0;0;18;17;0;40;0;0;0;12;69
Future Place Leadership AB;5569815235;Kommunstyrelsen;Övriga Sverige;Stockholm;25;0;0;0;0;0;0;0;0;0;0;0;72;0;0;0;4;0;0;0
Picture My Life Communication AB;5569827792;Gymnasie- och arbetsmarknadsnämnden;Örebro kommun;Örebro;0;6;0;0;0;0;0;25;0;21;0;0;65;65;0;0;0;0;0;0
Invajo AB;5569840829;Funktionsstödsnämnden;Övriga Sverige;Lund;0;0;0;0;0;0;0;0;0;0;0;0;21;78;20;0;0;0;0;0
Ulf Nyström Consulting AB;5569842023;Gymnasie- och arbetsmarknadsnämnden;Övriga Sverige;Stockholm;0;0;0;0;0;0;0;0;0;105;0;0;0;0;9;0;0;0;0;0
convinto AB;5569848798;Teknik- och servicenämnden;Övriga Sverige;Lidköping;0;0;0;0;0;0;0;0;0;0;0;0;0;0;0;0;0;59;0;0
Taxi Malmö Aktiebolag;5569852030;Gymnasie- och arbetsmarknadsnämnden;Övriga Sverige;Malmö;12;0;0;13;5;12;3;0;12;18;13;0;0;23;0;0;0;0;0;42
Bilpunkten i Örebro AB;5569854408;Teknik- och servicenämnden;Örebro kommun;Örebro;0;30;0;0;0;0;0;0;0;0;0;0;0;0;0;0;56;2;0;0
HVB Ramnäs AB;5569860249;Socialnämnden;Övriga Sverige;Uppsala;0;0;0;0;280;0;308;157;0;308;0;308;169;0;267;0;0;0;0;0
Loxia Projektledning AB;5569865214;Teknik- och servicenämnden;Örebro kommun;Örebro;11;24;70;81;39;57;25;148;15;50;34;36;21;32;5;2;17;3;16;11
DF Örebro AB;5569867608;Grundskolenämnden;Örebro kommun;Örebro;3;0;0;0;0;1;11;0;9;11;0;3;9;0;0;4;2;1;22;0
Ute mark & miljö i Örebro AB;5569910036;Markplanerings- och exploateringsnämnden;Örebro kommun;Örebro;22;266;63;3;120;52;70;172;114;90;53;0;0;0;0;0;60;0;15;99
Visiono AB;5569913709;Gymnasie- och arbetsmarknadsnämnden;Övriga Örebro län;Askersund;0;0;0;0;0;0;0;0;0;0;0;0;0;0;64;0;0;0;0;0
Agera & Partners AB;5569922502;Gymnasie- och arbetsmarknadsnämnden;Örebro kommun;Örebro;2;0;26;60;10;20;3;5;12;9;33;12;20;0;0;0;0;0;0;0
Nyfosa Karossen 5 Fastighets AB;5569926230;Kommunstyrelsen;Övriga Sverige;Stockholm;40;0;14;0;40;0;51;0;0;2;0;0;0;0;0;17;0;0;10;0
Tomas Neiler AB;5569926693;Vård- och omsorgsnämnden;Örebro kommun;Odensbacken;0;0;0;0;5;0;0;69;54;0;0;0;6;0;7;0;0;0;0;0
Fastighet Kvartermästaren AB;5569935801;Funktionsstödsnämnden;Örebro kommun;Örebro;10;5;5;5;4;4;3;0;6;2;3;3;3;4;4;3;0;3;6;3
Lermakeriet i Valbo AB;5569942922;Kultur- och fritidsnämnden;Övriga Sverige;Valbo;0;14;0;16;2;0;0;0;8;23;12;6;0;17;0;6;4;0;0;0
Saand Assistans AB;5569954877;Funktionsstödsnämnden;Örebro kommun;Örebro;220;313;120;72;120;224;907;58;280;523;558;148;149;129;67;71;91;31;31;31
Arbonova Fastigheter AB;5569961948;Kommunstyrelsen;Örebro kommun;Örebro;0;9;0;23;0;0;0;0;0;0;0;35;0;100;0;0;0;63;0;0
Mitec Instrument AB;5569967820;Teknik- och servicenämnden;Övriga Sverige;Karlstad;37;6;0;0;42;0;0;30;0;22;0;0;26;0;0;33;0;0;0;37
Assistansteamet i Sverige AB;5569972937;Funktionsstödsnämnden;Övriga Sverige;Kista;96;99;99;99;99;99;99;99;104;99;99;85;121;126;160;168;157;77;214;152
Olinsgymnasiet i Skara AB;5569998932;Gymnasie- och arbetsmarknadsnämnden;Övriga Sverige;Skara;29;29;33;30;30;30;38;38;47;41;44;45;42;42;42;42;42;96;54;0
Idkollen i Sverige AB;5590000948;Kommunstyrelsen;Övriga Sverige;Stockholm;0;0;0;0;30;0;0;0;0;0;0;0;0;0;0;0;30;0;0;0
Hydrostandard Mätteknik Nordic AB;5590029947;Teknik- och servicenämnden;Övriga Sverige;Borlänge;65;0;24;0;23;0;20;0;0;0;0;0;83;0;100;42;0;0;42;0
TechnoAlpin Nordic AB;5590030341;Markplanerings- och exploateringsnämnden;Övriga Sverige;Sunne;0;0;0;0;0;0;0;0;0;21;31;0;892;3;3;0;15;0;16;0
Update system Sweden AB;5590030812;Kommunstyrelsen;Övriga Sverige;Ängelholm;0;0;0;0;0;0;0;0;0;0;0;0;0;193;0;46;0;0;46;0
Nerike Skog & Trädgård AB;5590036512;Teknik- och servicenämnden;Övriga Örebro län;Kumla;0;0;36;0;0;3;0;0;59;94;0;90;0;0;0;0;0;1;0;3
Margareta festvåning AB;5590041215;Grundskolenämnden;Örebro kommun;Örebro;59;5;0;0;0;28;61;0;7;6;10;7;42;4;0;0;0;6;22;0
Forno Stenugnar Sverige AB;5590044219;Teknik- och servicenämnden;Övriga Sverige;Ängelholm;0;0;0;19;44;0;0;0;0;0;0;0;0;0;0;0;0;0;0;0
LIF Miljöteknik AB;5590047535;Teknik- och servicenämnden;Örebro kommun;Örebro;2;0;4;2;2;6;2;2;8;2;2;2;2;2;53;2;2;2;2;7
Nya Bista Industrilackering AB;5590048707;Teknik- och servicenämnden;Örebro kommun;Örebro;38;0;0;0;0;0;0;0;0;0;0;0;0;0;0;46;0;0;22;0
Wesp AB;5590055413;Markplanerings- och exploateringsnämnden;Övriga Sverige;Töcksfors;0;0;0;0;0;0;0;0;0;0;259;0;0;0;0;0;0;0;0;0
Örebro O & S AB;5590060710;Vård- och omsorgsnämnden;Örebro kommun;Örebro;718;0;0;0;0;0;0;0;0;0;0;0;0;0;0;0;0;0;0;0
Nytida Azurite AB;5590066311;Socialnämnden;Övriga Sverige;Solna;0;0;0;0;0;0;307;176;0;347;176;170;0;176;11;0;0;0;0;0
LAVI gruppen AB;5590067772;Teknik- och servicenämnden;Örebro kommun;Örebro;33;23;89;92;27;52;1;13;0;0;0;58;13;0;92;27;0;44;22;0
Agustagården AB;5590076823;Socialnämnden;Övriga Sverige;Karlstad;0;0;337;0;0;0;460;363;164;159;164;159;191;0;0;188;163;167;161;167
Adriansson Mark & Anläggning AB;5590110853;Markplanerings- och exploateringsnämnden;Övriga Örebro län;Hallsberg;0;0;0;0;0;0;0;0;0;0;1206;4705;117;5646;1624;2731;2370;8752;3542;0
Svapipe AB;5590121892;Teknik- och servicenämnden;Övriga Sverige;Skene;0;0;513;133;0;0;0;0;0;0;179;0;0;0;0;0;0;0;0;0
Freken AB;5590122528;Kultur- och fritidsnämnden;Övriga Sverige;Älta;0;23;15;4;1;0;0;5;0;22;0;5;0;0;12;25;0;0;0;0
Human Support Care Longårdar AB;5590133269;Socialnämnden;Övriga Sverige;Helsingborg;77;0;0;0;0;0;0;0;0;0;0;0;0;0;0;0;0;0;0;0
Bestiarium produktion AB;5590140116;Kultur- och fritidsnämnden;Övriga Sverige;Stockholm;0;0;0;0;0;0;0;0;0;0;170;0;0;0;0;0;0;0;0;0
Leif Jensens Gräv & Schakt AB;5590141338;Markplanerings- och exploateringsnämnden;Övriga Örebro län;Guldsmedshyttan;39;0;0;0;49;0;0;0;0;0;0;0;0;0;0;0;0;0;0;0
Värmlands Skafferi AB;5590141809;Vård- och omsorgsnämnden;Övriga Sverige;Karlstad;414;389;414;368;463;432;569;297;441;501;478;527;432;367;462;601;401;468;460;292
Hemsö Författaren AB;5590143664;Kommunstyrelsen;Övriga Sverige;Stockholm;0;0;0;59;0;0;0;17;0;0;0;0;0;0;3;0;0;0;0;0
Eskilstuna Fria Förskola AB;5590144464;Förskolenämnden;Övriga Sverige;Eskilstuna;0;0;0;0;0;0;0;0;0;0;0;0;71;0;0;0;0;36;0;0
Fjärilen Konceptet AB;5590156500;Förskolenämnden;Övriga Sverige;Stockholm;0;0;0;0;0;0;0;0;0;0;0;0;0;0;0;28;14;14;14;39
Geografiska Informationsbyrån i Sto;5590170568;Markplanerings- och exploateringsnämnden;Övriga Sverige;Sollentuna;0;45;0;0;0;0;0;0;0;0;0;0;45;0;0;0;0;0;0;0
Patia AB;5590178009;Socialnämnden;Övriga Sverige;Solna;274;0;492;214;134;105;101;0;109;53;55;53;0;55;137;117;0;244;162;115
Alsanabel utbildning AB;5590190541;Förskolenämnden;Örebro kommun;Örebro;425;420;423;614;423;423;345;345;665;439;458;600;436;442;447;431;645;551;334;334
Consolida ajacis AB;5590191101;Socialnämnden;Övriga Sverige;Falun;124;124;112;124;156;146;138;143;143;161;164;142;143;244;274;304;350;354;395;442
Saand service & omsorg AB;5590204680;Funktionsstödsnämnden;Övriga Sverige;Södertälje;58;0;38;0;0;0;0;0;0;0;0;0;0;0;0;0;0;0;0;0
Infracon Sverige AB;5590205869;Markplanerings- och exploateringsnämnden;Örebro kommun;Örebro;12040;3020;7220;13258;185;16019;2846;7104;8096;6525;2448;2656;4118;0;0;0;0;0;0;0
Bröderna D & S AB;5590206040;Vård- och omsorgsnämnden;Örebro kommun;Örebro;105;105;115;96;101;112;98;26;86;113;89;104;96;88;79;85;86;62;77;81
Edlegio AB;5590216924;Kommunstyrelsen;Övriga Sverige;Stockholm;0;0;0;0;0;0;0;0;0;0;318;0;0;0;7;0;0;0;0;0
AdatoCare AB;5590231857;Vård- och omsorgsnämnden;Övriga Sverige;Härnösand;67;115;42;0;0;0;0;0;0;0;24;91;29;138;141;548;224;221;396;653
Road Partner Norden AB;5590235551;Teknik- och servicenämnden;Örebro kommun;Örebro;9;4;19;10;22;5;1;0;5;14;13;21;39;6;1;25;6;15;3;0
Brandfast Sverige AB;5590248398;Teknik- och servicenämnden;Övriga Sverige;Järfälla;0;0;0;0;0;2;0;0;2;0;0;2;0;131;17;0;0;0;0;0
Symbolbruket Aktiebolag;5590257316;Funktionsstödsnämnden;Övriga Sverige;Linköping;0;1;0;2;0;2;0;0;4;7;7;5;4;2;2;0;38;1;0;0
Kocher Hem AB;5590265681;Socialnämnden;Övriga Sverige;Spånga;114;115;115;-42;226;0;226;0;115;201;0;201;102;0;195;102;0;99;102;79
Stella Stöd & Omsorg AB;5590275110;Socialnämnden;Övriga Sverige;Västerås;0;0;0;0;0;0;0;0;0;166;89;86;57;0;0;0;0;0;0;0
Mahult Herrgårds HVB hem AB;5590275144;Socialnämnden;Övriga Sverige;Solna;200;200;180;200;52;0;0;0;0;0;0;0;0;0;0;0;0;0;0;0
M Gården AB;5590276357;Socialnämnden;Övriga Sverige;Uppsala;214;0;206;122;210;217;498;0;991;552;560;924;799;239;1809;1168;0;2209;1159;1246
Photon Sports Technologis AB;5590280540;Gymnasie- och arbetsmarknadsnämnden;Övriga Sverige;Umeå;0;0;0;0;0;0;0;0;21;0;0;0;0;0;0;0;0;0;0;48
Gävleborgs & Dalarnas Resekompani A;5590294798;Markplanerings- och exploateringsnämnden;Övriga Sverige;Sandviken;-4;11;20;0;0;0;0;0;0;0;0;0;9;42;0;0;0;0;0;0
AB Tanste;5590305321;Socialnämnden;Övriga Sverige;Malmö;0;0;0;0;0;0;0;0;60;38;19;58;39;0;114;0;0;0;0;0
HIFA AB;5590310966;Gymnasie- och arbetsmarknadsnämnden;Övriga Sverige;Västra Frölunda;39;0;0;0;0;0;0;0;0;0;0;0;456;0;0;0;0;0;0;0
Novelia Barn och Unga AB;5590316070;Socialnämnden;Övriga Sverige;Nacka;0;0;114;0;0;0;0;0;0;0;0;0;0;0;0;0;0;0;113;184
Fastighets AB Segelflygaren;5590322102;Kommunstyrelsen;Övriga Sverige;Stockholm;20;0;38;22;26;2;0;0;0;1;0;37;0;12;20;1;1;1;19;5
SIVO KONSULENT AB;5590323696;Socialnämnden;Övriga Sverige;Uppsala;4847;924;3333;0;3206;1644;1354;1407;1675;1324;1538;1199;1109;1010;955;134;1492;0;1701;0
Örebro Byggnadsplåtslageri AB;5590324207;Teknik- och servicenämnden;Örebro kommun;Örebro;0;0;185;0;0;16;0;0;0;0;0;15;0;0;0;0;0;0;0;0
Work System Örebro AB;5590327168;Teknik- och servicenämnden;Övriga Sverige;Tenhult;0;41;259;42;44;94;112;19;99;49;10;171;164;41;233;332;123;10;25;108
ViVAB Aktiebolag;5590332721;Vård- och omsorgsnämnden;Örebro kommun;Örebro;0;0;0;0;0;39;77;69;139;148;114;144;100;100;97;142;80;133;28;136
Livsam Personlig Assistans AB;5590346358;Funktionsstödsnämnden;Örebro kommun;Örebro;117;87;112;83;96;302;114;148;206;446;259;213;365;192;258;489;54;226;231;231
ProMeister Solutions AB;5590346929;Gymnasie- och arbetsmarknadsnämnden;Övriga Sverige;Malmö;40;0;0;0;0;0;0;0;0;0;0;3;0;40;0;0;0;0;0;0
Säker Trafik D.E.T. AB;5590355243;Teknik- och servicenämnden;Övriga Sverige;Nyköping;65;0;0;0;0;0;0;0;0;0;0;68;0;0;0;0;0;0;0;0
NA Fastigheter Förvaltning 6 AB;5590359732;Kommunstyrelsen;Övriga Örebro län;Hallsberg;0;35;0;0;0;0;0;0;0;0;0;0;0;25;0;0;47;0;0;0
Oslo-Stockholm 2.55 AB;5590365697;Kommunstyrelsen;Örebro kommun;Örebro;60;1000;0;0;0;75;0;0;0;0;0;0;0;0;1000;0;0;2300;0;0
Tala Förskolor AB;5590367321;Förskolenämnden;Övriga Sverige;Stockholm;789;843;885;1255;887;887;639;0;0;0;0;0;0;0;0;0;0;0;0;0
Steg 1 AB;5590370457;Socialnämnden;Övriga Sverige;Solna;0;0;158;169;164;225;316;164;529;301;166;0;0;0;0;0;0;0;0;0
Kurera hem AB;5590374574;Socialnämnden;Övriga Sverige;Malmö;110;0;127;67;65;67;2;0;0;0;0;0;0;0;0;0;0;0;0;0
Loön Show i Örebro AB;5590375084;Funktionsstödsnämnden;Örebro kommun;Örebro;100;0;0;0;0;0;0;86;45;0;0;0;100;47;0;0;0;5;0;55
Sporrong Scenografi AB;5590390547;Teknik- och servicenämnden;Övriga Sverige;Stockholm;0;0;0;0;0;0;0;0;0;0;0;0;147;0;0;0;0;145;0;0
Nytida Familia Ab;5590392493;Socialnämnden;Övriga Sverige;Solna;959;888;1780;709;1552;1354;1344;1343;1169;1478;680;845;559;318;1107;573;321;950;753;686
VOLTH Eldesign AB;5590402706;Markplanerings- och exploateringsnämnden;Övriga Sverige;Köping;11;0;0;14;0;0;0;0;0;9;28;46;17;0;0;10;0;0;9;0
Barn & Omsorg i Sverige AB;5590406442;Socialnämnden;Örebro kommun;Örebro;421;0;737;387;516;548;581;0;953;421;511;419;433;0;757;362;75;559;418;284
Jägarbacken HVB AB;5590408729;Socialnämnden;Övriga Sverige;Åmotsbruk;0;0;0;0;0;0;0;0;0;0;0;0;0;0;0;66;76;78;13;0
Kasam Familj AB;5590424189;Socialnämnden;Övriga Sverige;Karlskrona;0;0;0;0;0;0;0;0;0;0;0;39;29;1;0;0;0;0;89;83
Klinta Trädgård AB;5590434758;Teknik- och servicenämnden;Övriga Sverige;Höör;1468;0;0;0;0;0;1550;0;-50;522;1573;50;27;0;0;548;67;328;666;454
Villatorp 1 AB;5590454194;Socialnämnden;Övriga Sverige;Filipstad;475;0;934;474;424;472;416;0;777;412;393;337;450;0;668;427;0;724;393;478
Örebro Bilbärgning AB;5590454467;Teknik- och servicenämnden;Övriga Sverige;Solna;0;0;3;3;0;0;0;2;32;11;10;60;32;57;53;60;34;79;35;44
Indomi AB;5590456272;Socialnämnden;Övriga Sverige;Falun;0;0;0;0;0;0;0;0;0;0;0;0;125;185;167;185;179;185;179;185
Futura familjehemsvård AB;5590462551;Socialnämnden;Örebro kommun;Örebro;140;140;126;140;136;140;136;140;140;136;140;136;140;140;126;140;136;140;136;140
Skillster AB;5590472410;Gymnasie- och arbetsmarknadsnämnden;Övriga Sverige;Umeå;0;174;0;0;0;0;0;0;174;0;0;0;0;18;156;0;46;0;22;0
Sport & Grönt Entreprenad AB;5590491030;Markplanerings- och exploateringsnämnden;Övriga Sverige;Karlstad;0;0;0;0;0;0;0;93;61;0;0;0;0;0;0;0;0;0;0;0
Talking Minds AB;5590493739;Grundskolenämnden;Övriga Sverige;Stockholm;0;0;0;0;0;0;0;0;46;0;0;0;0;45;2;0;0;0;0;0
TON Arkitektur AB;5590518634;Markplanerings- och exploateringsnämnden;Örebro kommun;Örebro;149;0;20;0;30;59;70;9;0;167;39;32;99;4;10;22;80;80;69;7
Jump Yard Concepts AB;5590556717;Kultur- och fritidsnämnden;Övriga Sverige;Stockholm;7;18;54;6;5;0;16;8;2;2;9;6;5;14;27;3;6;7;2;7
Samskapa behandling AB;5590565023;Socialnämnden;Övriga Sverige;Hörby;1331;0;3401;1530;1344;3833;3178;0;5881;2940;2541;2072;1596;1798;3537;4922;0;6468;4256;4193
Konkursbo NBTFS 2 I ÖREBRO AB;5590574991;Vård- och omsorgsnämnden;Örebro kommun;Örebro;15;0;6;47;29;21;84;18;0;0;0;0;0;0;0;0;0;0;0;0
In Frigore 5 AB;5590582853;Kommunstyrelsen;Örebro kommun;Örebro;0;0;0;0;0;0;0;0;0;62;0;0;0;0;0;0;0;0;0;0
Aqua Rosim AB;5590584875;Teknik- och servicenämnden;Övriga Sverige;Skurup;0;0;0;69;70;49;0;43;44;0;0;0;0;0;141;0;42;144;0;124
M&M Mötesledarna AB;5590591417;Vård- och omsorgsnämnden;Övriga Sverige;Stockholm;0;0;27;0;8;0;0;0;0;0;0;0;0;0;18;0;10;0;0;0
Vivant Omsorg AB;5590594932;Socialnämnden;Övriga Sverige;Uppsala;669;0;1144;952;1137;601;555;699;636;636;830;723;668;644;654;909;0;419;410;353
Allmänläkarmottagning Eva Hallin AB;5590596796;Gymnasie- och arbetsmarknadsnämnden;Örebro kommun;Örebro;0;4;0;34;4;0;4;0;0;0;0;0;0;0;0;30;0;0;3;2
Projectconsult Mälardalen AB;5590628409;Markplanerings- och exploateringsnämnden;Övriga Sverige;Västerås;28;42;19;37;38;35;31;0;23;79;50;66;69;87;76;88;2;160;68;7
Barakat Consulting AB;5590649025;Kultur- och fritidsnämnden;Övriga Sverige;Stockholm;0;0;0;0;0;0;0;0;0;0;0;50;0;0;0;0;0;0;0;0
Förenade Familjehem Sverige AB;5590661533;Socialnämnden;Övriga Sverige;Landskrona;174;0;89;702;413;0;1034;0;498;843;16;637;373;0;393;789;0;381;754;0
Carria Stöd och Omsorg AB;5590676895;Socialnämnden;Övriga Sverige;Sävedalen;64;0;126;66;64;66;64;21;0;0;0;0;0;0;0;0;0;0;0;0
Startsteget AB;5590678180;Socialnämnden;Övriga Sverige;Eskilstuna;339;0;881;335;465;437;579;0;829;486;492;505;454;0;752;283;0;564;288;313
Teoricentralen Sverige AB;5590680848;Gymnasie- och arbetsmarknadsnämnden;Övriga Sverige;Eskilstuna;0;0;0;0;0;0;0;1;0;104;0;20;2;0;8;24;0;6;20;0
EDAB Keramik MK AB;5590697180;Funktionsstödsnämnden;Övriga Sverige;Strängnäs;19;0;0;0;6;2;11;0;0;7;0;0;11;0;0;8;0;12;0;0
Arstec AB;5590711577;Teknik- och servicenämnden;Övriga Sverige;Österskär;59;64;64;0;0;16;17;63;0;0;0;127;0;0;20;18;0;0;0;0
Karlssons Schakt & Anläggning AB;5590714878;Markplanerings- och exploateringsnämnden;Örebro kommun;Örebro;1909;0;508;668;466;975;1062;1449;5564;3031;2699;4923;848;879;1917;2397;1884;4083;1362;2097
Offentliga Utbildningar i Sverige A;5590715123;Teknik- och servicenämnden;Övriga Sverige;Göteborg;0;0;0;0;2;0;31;0;0;18;0;45;0;0;0;0;3;0;0;0
Rangola Verksamhetsutveckling AB;5590715131;Teknik- och servicenämnden;Övriga Sverige;Falun;0;0;0;0;77;0;0;0;0;0;0;74;15;0;0;0;0;0;0;0
Vejbyhem VoB AB;5590722723;Socialnämnden;Övriga Sverige;Halmstad;0;0;0;0;0;65;80;0;352;190;196;190;196;0;371;192;0;216;58;49
Everon Sverige AB;5590738992;Vård- och omsorgsnämnden;Övriga Sverige;Norrköping;30;30;13;25;13;13;47;18;16;20;17;18;22;17;23;32;25;44;17;29
Närkes Storköks Teknik AB;5590749619;Gymnasie- och arbetsmarknadsnämnden;Övriga Örebro län;Kumla;6;0;3;0;0;0;0;0;0;0;4;15;0;1;69;59;0;0;8;0
BoBo:s Däck AB;5590756531;Teknik- och servicenämnden;Örebro kommun;Stora Mellösa;22;0;0;0;0;12;76;0;0;7;10;33;0;0;8;2;13;56;8;0
Murphy Solution AB;5590765177;Vård- och omsorgsnämnden;Övriga Sverige;Stockholm;0;0;0;0;0;0;0;0;0;0;0;0;130;0;0;0;0;0;0;0
Henkas grus & betong AB;5590793369;Markplanerings- och exploateringsnämnden;Övriga Örebro län;Vretstorp;0;4;0;0;0;9;19;13;0;12;5;0;0;0;0;0;0;0;0;0
Bonnier News AB;5590800917;Fullmäktige och stadsrevision;Övriga Sverige;Stockholm;144;26;65;454;61;60;69;54;34;138;75;64;194;713;5;100;112;77;118;47
Svenska Mässan Gothia Towers AB;5590808290;Kommunstyrelsen;Övriga Sverige;Göteborg;0;0;0;7;0;90;0;0;75;17;38;3;12;0;0;28;8;0;21;0
Hagvidson AB;5590816038;Förskolenämnden;Örebro kommun;Örebro;969;982;1033;1503;1073;1124;953;953;1177;1001;1074;1429;1089;1138;1190;1148;1711;1496;1004;1004
Emil Fransson Skog AB;5590835889;Markplanerings- och exploateringsnämnden;Övriga Örebro län;Nora;0;0;0;0;0;0;7;0;71;0;72;0;0;0;0;0;0;17;0;0
Parcer AB;5590838305;Socialnämnden;Övriga Sverige;Hudiksvall;234;234;99;74;118;120;55;123;0;213;119;390;136;0;402;298;123;0;186;0
Tracksystems Scandinavia AB;5590843941;Kultur- och fritidsnämnden;Övriga Sverige;Tänndalen;0;0;0;0;0;0;0;0;0;50;0;0;0;0;0;0;0;0;0;0
Portify AB;5590844931;Teknik- och servicenämnden;Övriga Sverige;Uddevalla;0;0;0;0;0;0;0;126;0;0;0;0;0;0;83;89;44;74;47;46
F3nix Omsorg i Sävsjö AB;5590847876;Socialnämnden;Övriga Sverige;Stockaryd;73;16;0;56;78;223;278;0;256;60;0;0;0;0;0;0;0;0;0;0
Positivum Vård och Behandling AB;5590848445;Socialnämnden;Övriga Sverige;Stockholm;0;0;0;0;0;0;0;0;0;90;52;0;0;0;0;0;0;0;0;0
Beans in Cup AB;5590855564;Vård- och omsorgsnämnden;Övriga Sverige;Bandhagen;0;4;0;0;2;8;1;0;9;14;0;12;4;0;0;6;1;1;19;0
Crewford Care Syd AB;5590876024;Socialnämnden;Övriga Sverige;Nyköping;0;0;415;173;167;175;0;175;175;107;349;169;276;175;84;0;0;0;102;166
Cleverex Omsorg AB;5590877972;Vård- och omsorgsnämnden;Örebro kommun;Örebro;1645;1748;1722;1897;2074;2458;2376;2447;2170;3351;4352;4548;4172;4103;4019;4261;4341;4414;4527;4391
Studia AB;5590898937;Teknik- och servicenämnden;Övriga Sverige;Stockholm;0;0;33;0;10;11;0;0;0;8;0;0;0;0;54;30;0;0;0;0
ID Säkerhet i Örebro AB;5590900287;Vård- och omsorgsnämnden;Örebro kommun;Örebro;26;4;8;7;9;6;5;1;10;7;0;25;11;13;6;8;13;20;4;4
Willc AB;5590908744;Grundskolenämnden;Örebro kommun;Örebro;0;0;0;0;0;0;0;0;0;0;0;0;0;0;0;0;0;0;117;0
Relationsbygget - HS Psykoterapi AB;5590913744;Socialnämnden;Övriga Örebro län;Hallsberg;38;0;59;39;30;0;27;0;0;39;3;57;0;9;0;76;0;11;32;0
Aktiv Reklam Sweden AB;5590929179;Grundskolenämnden;Örebro kommun;Örebro;36;0;0;19;0;0;8;0;1;36;3;4;0;1;14;0;0;1;5;0
Beatum Assistans AB;5590935358;Funktionsstödsnämnden;Övriga Sverige;Göteborg;152;163;156;156;156;0;0;0;0;0;0;0;0;0;0;0;0;0;0;0
Klas Hallberg AB;5590967575;Vård- och omsorgsnämnden;Övriga Sverige;Nacka;0;0;0;0;0;0;0;0;0;0;0;0;0;0;0;35;0;37;0;0
RentalCare Sverige AB;5590977111;Vård- och omsorgsnämnden;Övriga Sverige;Stockholm;27;53;136;87;12;0;5;0;0;22;152;168;0;210;265;318;138;206;284;332
Hörselhälsan Örebro AB;5590981220;Grundskolenämnden;Örebro kommun;Örebro;9;5;12;5;0;5;0;0;9;45;8;61;25;7;26;17;5;17;5;0
Hille Holding AB;5590987359;Markplanerings- och exploateringsnämnden;Övriga Sverige;Älvdalen;0;0;0;0;0;0;0;0;0;0;0;0;0;0;0;13;0;46;0;27
AxÖ Consulting AB;5590997531;Kommunstyrelsen;Övriga Örebro län;Karlskoga;0;0;20;0;39;0;142;0;182;148;229;409;41;174;242;0;0;0;0;0
ATAC Entreprenad & Montage AB;5590998943;Teknik- och servicenämnden;Övriga Sverige;Arboga;0;0;0;0;0;0;0;0;0;0;53;0;0;0;0;0;0;0;0;0
CloCa Familjehem i Sverige AB;5591002703;Socialnämnden;Övriga Sverige;Västerås;88;89;81;90;86;90;87;0;180;86;0;176;91;0;170;90;0;183;91;93
Påskliljan produktion AB;5591011571;Vård- och omsorgsnämnden;Örebro kommun;Örebro;0;0;0;0;98;0;0;0;24;23;68;0;0;0;0;0;0;0;22;22
Aktiebolaget Södermännen Strängnäs;5591028708;Teknik- och servicenämnden;Övriga Sverige;Nykvarn;0;0;0;0;0;0;0;0;0;0;0;0;2210;0;0;0;0;0;0;0
Lastvagnsverkstan i Örebro AB;5591058739;Teknik- och servicenämnden;Örebro kommun;Örebro;68;0;93;112;59;10;4;3;100;89;108;125;66;52;0;6;0;0;3;0
InduSafe Supplies AB;5591075287;Teknik- och servicenämnden;Övriga Sverige;Kävlinge;0;0;0;0;0;0;0;0;0;0;0;6;0;0;41;19;0;0;0;0
Skandinavien Assistans i Sverige AB;5591080667;Funktionsstödsnämnden;Örebro kommun;Örebro;277;573;438;279;512;790;444;277;388;395;117;168;0;0;0;0;0;0;0;0
Jototoli AB;5591082572;Teknik- och servicenämnden;Övriga Sverige;Ekerö;0;0;0;0;0;0;0;0;82;0;0;0;0;0;0;0;0;0;0;0
Nytorget Clean & Facility AB;5591086086;Förskolenämnden;Övriga Sverige;Skarpnäck;838;963;1051;1015;1835;198;1629;989;1451;1851;52;1797;1053;248;718;1099;360;975;2270;390
Lejongruppen AB;5591105175;Socialnämnden;Övriga Sverige;Stockholm;406;482;487;959;532;0;1108;0;714;675;385;478;428;0;184;325;0;109;444;0
Parlametric AB;5591124556;Kommunstyrelsen;Övriga Sverige;Lund;0;0;0;0;0;0;0;0;0;0;0;0;0;0;0;112;0;0;112;0
Åhlenius Strateger Aktiebolag;5591135768;Teknik- och servicenämnden;Övriga Sverige;Norrköping;173;202;394;202;192;192;127;0;386;0;0;0;0;0;0;0;0;0;0;0
BC Utveckling Sverige AB;5591158828;Kultur- och fritidsnämnden;Övriga Sverige;Stockholm;6;0;4;4;6;4;0;1;9;12;8;7;7;0;3;9;11;13;0;1
WM Glas AB;5591165757;Grundskolenämnden;Örebro kommun;Örebro;7;0;0;14;7;1;0;19;0;0;0;0;0;5;0;8;4;0;12;0
Katrineberg Omsorg AB;5591180806;Socialnämnden;Övriga Sverige;Sköldinge;56;0;152;0;0;0;46;0;216;98;0;0;114;0;197;161;0;212;5;47
Tech Teach Sverige AB;5591181978;Kommunstyrelsen;Övriga Sverige;Stockholm;86;0;0;0;0;0;0;0;0;0;0;0;0;0;0;0;0;0;0;0
KLINIKINREDNING SVERIGE AB;5591202071;Vård- och omsorgsnämnden;Övriga Sverige;Handen;2;50;13;11;0;17;58;30;0;4;0;14;28;46;34;3;31;62;20;10
Human&heart HR AB;5591221410;Kommunstyrelsen;Övriga Sverige;Falun;186;47;1065;414;849;521;155;64;28;91;150;352;343;49;730;291;3;567;270;198
Råberga Ekoprodukter AB;5591249163;Teknik- och servicenämnden;Örebro kommun;Örebro;36;0;39;29;7;21;0;0;13;2;38;0;47;0;25;14;14;2;0;0
XAB AB;5591252134;Grundskolenämnden;Övriga Sverige;Älmhult;0;0;0;0;0;0;0;0;0;0;0;0;0;0;0;78;16;2;0;0
KMP Konsult Mitt AB;5591252431;Teknik- och servicenämnden;Övriga Sverige;Sollentuna;478;329;328;315;290;281;283;218;132;399;182;425;56;193;187;167;115;65;158;204
ÖPM Industri & Smidespartner AB;5591260988;Teknik- och servicenämnden;Övriga Sverige;Sollentuna;0;0;0;0;0;0;0;0;0;0;0;0;0;0;112;33;0;25;36;24
Spelfriheten AB;5591266597;Socialnämnden;Övriga Sverige;Stockholm;0;0;0;0;43;48;52;0;0;0;0;0;0;0;25;28;27;0;0;0
Heseb Fastigheter AB;5591277230;Kultur- och fritidsnämnden;Örebro kommun;Örebro;15;0;18;0;0;0;18;0;0;0;0;0;0;20;0;0;0;0;20;0
Uppdrag arkeologi i Sverige AB;5591277925;Markplanerings- och exploateringsnämnden;Övriga Sverige;Bromma;0;0;0;44;317;567;189;118;29;0;117;10;3;0;47;64;11;0;0;0
Sörbybacken aktivitetscenter AB;5591278618;Gymnasie- och arbetsmarknadsnämnden;Örebro kommun;Örebro;0;0;0;0;2;20;161;5;61;25;0;0;8;0;0;0;6;14;121;0
KION Financial Services Sweden AB;5591285142;Teknik- och servicenämnden;Örebro kommun;Örebro;12;12;13;12;12;12;12;25;0;12;13;12;12;12;12;25;0;13;25;13
Dynapond AB;5591292700;Teknik- och servicenämnden;Övriga Sverige;Kungens Kurva;0;0;0;0;0;0;0;0;0;0;0;0;0;0;0;0;73;0;0;0
RLL Handel AB;5591311252;Kultur- och fritidsnämnden;Örebro kommun;Örebro;40;0;0;0;0;0;0;0;0;0;0;40;0;0;0;0;0;0;0;1
Hatt & Co AB;5591323208;Gymnasie- och arbetsmarknadsnämnden;Örebro kommun;Örebro;40;0;0;0;0;2;2;0;0;0;0;0;4;0;0;0;1;0;9;3
Tvåpunktnoll AB;5591352777;Socialnämnden;Övriga Sverige;Stockholm;0;0;0;0;0;0;271;156;162;162;198;0;0;0;0;0;0;0;0;0
Martin & Servera Restauranghandel A;5591355549;Teknik- och servicenämnden;Övriga Sverige;Stockholm;6945;6676;7745;7543;7170;7563;5426;2708;6901;9429;7046;8623;7272;6579;6858;8947;5488;7825;5472;3076
Brightec Security AB;5591357081;Teknik- och servicenämnden;Övriga Örebro län;Mullhyttan;0;0;0;0;0;2;20;0;47;0;0;15;285;22;0;157;0;0;294;28
Aspia AB;5591378350;Kommunstyrelsen;Övriga Sverige;Stockholm;0;0;0;0;214;0;0;0;0;0;0;0;0;0;0;216;0;0;0;0
Kulturbistron AB;5591382774;Kommunstyrelsen;Örebro kommun;Örebro;46;53;34;8;13;46;18;0;49;39;44;55;43;0;28;24;49;34;8;0
Swedron Sverige AB;5591383756;Markplanerings- och exploateringsnämnden;Övriga Sverige;Västra Frölunda;0;0;11;39;0;0;0;0;0;0;0;44;0;0;0;0;0;0;0;0
M O Consulting AB;5591391940;Teknik- och servicenämnden;Örebro kommun;Örebro;102;0;246;127;98;0;240;0;32;206;153;135;135;0;0;0;0;0;0;0
Jannes Svets och Pumpservice AB;5591393409;Teknik- och servicenämnden;Övriga Sverige;Motala;0;0;6;87;0;0;0;0;0;0;0;0;0;0;0;0;0;0;0;0
LAMASSU Publishers AB;5591457436;Kultur- och fritidsnämnden;Övriga Sverige;Malmö;0;3;0;10;0;6;2;2;2;3;5;5;0;5;0;3;1;0;6;2
Clearberry AB;5591484166;Kommunstyrelsen;Örebro kommun;Örebro;0;0;0;80;0;12;0;0;0;0;0;96;80;0;0;80;0;0;0;0
Hello Ebbot AB;5591484729;Kommunstyrelsen;Övriga Sverige;Stockholm;0;8;8;8;15;0;15;0;8;15;0;15;8;0;8;15;0;8;15;0
Örebro Parkering Ab;5591491641;Teknik- och servicenämnden;Örebro kommun;Örebro;34;117;1;67;1;1;0;58;0;0;61;0;132;0;0;214;0;0;96;0
Vätternvatten Ab;5591491716;Teknik- och servicenämnden;Örebro kommun;Örebro;0;0;0;0;0;0;0;0;0;0;0;1582;0;0;0;0;0;0;0;0
Loxia Miljö AB;5591496053;Markplanerings- och exploateringsnämnden;Örebro kommun;Örebro;0;0;0;3;1;1;15;10;2;108;14;10;1;0;0;0;9;1;35;79
Plastec AB;5591505861;Teknik- och servicenämnden;Övriga Sverige;Ängelholm;0;0;0;102;0;0;0;0;0;0;4;0;0;0;0;0;0;0;0;0
K-IT Sweden AB;5591506174;Funktionsstödsnämnden;Övriga Sverige;Ulricehamn;1;0;1;0;0;0;1;0;150;1;0;3;0;0;3;0;0;1;117;0
Input interiör AB;5591506349;Gymnasie- och arbetsmarknadsnämnden;Övriga Sverige;Västra Frölunda;79;8;14;37;0;15;220;0;435;847;237;760;1042;80;162;66;105;921;322;72
Boris René Music AB;5591507321;Funktionsstödsnämnden;Örebro kommun;Örebro;0;0;0;0;0;0;0;40;0;0;0;0;0;0;0;0;0;0;40;0
Mathias Johansson Event AB;5591512248;Kultur- och fritidsnämnden;Örebro kommun;Örebro;-2;0;10;0;6;19;0;2;0;20;2;0;2;2;0;0;19;10;0;4
Tellus Tax Advisory AB;5591514467;Kommunstyrelsen;Övriga Sverige;Stockholm;0;0;50;0;0;0;0;0;0;0;0;0;0;0;0;0;0;0;0;0
Kulturaktiebolaget Det Blir Kul;5591519904;Grundskolenämnden;Örebro kommun;Örebro;0;0;0;0;0;0;0;0;0;0;60;0;0;0;0;0;0;0;0;0
SÖE Konsult AB;5591520563;Markplanerings- och exploateringsnämnden;Örebro kommun;Örebro;0;0;0;0;0;0;0;0;0;38;6;6;3;65;132;0;0;22;2;0
2U ASSISTANS AB;5591560262;Funktionsstödsnämnden;Övriga Sverige;Västerås;281;277;293;263;205;448;311;335;336;378;343;352;349;258;448;418;297;445;386;292
Ebba HVB AB;5591577191;Socialnämnden;Övriga Sverige;Aneby;264;113;102;163;109;113;149;276;142;76;221;65;163;113;62;0;0;0;0;0
TE-EM Event AB;5591595334;Teknik- och servicenämnden;Övriga Sverige;Linköping;0;0;0;14;40;7;0;0;1;54;0;0;0;0;0;33;0;0;0;0
Road Rental Scandinavia AB;5591608780;Teknik- och servicenämnden;Övriga Sverige;Sollentuna;0;0;0;0;0;0;0;0;0;0;0;592;272;120;250;312;122;486;271;359
Svenska Marknadsgruppen AB;5591612030;Funktionsstödsnämnden;Örebro kommun;Örebro;0;0;0;0;0;0;0;0;0;0;55;0;0;0;0;0;0;0;0;0
EnSuCon AB;5591613608;Markplanerings- och exploateringsnämnden;Övriga Sverige;Lund;296;0;131;18;28;15;0;0;0;43;0;0;0;0;0;0;0;0;0;0
MOFO UTVECKLING 1 AB;5591633598;Markplanerings- och exploateringsnämnden;Örebro kommun;Örebro;0;0;0;0;0;0;0;0;0;0;0;11200;0;0;0;0;0;0;0;0
Cultivate Kindness AB;5591639678;Funktionsstödsnämnden;Övriga Sverige;Stockholm;117;0;0;0;0;0;0;0;0;46;0;0;0;0;0;0;69;0;0;0
Insikten Vuxenpsykiatriskt boende Sv AB;5591642565;Funktionsstödsnämnden;Övriga Sverige;Sala;170;0;333;169;175;169;175;0;62;0;0;0;0;0;0;0;0;0;0;0
Mästaren 22 AB;5591656151;Gymnasie- och arbetsmarknadsnämnden;Övriga Sverige;Järvsö;9;9;11;9;9;9;0;0;1;0;0;1;0;0;0;0;0;0;0;0
Collactivate AB;5591668586;Kommunstyrelsen;Övriga Sverige;Duved;63;0;0;0;0;0;0;0;0;63;0;0;0;24;0;0;0;0;0;0
Stenvalvet 266 Örebro Mellringe AB;5591692149;Grundskolenämnden;Övriga Sverige;Stockholm;19;338;28;26;3;10;39;0;11;13;32;-1123;53;8;26;27;15;27;17;27
Snackare AB;5591709281;Gymnasie- och arbetsmarknadsnämnden;Övriga Sverige;Stockholm;0;0;0;0;28;34;3;0;0;39;0;30;0;35;0;0;0;0;0;0
Svensk skadereglering AB;5591727986;Teknik- och servicenämnden;Övriga Sverige;Gävle;8;9;0;7;3;0;0;0;8;2;16;29;22;0;16;0;0;0;0;4
Filmsnickeriet AB;5591749485;Kultur- och fritidsnämnden;Örebro kommun;Vintrosa;0;0;0;0;0;0;0;0;34;0;0;0;0;0;37;0;0;0;0;0
Hemstaden i Sverige AB;5591754345;Socialnämnden;Övriga Sverige;Danderyd;0;0;0;0;0;0;0;0;0;0;0;0;0;0;0;0;0;19;105;77
SPH creatives AB;5591763759;Kultur- och fritidsnämnden;Övriga Sverige;Ingarö;0;0;6;0;8;0;0;0;-4;1;10;14;2;1;0;17;14;10;0;0
Labmix Instrument AB;5591769343;Gymnasie- och arbetsmarknadsnämnden;Övriga Sverige;Mellbystrand;21;0;0;2;0;0;0;0;2;3;11;3;21;0;0;0;0;1;0;0
Psykoterapigruppen Orion AB;5591774673;Socialnämnden;Övriga Sverige;Hägersten;5;0;0;0;5;0;5;0;0;0;0;0;0;0;22;22;0;22;11;11
Konditori En bulle i ugnen AB;5591777841;Grundskolenämnden;Örebro kommun;Odensbacken;27;0;3;4;0;8;16;6;4;4;4;16;13;0;20;8;6;8;14;2
C&Å Väster Park Projekt AB;5591781710;Vård- och omsorgsnämnden;Örebro kommun;Örebro;0;0;0;2;0;1;0;0;12;2;80;5;18;6;3;2;8;13;12;9
Daka S.F. AB;5591782429;Teknik- och servicenämnden;Örebro kommun;Örebro;342;12;838;17;624;418;310;358;357;421;471;688;742;358;815;743;493;461;674;219
AK Finess (AKF) i Örebro AB;5591813190;Vård- och omsorgsnämnden;Örebro kommun;Örebro;0;4;0;0;0;0;0;0;0;4;70;139;218;364;623;768;671;466;345;386
Båsenberga Hotell AB;5591833545;Gymnasie- och arbetsmarknadsnämnden;Övriga Sverige;Vingåker;213;0;18;17;0;8;86;0;265;6;0;6;51;110;51;0;149;6;111;0
Humbla Öppenvård AB;5591834824;Socialnämnden;Övriga Sverige;Sollentuna;45;0;45;20;20;25;20;0;25;20;45;0;40;3;124;42;0;72;29;26
Projkon Sverige AB;5591845705;Markplanerings- och exploateringsnämnden;Övriga Sverige;Söderköping;104;0;80;12;93;0;28;14;5;24;0;80;55;0;48;38;0;21;25;9
Terranor AB;5591859029;Markplanerings- och exploateringsnämnden;Övriga Sverige;Solna;1347;723;0;1641;421;0;864;458;845;1012;495;60;322;583;705;438;1448;504;678;1820
Dialog DV AB;5591860100;Funktionsstödsnämnden;Örebro kommun;Örebro;934;919;987;0;971;951;851;657;887;1029;1059;991;845;880;915;1067;975;906;893;616
TankeTank AB;5591866784;Grundskolenämnden;Örebro kommun;Örebro;66;0;0;8;0;38;51;0;0;16;23;0;15;0;3;0;18;8;0;0
Charge Node Europé AB;5591881130;Vård- och omsorgsnämnden;Övriga Sverige;Mölndal;6;9;20;0;21;0;15;0;16;20;14;15;16;0;43;18;0;34;20;22
Maestra utbildningar AB;5591881718;Gymnasie- och arbetsmarknadsnämnden;Örebro kommun;Örebro;0;0;0;0;0;0;0;0;6;0;32;0;39;39;-27;0;0;26;0;0
Familjehemsteamet på Gotland AB;5591890438;Socialnämnden;Övriga Sverige;Visby;0;315;244;0;0;0;0;0;0;0;0;0;0;0;0;0;0;0;0;0
Backa Studios AB;5591897961;Grundskolenämnden;Övriga Örebro län;Vedevåg;0;0;0;0;20;62;0;0;0;0;15;0;0;0;0;0;0;0;0;0
Apoteksgruppen i Örebro Nr 4 AB;5591908685;Vård- och omsorgsnämnden;Örebro kommun;Örebro;22;0;31;11;33;16;31;2;28;3;24;17;15;4;28;13;0;29;20;14
Pennybridge Railers AB;5591917389;Teknik- och servicenämnden;Övriga Sverige;Arboga;495;0;217;25;253;91;257;0;0;265;407;1059;29;0;118;12;69;0;41;0
Danmat Konsulter Aktiebolag;5591927875;Teknik- och servicenämnden;Övriga Sverige;Dalby;0;0;3;0;0;0;0;0;0;0;0;49;0;1;0;67;0;36;47;20
ABB AB;5591930903;Teknik- och servicenämnden;Övriga Sverige;Västerås;0;0;0;7;0;0;0;2;350;0;0;0;0;0;0;0;9;0;0;392
Vårda Hemtjänst i Sverige AB;5591946792;Vård- och omsorgsnämnden;Örebro kommun;Örebro;275;0;0;0;0;0;0;0;0;0;0;0;0;0;0;0;0;0;0;0
Alirio Omsorg AB;5591946925;Vård- och omsorgsnämnden;Örebro kommun;Örebro;0;0;0;0;0;0;0;0;0;521;958;1056;1178;1354;1508;1781;1671;1963;2046;2092
Salus mea AB;5591963847;Vård- och omsorgsnämnden;Övriga Sverige;Göteborg;0;0;0;0;0;0;0;0;0;0;0;0;94;0;0;0;0;28;0;0
Viva Bemanning AB;5591982029;Vård- och omsorgsnämnden;Övriga Sverige;Enköping;0;0;0;0;0;0;0;0;0;0;0;0;0;0;0;0;0;0;99;179
Period Pack International AB;5592001084;Gymnasie- och arbetsmarknadsnämnden;Örebro kommun;Örebro;0;0;0;0;0;0;0;0;0;0;3;0;0;147;0;0;0;0;0;0
Maria Heimer AB;5592033046;Grundskolenämnden;Övriga Sverige;Åkarp;0;0;5;0;0;0;0;0;0;29;4;29;0;0;0;28;0;0;0;0
Inadra AB;5592035975;Grundskolenämnden;Övriga Sverige;Hägersten;0;0;0;13;0;0;-9;0;0;-4;0;101;6;0;4;0;0;0;0;0
Cirkus Björnen 1981 AB;5592044878;Grundskolenämnden;Örebro kommun;Örebro;0;0;0;20;0;0;0;20;0;0;0;0;0;0;5;0;0;27;0;16
Högtrycksverkstan i Norrköping AB;5592048937;Teknik- och servicenämnden;Övriga Sverige;Ringarum;0;0;0;12;10;0;36;0;0;0;0;0;0;0;0;19;0;0;18;0
MK Produktion och Installation AB;5592050107;Teknik- och servicenämnden;Övriga Sverige;Malmö;0;0;0;0;0;0;0;0;0;0;466;0;0;0;0;0;0;0;0;0
Taxi Grön Skåne AB;5592068968;Gymnasie- och arbetsmarknadsnämnden;Övriga Sverige;Lund;22;0;26;5;0;0;0;0;0;0;0;0;0;0;0;0;0;0;0;0
Public People AB;5592072101;Bygg- och miljönämnden;Övriga Sverige;Sala;0;0;0;0;0;0;0;0;0;0;0;0;0;0;0;0;0;0;51;36
Zeppelin Sverige AB;5592099971;Teknik- och servicenämnden;Övriga Sverige;Landvetter;0;0;61;0;0;2;0;0;0;32;0;0;5;0;0;0;0;15;24;0
SITECH Sverige AB;5592099989;Teknik- och servicenämnden;Örebro kommun;Örebro;0;0;49;0;0;0;0;0;0;0;0;0;30;0;0;0;0;0;0;0
Besiktningsförrättare Sverige AB;5592106198;Markplanerings- och exploateringsnämnden;Övriga Sverige;Stockholm;0;0;0;3;16;6;0;0;0;0;11;26;0;0;0;5;0;0;0;0
Klubbteamet i Örebro AB;5592119753;Gymnasie- och arbetsmarknadsnämnden;Örebro kommun;Örebro;68;0;28;9;36;25;9;8;0;51;42;59;163;5;1;26;3;2;24;0
Larsson Kalkyl o Konsult AB;5592143449;Markplanerings- och exploateringsnämnden;Övriga Örebro län;Lindesberg;0;0;4;0;10;0;4;0;0;0;0;0;0;0;0;0;0;0;36;3
AssistansExperten i Norden AB;5592161144;Funktionsstödsnämnden;Örebro kommun;Örebro;85;78;81;86;97;81;92;88;89;81;92;81;106;82;83;82;87;84;91;86
Hemsö Giffeln 1 AB;5592174725;Kommunstyrelsen;Övriga Sverige;Stockholm;12;0;4;0;7;347;3496;0;0;0;0;0;0;0;188;0;0;5;5;0
Hotel Fratelli AB;5592176100;Grundskolenämnden;Övriga Sverige;Karlstad;72;0;0;0;0;0;0;0;0;0;6;0;0;0;0;0;0;0;0;0
Allente Sverige AB;5592181308;Vård- och omsorgsnämnden;Övriga Sverige;Stockholm;1;1;17;1;1;17;1;1;17;2;0;18;0;1;17;2;0;17;1;17
JW Timmer & Bygg AB;5592210149;Markplanerings- och exploateringsnämnden;Övriga Sverige;Gnesta;0;0;0;0;0;0;0;0;0;0;210;97;0;0;0;0;0;0;0;115
Northscan AB;5592225360;Teknik- och servicenämnden;Övriga Sverige;Sundbyberg;14;0;0;53;15;22;8;0;66;91;0;0;0;0;0;0;0;0;0;0
Underfundarna Psykologi AB;5592230451;Grundskolenämnden;Övriga Sverige;Katrineholm;0;0;0;52;0;0;25;0;0;0;0;0;0;0;0;0;0;0;0;0
Liber Assistans AB;5592237977;Funktionsstödsnämnden;Örebro kommun;Örebro;41;0;54;7;3;0;0;0;40;0;9;0;0;24;24;26;0;12;0;0
Alberum AB;5592241821;Funktionsstödsnämnden;Örebro kommun;Örebro;122;125;168;108;129;151;129;129;129;151;135;0;0;0;0;0;0;0;0;0
Advokatbolaget sjutton34 AB;5592245111;Socialnämnden;Örebro kommun;Örebro;182;76;276;194;39;139;260;78;162;133;154;99;99;106;95;90;133;103;13;60
Ditt val AB;5592250723;Funktionsstödsnämnden;Örebro kommun;Örebro;96;99;99;99;99;99;99;99;99;118;99;96;99;101;100;0;0;295;100;0
Vattenbyggnad Entreprenad i Sverige AB;5592252398;Teknik- och servicenämnden;Övriga Örebro län;Lindesberg;142;0;0;0;0;0;0;0;0;0;0;0;0;0;0;0;0;0;0;231
K2A Hyresbostäder i Örebro 2 AB;5592256886;Kommunstyrelsen;Övriga Sverige;Stockholm;19;0;-5;10;9;8;9;0;8;0;0;0;0;0;0;0;0;8;0;0
Curama Assistans och Omsorg AB;5592278815;Funktionsstödsnämnden;Örebro kommun;Örebro;57;59;59;59;59;59;59;59;59;59;59;59;0;119;60;60;60;60;60;60
Your Power Management & Consulting;5592281991;Teknik- och servicenämnden;Örebro kommun;Örebro;137;0;164;0;0;0;0;0;0;0;0;0;0;0;0;0;0;0;0;0
Psykologerna Borg & Norin AB;5592283096;Gymnasie- och arbetsmarknadsnämnden;Övriga Sverige;Västerås;0;0;0;0;16;9;0;0;0;0;6;26;46;0;0;31;7;68;0;26
Sjömans Service & Transport AB;5592291586;Gymnasie- och arbetsmarknadsnämnden;Örebro kommun;Örebro;37;80;23;52;143;49;81;48;9;205;67;138;0;0;0;0;0;16;0;0
Genova Assistans AB;5592293939;Funktionsstödsnämnden;Örebro kommun;Örebro;0;0;0;0;0;0;0;0;76;0;0;0;0;0;0;0;50;37;0;0
Akustikverkstan Konsult AB;5592297005;Teknik- och servicenämnden;Övriga Sverige;Lidköping;0;0;0;0;0;0;0;0;0;0;0;0;58;0;0;0;0;0;0;0
Musikbörsen i Örebro AB;5592298284;Grundskolenämnden;Örebro kommun;Örebro;79;104;26;8;4;13;23;22;35;73;25;26;103;11;8;44;31;80;32;0
Tornet Bostad Tamarinden AB;5592311772;Kommunstyrelsen;Övriga Sverige;Malmö;0;0;438;0;225;333;117;0;216;4;132;0;0;0;0;402;422;274;0;269
Swereco AB;5592339807;Vård- och omsorgsnämnden;Övriga Sverige;Lenhovda;57;106;35;2;2;11;43;41;3;44;31;9;8;9;3;11;5;18;8;6
TalarPoolen AB;5592340052;Grundskolenämnden;Övriga Sverige;Huddinge;0;38;0;0;0;1;0;0;38;0;38;0;0;0;0;0;0;0;0;0
Mileway Sunbeam Bidco AB;5592350002;Kommunstyrelsen;Övriga Sverige;Göteborg;0;0;0;0;0;0;0;0;6;0;0;0;4;-72;0;0;0;0;0;0
Willes Simskola AB;5592392343;Grundskolenämnden;Örebro kommun;Örebro;23;0;0;0;0;0;1;0;31;31;0;0;21;0;0;0;0;23;0;0
Infrakraft Mälardalen AB;5592394984;Teknik- och servicenämnden;Örebro kommun;Örebro;0;0;0;0;0;0;0;0;944;2438;1293;3538;109;0;2092;2704;4168;3083;1346;2147
Curator Paola Zamora AB;5592405210;Kultur- och fritidsnämnden;Övriga Sverige;Stockholm;34;0;0;0;0;0;66;0;0;0;27;0;0;0;0;0;0;0;0;0
Tiveda Vård och Behandling AB;5592412042;Socialnämnden;Örebro kommun;Örebro;0;0;71;32;32;31;0;98;69;71;117;86;301;212;187;197;488;885;412;559
Märkesbolaget Sverige AB;5592428170;Kommunstyrelsen;Övriga Sverige;Visby;0;0;0;0;0;0;0;0;0;75;0;0;0;0;75;0;0;0;0;0
MySpeaker Scandinavia AB;5592441025;Vård- och omsorgsnämnden;Övriga Sverige;Stockholm;0;0;26;0;26;4;0;0;0;0;0;0;0;35;3;0;0;0;0;0
PIKU Online AB;5592447618;Socialnämnden;Övriga Sverige;Barsebäck;0;0;0;0;0;0;0;0;0;0;0;0;45;0;11;0;0;0;0;0
REAGERAT AB;5592455231;Gymnasie- och arbetsmarknadsnämnden;Örebro kommun;Örebro;41;41;59;63;19;54;21;0;0;0;0;39;17;13;5;0;0;19;2;0
Tillsyn 1 AB;5592462849;Markplanerings- och exploateringsnämnden;Örebro kommun;Örebro;0;11;22;0;0;0;0;0;0;20;0;0;7;0;0;0;0;0;10;6
Vattenbyggnad i Sverige AB;5592489180;Teknik- och servicenämnden;Örebro kommun;Örebro;0;1;0;0;0;13;39;39;0;0;4;4;0;0;0;0;0;0;0;0
GovSec Sweden AB;5592500770;Kommunstyrelsen;Övriga Sverige;Eskilstuna;0;60;3;0;0;0;0;0;0;0;0;0;0;130;31;0;0;0;0;0
Gläntan Unga Vuxna AB;5592501257;Socialnämnden;Övriga Sverige;Eskilstuna;0;0;0;0;0;0;192;38;108;106;105;106;104;17;0;0;0;0;0;0
Westberg Vibrations- och;5592512585;Teknik- och servicenämnden;Övriga Sverige;Umeå;24;0;0;17;146;148;164;303;109;222;172;163;316;18;25;28;27;117;9;74
Systrarnas bemanning AB;5592522980;Vård- och omsorgsnämnden;Övriga Sverige;Falköping;0;0;0;0;0;0;0;0;0;0;0;0;0;0;0;0;0;80;186;0
TallVillage Entreprenad AB;5592535495;Kultur- och fritidsnämnden;Örebro kommun;Örebro;0;0;0;0;0;0;22;0;14;22;0;17;0;8;8;78;0;8;19;26
Soma Design Småland AB;5592543812;Teknik- och servicenämnden;Övriga Sverige;Jönköping;59;0;0;0;0;0;0;0;0;147;0;0;0;0;0;0;0;0;0;0
Novia Socialomsorg AB;5592563091;Socialnämnden;Övriga Sverige;Stockholm;0;0;0;0;0;0;0;59;78;154;98;95;98;98;89;98;95;98;0;0
Örebro Skylt & Dekor AB;5592578693;Teknik- och servicenämnden;Örebro kommun;Örebro;121;14;76;11;39;28;213;9;19;115;74;114;0;7;84;110;45;79;237;3
Gnugg Gym AB;5592579063;Grundskolenämnden;Övriga Örebro län;Lindesberg;0;0;0;84;0;0;110;0;8;-152;55;0;0;0;0;84;0;0;0;0
RasmussonVik i Örebro AB;5592599939;Förskolenämnden;Örebro kommun;Örebro;268;270;269;396;309;250;311;271;311;358;293;421;307;305;310;305;445;383;277;277
Delfis Simskola AB;5592618044;Grundskolenämnden;Örebro kommun;Örebro;0;0;3;0;10;0;0;1;0;0;0;27;0;0;0;54;0;0;1;2
Framtidens Förskola Örebro AB;5592637937;Förskolenämnden;Örebro kommun;Örebro;328;325;325;468;325;328;218;218;317;246;256;349;247;247;267;264;383;329;164;164
SweAkustik AB;5592657596;Gymnasie- och arbetsmarknadsnämnden;Övriga Sverige;Karlstad;0;0;0;0;0;0;0;0;0;0;0;0;0;0;0;74;0;0;0;0
Vision 24 AB;5592671407;Socialnämnden;Övriga Sverige;Solna;187;91;104;91;0;180;88;91;91;88;91;88;91;91;83;91;0;266;155;0
ungdomscoach 24 AB;5592686918;Socialnämnden;Övriga Sverige;Uppsala;0;0;0;0;0;0;0;0;0;0;0;0;0;0;0;0;0;0;0;114
Iris Utvecklingscenter familjehemsv;5592694359;Socialnämnden;Övriga Sverige;Stockholm;91;95;28;0;0;0;0;0;6;0;0;0;65;72;8;168;0;169;83;86
Tagesson Bil AB;5592696545;Gymnasie- och arbetsmarknadsnämnden;Örebro kommun;Örebro;26;0;0;0;0;0;0;0;0;0;0;40;0;0;0;0;0;0;0;0
Initium Stöd & Skyddat Boende AB;5592710056;Socialnämnden;Övriga Sverige;Stockholm;0;0;0;0;0;0;0;0;0;0;0;58;90;90;0;0;0;0;0;0
Vintergården HVB AB;5592718638;Socialnämnden;Övriga Sverige;Sunhultsbrunn;270;279;476;0;421;0;421;0;214;425;0;421;0;214;255;0;0;0;0;0
L.O.V.A. Omsorg AB;5592724156;Funktionsstödsnämnden;Örebro kommun;Örebro;0;0;66;0;45;0;45;22;23;23;0;0;0;0;0;0;0;0;0;0
Thrive Consulting AB;5592737075;Vård- och omsorgsnämnden;Örebro kommun;Örebro;964;1005;1177;1356;1366;1391;1347;1289;1410;1462;1410;1442;1337;1514;1632;1662;1870;1625;1660;1592
Berg & Grip AB;5592770142;Kultur- och fritidsnämnden;Övriga Sverige;Östersund;0;0;0;0;0;99;0;0;24;0;0;0;0;0;0;0;0;0;0;0
Idrottsgymnasiet i Nacka AB;5592790397;Gymnasie- och arbetsmarknadsnämnden;Övriga Sverige;Nacka Strand;7;7;8;7;7;7;10;10;3;7;8;9;7;7;7;7;7;7;0;0
Suneson tecknade bilder AB;5592801392;Markplanerings- och exploateringsnämnden;Övriga Sverige;Frösön;0;0;0;0;0;0;0;10;0;0;0;0;35;0;0;0;0;20;0;0
HELA BARN AB;5592820798;Socialnämnden;Övriga Sverige;Farsta;0;0;0;0;0;0;0;0;0;0;0;148;0;119;0;0;0;0;0;0
Örebro MC AB;5592835531;Teknik- och servicenämnden;Örebro kommun;Örebro;0;0;0;0;246;0;0;0;0;0;0;0;0;0;4;0;5;0;0;0
ReForma Socialt Arbete AB;5592840580;Socialnämnden;Övriga Sverige;Vällingby;0;0;0;0;0;0;0;0;0;0;0;0;89;13;0;387;0;146;111;0
Kviberg Park Hotell & Conference;5592847056;Kultur- och fritidsnämnden;Övriga Sverige;Göteborg;0;0;0;0;0;49;0;0;0;0;0;0;2;0;0;0;0;0;0;0
DreamCare Omsorg AB;5592882244;Vård- och omsorgsnämnden;Örebro kommun;Örebro;1335;1731;1742;1793;1955;2042;1925;2043;1931;1976;2065;2020;1955;2019;2070;2082;2012;2046;2177;2026
Studentdisplay Sverige AB;5592886310;Kommunstyrelsen;Övriga Sverige;Eskilstuna;0;0;0;25;0;0;0;0;0;0;0;0;0;0;25;0;0;0;0;0
Eriksson & Svärd AB;5592895774;Teknik- och servicenämnden;Örebro kommun;Örebro;0;0;0;0;0;161;0;0;0;0;0;37;0;0;0;0;0;0;0;0
MLU Water Strategy and Treatment AB;5592936792;Kommunstyrelsen;Övriga Sverige;Hisings Backa;0;99;0;0;0;0;0;0;0;0;0;0;0;0;0;0;0;0;0;0
Skolbryggan AB;5592936925;Gymnasie- och arbetsmarknadsnämnden;Örebro kommun;Örebro;0;0;0;0;0;0;0;0;0;0;0;0;0;0;0;0;0;63;0;0
Kent VA Konsult AB;5592981236;Teknik- och servicenämnden;Övriga Sverige;Katrineholm;0;0;0;0;0;0;0;6;0;0;0;0;0;0;0;0;29;18;0;51
Tesus Academy Sweden AB;5592985666;Socialnämnden;Övriga Sverige;Malmö;0;0;0;0;0;40;0;0;8;0;0;0;10;0;0;0;0;8;0;0
LocStone AB;5592996614;Teknik- och servicenämnden;Övriga Sverige;Kil;0;0;0;0;0;0;68;138;17;0;0;0;0;0;0;0;0;115;0;0
Nerike Återvinning AB;5593025421;Teknik- och servicenämnden;Övriga Sverige;Norrköping;10;0;25;11;33;48;48;34;201;33;18;0;0;0;0;0;174;105;157;40
Johnny & Majas Catering i Örebro AB;5593043937;Grundskolenämnden;Örebro kommun;Örebro;0;0;0;2;0;0;0;35;0;0;0;0;0;0;0;2;0;0;0;42
JH Brandskydd AB;5593067084;Teknik- och servicenämnden;Örebro kommun;Örebro;0;0;0;0;0;0;0;0;8;0;30;14;0;0;0;0;0;0;0;0
Milieux AB;5593067423;Kultur- och fritidsnämnden;Örebro kommun;Örebro;0;0;0;0;0;24;1;0;21;1;21;23;0;1;15;15;15;18;0;0
Santi AB;5593083263;Funktionsstödsnämnden;Övriga Sverige;Stockholm;0;0;0;0;0;0;0;0;0;0;229;115;115;115;116;233;0;116;116;116
RS Mustang AB;5593086597;Gymnasie- och arbetsmarknadsnämnden;Övriga Sverige;Enköping;0;0;0;0;18;0;0;0;0;0;0;27;0;0;0;17;0;0;0;0
Saga Omsorg AB;5593110504;Funktionsstödsnämnden;Övriga Sverige;Uppsala;0;0;0;0;0;0;0;0;0;0;0;0;0;0;0;0;0;0;83;80
Dagteamet AB;5593118184;Funktionsstödsnämnden;Örebro kommun;Örebro;180;194;165;0;0;0;0;0;0;0;0;0;0;0;0;0;0;0;0;0
Christer C Music AB;5593122251;Markplanerings- och exploateringsnämnden;Örebro kommun;Örebro;0;0;0;0;0;0;0;0;0;0;50;0;0;0;0;0;0;0;0;0
NY Experience Säfsen AB;5593138604;Gymnasie- och arbetsmarknadsnämnden;Övriga Sverige;Fredriksberg;0;49;0;0;0;0;0;0;0;0;0;0;0;0;28;0;0;0;0;0
Fastighetsdesign Sverige AB;5593145351;Grundskolenämnden;Örebro kommun;Örebro;48;0;28;87;0;0;104;50;0;0;0;0;0;0;0;0;0;0;0;0
HavHem, Skyddat boende AB;5593146870;Socialnämnden;Övriga Sverige;Halmstad;0;0;0;0;0;0;0;0;0;0;0;0;0;0;0;0;0;0;0;84
JA Foodix AB;5593153264;Teknik- och servicenämnden;Övriga Sverige;Åsarna;0;62;0;0;0;0;0;0;0;0;0;0;0;64;0;0;0;0;0;0
Gebauer Entreprenad AB;5593156465;Teknik- och servicenämnden;Örebro kommun;Stora Mellösa;850;0;2696;0;123;0;0;56;0;23;243;720;0;3134;554;186;0;0;0;0
Billingehus Hotel & Möte AB;5593162018;Förskolenämnden;Övriga Sverige;Varberg;0;0;0;0;0;0;0;0;0;0;0;0;0;0;31;0;31;0;6;0
AB Yllw;5593178584;Gymnasie- och arbetsmarknadsnämnden;Övriga Sverige;Stockholm;0;0;0;0;20;0;0;0;114;0;0;0;0;0;0;0;0;0;0;0
NoDig Nordics AB;5593182495;Teknik- och servicenämnden;Övriga Sverige;Stockholm;0;0;22;312;0;817;0;0;0;0;0;0;0;0;0;0;0;0;907;0
Söderlunds Skyltprodukter AB;5593197923;Grundskolenämnden;Örebro kommun;Stora Mellösa;24;17;14;36;9;91;15;9;9;50;19;15;14;4;26;36;2;4;4;0
Furuhemmet AB;5593201543;Socialnämnden;Övriga Sverige;Partille;579;598;496;270;589;0;299;290;299;589;0;463;0;0;0;0;0;0;0;0
WAP Örebro AB;5593203705;Grundskolenämnden;Örebro kommun;Örebro;5;4;3;9;5;0;8;0;1;3;3;23;3;2;2;4;2;4;3;0
Johansson Kauppi Konsult AB;5593208589;Teknik- och servicenämnden;Övriga Sverige;Luleå;0;0;0;0;0;0;0;0;697;0;0;0;0;2;0;0;0;0;0;0
Torpahemmet AB;5593215121;Socialnämnden;Övriga Sverige;Nässjö;67;0;96;0;0;0;0;0;0;0;0;0;0;0;0;0;0;0;0;0
Kexx Kultur AB;5593236002;Funktionsstödsnämnden;Örebro kommun;Örebro;0;0;0;20;0;0;0;58;0;0;0;0;0;0;0;0;0;0;0;0
EO Franchise 26 Örebro AB;5593252736;Markplanerings- och exploateringsnämnden;Örebro kommun;Örebro;0;0;0;0;0;0;0;0;0;0;0;0;76;0;0;0;0;0;0;0
Infra TQ Group AB;5593286791;Vård- och omsorgsnämnden;Övriga Sverige;Bromma;196;7;268;1;308;152;148;1;270;48;23;200;86;0;125;71;3;139;80;72
Contagri AB;5593298424;Teknik- och servicenämnden;Örebro kommun;Glanshammar;37;0;0;0;0;0;13;0;0;0;0;0;0;0;0;0;0;27;8;0
MOAB i Örebro AB;5593302416;Markplanerings- och exploateringsnämnden;Örebro kommun;Örebro;0;0;0;0;0;0;4933;3380;0;10243;7869;7180;2125;113;585;69;0;0;971;0
Åmyne Fastighets AB;5593307159;Teknik- och servicenämnden;Övriga Sverige;Västerljung;0;0;0;0;0;0;0;0;0;0;0;0;0;59;0;0;0;0;0;0
Salinity Trading AB;5593382400;Teknik- och servicenämnden;Övriga Sverige;Göteborg;825;531;389;0;0;0;0;0;0;277;0;627;294;767;205;74;151;29;0;0
Susanna Wiklund Produktion AB;5593390940;Kultur- och fritidsnämnden;Övriga Sverige;Stockholm;0;0;0;0;0;0;180;0;0;0;0;0;50;30;0;0;0;0;0;0
Partega Bygg & Anläggning AB;5593391856;Teknik- och servicenämnden;Örebro kommun;Örebro;812;0;0;0;0;-7;0;0;0;0;0;0;0;0;0;0;0;0;0;0
Stockrosen Stödboende AB;5593402091;Socialnämnden;Övriga Örebro län;Nora;0;0;0;0;0;0;0;0;0;24;42;21;70;0;78;0;0;112;61;63
Conectura AB;5593404295;Kommunstyrelsen;Örebro kommun;Örebro;0;0;0;0;56;0;0;0;0;0;0;0;0;0;0;0;0;0;0;0
DTB Bygg AB;5593421232;Kultur- och fritidsnämnden;Örebro kommun;Örebro;0;0;0;0;0;0;0;0;0;0;0;0;0;0;0;667;0;0;0;0
Krisskydd Sverige AB;5593458994;Grundskolenämnden;Övriga Örebro län;Lindesberg;0;0;0;0;0;0;0;0;0;17;0;104;0;0;0;0;0;0;0;0
Holistisk Coaching Lillkyrka AB;5593464802;Gymnasie- och arbetsmarknadsnämnden;Örebro kommun;Lillkyrka;0;0;0;0;0;10;10;0;0;0;19;0;0;0;19;19;0;0;0;0
Engelbrekts Cykel AB;5593468035;Kommunstyrelsen;Örebro kommun;Örebro;0;283;0;22;0;11;0;0;0;0;0;0;0;174;27;0;0;0;0;0
Stora Hjortstorps Mat & Turism AB;5593471377;Grundskolenämnden;Örebro kommun;Örebro;70;19;11;8;14;77;139;0;38;20;24;46;8;17;5;8;16;69;182;5
Jönssons enkla aktiebolag;5593546012;Teknik- och servicenämnden;Örebro kommun;Örebro;0;0;0;0;0;36;0;0;0;0;0;88;0;0;0;0;0;25;0;0
Familjehemsvården Syd AB;5593550915;Socialnämnden;Övriga Sverige;Helsingborg;0;0;0;0;0;0;0;16;96;90;0;385;69;147;133;147;142;147;142;147
EHG Assistans AB;5593655433;Funktionsstödsnämnden;Övriga Sverige;Södertälje;133;113;85;0;53;116;137;116;85;85;53;116;85;85;0;171;86;0;139;118
Saskia Neuman Gallery AB;5593675746;Kultur- och fritidsnämnden;Övriga Sverige;Stockholm;0;31;0;62;0;0;0;0;0;0;0;0;0;0;0;0;0;0;0;0
Icuro Kungsten HVB AB;5593710378;Socialnämnden;Övriga Sverige;Hisings Kärra;0;0;0;0;0;0;0;0;0;0;0;0;0;0;0;0;0;0;151;0
Extruder AB;5593787236;Teknik- och servicenämnden;Örebro kommun;Örebro;0;0;733;125;613;0;0;690;2;0;151;5;0;14;0;3;0;0;0;0
Elcoline AB;5593798761;Teknik- och servicenämnden;Övriga Örebro län;Karlskoga;0;0;53;20;232;116;14;-3;0;6;0;0;77;0;1058;3;150;274;126;17
Tidnings AB Fastighetsvärlden;5593815706;Kommunstyrelsen;Övriga Sverige;Stockholm;12;0;0;0;0;0;90;0;0;140;19;0;0;0;0;15;0;0;0;150
Scandinavian Photo AB;5593819096;Kommunstyrelsen;Övriga Sverige;Borås;0;0;8;0;0;42;0;1;0;3;4;0;0;0;0;0;0;5;0;0
Navirum Energi AB;5593835621;Teknik- och servicenämnden;Övriga Sverige;Malmö;1101;426;964;898;837;217;569;620;165;176;164;246;1800;945;991;2130;0;826;198;653
Wallerstedt Sverige AB;5593839284;Markplanerings- och exploateringsnämnden;Örebro kommun;Örebro;0;0;0;0;0;0;0;0;0;0;570;0;0;0;0;2;0;0;0;0
Lillån Padel AB;5593845240;Grundskolenämnden;Örebro kommun;Örebro;13;3;29;12;3;10;5;0;0;3;1;4;0;10;0;0;0;1;0;0
ReSource Sverige AB;5593852584;Teknik- och servicenämnden;Övriga Sverige;Klintehamn;0;0;0;0;0;0;0;0;0;0;0;0;0;0;0;42;45;0;2;0
Dahir AB;5593857690;Kultur- och fritidsnämnden;Övriga Sverige;Johanneshov;0;0;0;160;0;0;0;0;0;0;0;400;0;0;28;500;0;0;0;0
Norrsken Fönsterputs AB;5593867244;Grundskolenämnden;Örebro kommun;Örebro;0;0;0;0;0;0;0;0;69;0;0;0;0;0;0;0;0;0;0;0
Common People Architecture AB;5593877375;Teknik- och servicenämnden;Övriga Sverige;Stockholm;0;0;0;0;0;0;0;0;0;0;0;0;0;0;0;9;0;24;75;9
QLNR i Örebro AB;5593898975;Kommunstyrelsen;Örebro kommun;Örebro;0;0;0;0;0;0;0;0;0;0;0;42;185;206;544;707;912;1629;1726;1929
Min Framtid AB;5593928616;Socialnämnden;Övriga Sverige;Karlstad;0;0;0;0;0;0;0;0;0;0;0;0;0;0;0;0;0;0;189;101
Mal Proff AB;5593930406;Gymnasie- och arbetsmarknadsnämnden;Övriga Sverige;Solna;30;0;0;0;0;0;0;0;0;0;0;0;52;0;3;10;14;17;0;0
Åsa Mårtensson AB;5593958480;Kultur- och fritidsnämnden;Övriga Sverige;Stora Skedvi;0;0;0;0;0;0;0;0;0;0;0;0;0;0;0;0;0;58;0;0
Teckningsstudion AB;5593976912;Kultur- och fritidsnämnden;Övriga Sverige;Varberg;0;0;0;0;0;0;0;0;0;0;0;0;0;0;0;0;0;0;76;0
IUC Industrihubb AB;5593982225;Gymnasie- och arbetsmarknadsnämnden;Örebro kommun;Örebro;0;0;308;0;0;0;0;0;0;0;0;0;3;0;0;940;0;314;0;0
MF Bergsprängning AB;5593988040;Teknik- och servicenämnden;Örebro kommun;Stora Mellösa;0;0;0;90;56;17;91;0;0;50;0;0;33;0;0;0;9;0;0;0
Primulagruppen AB;5594031378;Socialnämnden;Övriga Sverige;Mölnlycke;0;0;0;0;0;0;0;0;0;0;0;0;103;41;227;354;0;470;231;259
EcoRetur Scandinavia AB;5594062944;Teknik- och servicenämnden;Övriga Sverige;Ekeby;0;0;136;0;0;0;0;0;26;0;141;0;0;0;0;0;0;0;7;0
H.O.P.E Assistans AB;5594094186;Funktionsstödsnämnden;Övriga Sverige;Helsingborg;0;0;0;0;0;0;0;0;0;0;0;115;215;0;116;234;0;99;55;0
Camici AB;5594108309;Socialnämnden;Övriga Sverige;Skövde;0;0;0;0;0;0;0;0;0;0;0;0;0;0;0;0;0;130;81;0
Amare Omsorg AB;5594113457;Vård- och omsorgsnämnden;Örebro kommun;Örebro;736;846;1027;1078;1213;1162;1201;1196;1185;1265;1240;1289;1142;988;821;767;775;823;787;733
Region Örebro Innovation AB;5594126384;Kommunstyrelsen;Örebro kommun;Örebro;0;0;0;0;0;0;0;0;100;0;0;0;0;2294;0;0;0;0;0;0
FAUN Nordic AB;5594185364;Teknik- och servicenämnden;Övriga Sverige;Kalmar;0;14;0;0;5;6;6;26;24;45;6;17;12;47;22;43;15;11;6;38
Stena Confidential AB;5594187287;Vård- och omsorgsnämnden;Övriga Sverige;Göteborg;20;36;106;38;35;56;58;6;89;43;34;43;56;3;109;66;1;77;58;58
IVL Sustainable Building AB;5594196270;Teknik- och servicenämnden;Övriga Sverige;Stockholm;0;30;0;0;0;0;0;0;0;0;0;0;38;0;0;24;0;0;0;0
ME Samuelssons Entreprenad AB;5594211236;Teknik- och servicenämnden;Övriga Örebro län;Lindesberg;0;0;0;0;0;10;10;10;10;10;10;10;10;20;10;10;10;10;0;20
MTFC AB;5594225988;Socialnämnden;Övriga Sverige;Ljungby;0;0;0;0;0;0;0;0;0;0;0;0;106;44;0;0;0;0;0;0
Norrgårdens Stängsel AB;5594226374;Markplanerings- och exploateringsnämnden;Örebro kommun;Lillkyrka;0;0;0;0;69;33;0;0;40;4;0;0;0;0;0;10;0;3;0;0
Örebros bästa golfmat& AB;5594251018;Grundskolenämnden;Örebro kommun;Örebro;0;11;0;0;13;24;5;5;2;1;14;8;0;0;0;0;0;5;0;0
Addsolutions Care Sverige AB;5594252487;Vård- och omsorgsnämnden;Övriga Sverige;Lund;0;0;0;0;0;0;0;0;0;0;0;0;0;0;0;0;0;0;76;58
Vedlunds Livs AB;5594260456;Grundskolenämnden;Örebro kommun;Örebro;31;3;0;6;0;7;0;6;4;5;0;4;0;0;12;0;0;1;6;9
Robbin HVB AB;5594267584;Socialnämnden;Övriga Sverige;Aneby;0;0;0;0;0;0;0;0;0;0;0;0;0;0;0;0;269;0;360;0
J.G Skylt & Profil AB;5594300864;Gymnasie- och arbetsmarknadsnämnden;Örebro kommun;Örebro;0;8;0;37;0;3;0;0;0;9;0;5;0;0;0;0;0;0;0;0
E-K Rör AB;5594323742;Teknik- och servicenämnden;Övriga Örebro län;Kumla;0;0;0;0;13;21;43;9;6;0;0;0;0;0;0;0;0;2;57;36
GH Form AB;5594347048;Teknik- och servicenämnden;Övriga Sverige;Malmö;0;0;0;0;0;0;84;0;0;0;0;0;0;0;0;0;0;0;0;0
Assistans Crew 1 AB;5594348814;Funktionsstödsnämnden;Övriga Sverige;Göteborg;0;0;0;0;0;0;0;0;0;0;0;0;0;0;39;141;0;71;71;71
Tietoevry AB;5594359001;Kommunstyrelsen;Övriga Sverige;Solna;113;220;181;162;219;380;205;34;0;219;244;1069;1449;647;42;1434;714;636;631;664
Harmoni Care AB;5594365677;Vård- och omsorgsnämnden;Övriga Sverige;Göteborg;21;18;23;7;1;8;34;1;2;22;4;24;0;6;0;53;0;0;28;1
TMI Trafik och MiljöInnovationer AB;5594437278;Teknik- och servicenämnden;Övriga Sverige;Hölö;0;0;0;0;0;0;0;0;0;0;0;0;0;0;0;0;0;109;0;4
Access Assistans i Sverige AB;5594444597;Funktionsstödsnämnden;Övriga Sverige;Mölndal;0;0;0;0;0;0;0;0;0;0;0;192;184;183;190;0;0;0;0;0
TMRW/TDAY AB;5594478462;Kultur- och fritidsnämnden;Övriga Sverige;Stockholm;0;0;0;0;0;0;100;0;0;0;0;0;50;0;0;0;0;0;0;0
Balansgruppen Öppenvård & Utbildning AB;5594482696;Socialnämnden;Övriga Sverige;Kristianstad;0;0;0;0;27;0;13;0;0;0;0;0;36;0;0;0;0;0;0;0
TUFF Filmdistribution AB;5594523242;Kultur- och fritidsnämnden;Övriga Sverige;Malmö;5;0;0;0;22;0;0;0;0;1;32;-2;1;0;0;0;0;0;0;0
PPP i Örebro AB;5594568973;Vård- och omsorgsnämnden;Örebro kommun;Örebro;297;552;147;6;206;145;65;5;16;36;323;362;193;1;0;0;0;0;0;0
PAVE Industriservice AB;5594584749;Gymnasie- och arbetsmarknadsnämnden;Övriga Sverige;Köping;0;0;0;0;0;133;506;138;0;0;7;0;0;0;24;0;0;0;0;0
Nystarten Familjehemsvård AB;5594598806;Socialnämnden;Övriga Örebro län;Kumla;232;0;159;84;87;84;0;145;198;39;0;0;0;0;0;0;0;0;0;0
Optisafe AB;5594628686;Vård- och omsorgsnämnden;Övriga Sverige;Falkenberg;0;0;0;0;0;0;0;0;252;0;0;0;0;0;0;0;12;0;0;0
Actea Management Consulting AB;5594632225;Kultur- och fritidsnämnden;Övriga Sverige;Göteborg;0;0;0;0;0;0;0;0;0;0;0;51;0;0;0;0;0;0;0;0
AE Scandinavia AB;5594633520;Vård- och omsorgsnämnden;Örebro kommun;Örebro;0;0;11;0;0;0;0;0;0;0;0;0;305;190;111;129;45;9;67;15
Spitfire Konstbruk & Smide AB;5594635731;Kultur- och fritidsnämnden;Övriga Sverige;Furulund;0;0;0;0;0;0;0;0;0;70;0;0;0;0;0;0;0;0;0;0
Alvi Omsorg AB;5594664525;Funktionsstödsnämnden;Övriga Sverige;Stockholm;0;0;0;0;0;0;0;0;0;30;30;30;30;30;30;30;30;0;-20;0
Eyrasec AB;5594673153;Teknik- och servicenämnden;Örebro kommun;Örebro;29;11;304;209;98;31;0;18;96;64;27;13;17;9;36;141;102;119;59;170
Advokatfirman Carthiel AB;5594675539;Teknik- och servicenämnden;Övriga Sverige;Stockholm;0;0;0;0;0;0;0;0;0;0;0;0;0;0;0;0;70;31;27;0
T-schakt Energi & Miljö AB;5594746710;Teknik- och servicenämnden;Örebro kommun;Örebro;0;0;0;0;156;9;0;0;0;0;0;0;0;0;0;0;0;0;0;0
Snacka om sjukt! AB;5594829730;Gymnasie- och arbetsmarknadsnämnden;Övriga Sverige;Jönköping;0;0;0;0;0;0;0;0;0;0;0;41;0;0;0;61;0;0;0;0
EWF AB;5594847690;Teknik- och servicenämnden;Örebro kommun;Glanshammar;113;65;33;174;52;84;0;188;83;115;51;177;153;0;0;0;0;0;0;0
Aldoke AB;5594857673;Teknik- och servicenämnden;Övriga Sverige;Gustavsberg;0;0;6;0;0;28;8;0;0;30;0;0;18;0;18;0;0;15;0;21
Ekopig Sverige AB;5594866658;Teknik- och servicenämnden;Övriga Sverige;Henån;0;0;0;20;0;15;0;0;0;27;0;0;51;0;0;0;41;0;16;0
Karriärguiden Group Sweden AB;5594868696;Kommunstyrelsen;Övriga Sverige;Stockholm;0;0;12;0;0;0;0;0;0;0;0;10;0;45;0;0;0;0;0;0
Tarp Sverige AB;5594871997;Teknik- och servicenämnden;Övriga Sverige;Fjärås;214;0;220;0;1;0;0;0;16;0;0;0;4;0;0;22;0;0;0;0
Dikor i Örebro AB;5594890203;Markplanerings- och exploateringsnämnden;Örebro kommun;Glanshammar;0;0;0;0;0;0;0;0;0;0;0;94;0;0;0;0;0;0;0;0
Fritt Spelrum AB;5594909847;Kultur- och fritidsnämnden;Övriga Sverige;Segeltorp;0;0;0;0;0;0;0;0;0;0;0;199;227;0;24;0;0;0;0;0
RentPower Nordic AB;5594912791;Teknik- och servicenämnden;Örebro kommun;Örebro;22;141;0;108;0;0;0;0;0;0;0;0;0;317;512;226;0;0;0;0
Sveriges förvaltarenhet AB;5594975616;Överförmyndarnämnden;Övriga Sverige;Västerås;0;2;7;12;33;0;21;23;24;53;0;87;62;0;68;144;0;79;182;0
HMG Infra AB;5594988593;Markplanerings- och exploateringsnämnden;Övriga Sverige;Grevie;0;0;0;0;0;0;0;0;0;0;0;0;275;0;0;0;0;0;0;0
Veho Truck Retail AB;5595071639;Teknik- och servicenämnden;Övriga Sverige;Kungens Kurva;0;0;0;0;0;0;0;0;0;0;0;59;75;8;13;83;4;78;0;33
Skadepoolen i Örebro AB;5595083279;Funktionsstödsnämnden;Övriga Sverige;Solna;0;0;0;0;17;7;8;0;0;12;0;6;0;0;0;6;0;12;6;6
Day By Day Music AB;5595098343;Gymnasie- och arbetsmarknadsnämnden;Övriga Örebro län;Karlskoga;0;0;0;0;0;0;36;0;0;0;0;0;0;0;0;10;0;0;38;0
Mäteriet AB;5595099473;Markplanerings- och exploateringsnämnden;Örebro kommun;Vintrosa;0;0;6;27;0;101;41;15;45;50;60;39;26;2;0;3;0;20;10;16
Sortrace AB;5595134072;Teknik- och servicenämnden;Övriga Sverige;Stockholm;0;0;0;0;0;0;0;0;0;0;0;0;0;0;0;116;0;0;77;0
Cedra Sverige AB;5595136275;Kommunstyrelsen;Övriga Sverige;Göteborg;0;0;0;0;0;0;0;0;0;0;0;0;0;0;0;0;75;0;25;0
BW Energiteknik AB;5595167148;Teknik- och servicenämnden;Övriga Sverige;Göteborg;0;0;0;0;0;47;0;0;0;0;0;0;6;0;37;0;0;0;0;0
Lyssendo AB;5595211193;Kommunstyrelsen;Övriga Sverige;Harestad;0;0;0;0;0;0;0;0;0;0;0;59;17;-9;9;9;9;9;8;0
Barth Invest AB;5595213330;Teknik- och servicenämnden;Övriga Sverige;Stockholm;0;0;0;0;0;0;0;0;0;0;0;0;0;0;0;0;60;0;0;60
River Pump Service AB;5595223172;Teknik- och servicenämnden;Övriga Sverige;Stora Höga;0;0;0;0;0;0;113;0;135;39;109;6;608;157;145;239;39;146;426;199
Almeens Elteknik AB;5595265561;Vård- och omsorgsnämnden;Örebro kommun;Örebro;0;0;0;0;0;0;0;0;0;0;0;6;0;7;6;12;12;0;20;22
Malmström Marklösningar AB;5595282756;Teknik- och servicenämnden;Örebro kommun;Örebro;0;0;0;0;0;0;0;0;0;42;92;94;74;48;129;79;20;0;0;0
Konst- och Scenkollektivet Örebro AB;5595329144;Kultur- och fritidsnämnden;Örebro kommun;Örebro;0;0;0;0;0;0;0;0;0;0;0;0;58;0;0;0;0;0;0;0
Schneider Electric OpCo Sweden AB;5595445098;Teknik- och servicenämnden;Övriga Sverige;Nyköping;0;0;0;0;0;0;0;0;0;0;0;0;0;0;0;0;0;0;63;0
Ateljé Atashgard AB;5595643817;Teknik- och servicenämnden;Övriga Sverige;Hässelby;0;0;0;0;0;0;0;0;0;0;0;0;0;0;0;0;0;0;0;160
Gåspennan Musik AB;5595700567;Grundskolenämnden;Övriga Sverige;Danderyd;0;0;0;0;0;0;0;0;0;0;0;0;0;0;0;37;0;49;0;0
Länsförsäkringar Bergslagen Ömsesid;5780009956;Kommunstyrelsen;Övriga Sverige;Västerås;0;0;0;29;99;57;0;0;41;58;0;11320;24;29;29;30;575;0;0;0
Sami Ekonomisk Förening;7020000803;Kultur- och fritidsnämnden;Övriga Sverige;Stockholm;0;0;0;0;0;0;0;0;0;0;53;0;0;0;0;0;0;0;0;0
Husbyggnadsvaror H.B.V. förening u.p.a.;7020009226;Vård- och omsorgsnämnden;Övriga Sverige;Johanneshov;0;0;0;0;0;40;0;0;0;0;0;0;0;0;0;24;62;109;565;10
Riksbyggen Ekonomisk Förening;7020017781;Markplanerings- och exploateringsnämnden;Övriga Sverige;Stockholm;58;51;72;56;55;12;29;43;153;241;32;94;19;37;25;247;26;33;79;46
Stim;7020023524;Kultur- och fritidsnämnden;Övriga Sverige;Stockholm;2;0;4;6;0;3;13;0;6;0;0;7;10;0;4;4;0;5;0;0
Kårsta Smf;7164114279;Teknik- och servicenämnden;Ort saknas;;0;0;0;0;60;0;0;0;0;0;0;0;0;0;0;156;0;0;0;0
Hjulåsen-Suttarboda-Filipshytt;7164114394;Teknik- och servicenämnden;Ort saknas;;0;0;0;0;179;0;0;0;0;0;0;0;0;0;0;167;0;15;0;0
Ramshyttan Smf;7164114469;Teknik- och servicenämnden;Ort saknas;;0;0;0;0;49;0;0;0;0;0;0;0;0;0;0;110;0;0;0;0
Talby Samfällighetsförening;7164114840;Teknik- och servicenämnden;Ort saknas;;0;0;0;0;107;0;0;0;0;0;0;0;0;0;0;249;0;0;0;0
Skala Smf;7164115177;Teknik- och servicenämnden;Ort saknas;;0;0;0;0;30;0;0;0;0;0;0;0;0;0;0;66;0;0;0;0
Örebro Tennis & Badmintonhall Ek Fö;7164115615;Gymnasie- och arbetsmarknadsnämnden;Örebro kommun;Örebro;5;0;4;2;2;1;0;1;5;4;7;4;0;0;6;11;1;1;1;1
HSB Bostadsrättsförening Vesslan i Öreb;7164115714;Markplanerings- och exploateringsnämnden;Örebro kommun;Örebro;0;0;0;0;0;0;0;0;0;0;0;0;210;0;0;0;0;0;0;172
Rbf Sörbyängens C;7164115789;Markplanerings- och exploateringsnämnden;Örebro kommun;Örebro;0;4;0;0;0;0;0;0;0;0;0;0;0;0;0;0;0;1731;0;0
BOSTADSRÄTTSFÖRENINGEN GILLET;7164115904;Markplanerings- och exploateringsnämnden;Örebro kommun;Örebro;0;17;0;0;9;9;0;0;0;4;0;0;0;4;0;0;0;17;0;134
Bostadsrättsföreningen Rosenberget;7164116092;Kommunstyrelsen;Örebro kommun;Örebro;0;0;45;0;0;45;0;0;0;0;0;0;0;0;95;95;48;0;0;0
Rbf Örebrohus Nr 28;7164116100;Kommunstyrelsen;Örebro kommun;Örebro;0;16;16;0;19;0;0;0;0;0;0;0;0;0;0;17;0;34;0;0
Kärsta Smf;7164117702;Teknik- och servicenämnden;Ort saknas;;0;0;0;0;30;0;0;0;0;0;0;0;0;0;0;66;0;0;0;0
Åsby;7164117736;Teknik- och servicenämnden;Ort saknas;;0;0;0;0;100;0;0;0;0;0;0;0;0;0;0;232;0;0;0;0
Brobyortens Samfällighetsförening;7164117793;Teknik- och servicenämnden;Ort saknas;;0;0;0;0;43;0;0;0;0;0;0;0;0;0;0;95;0;0;0;0
Falla Smf;7164117835;Teknik- och servicenämnden;Ort saknas;;0;0;0;0;43;0;0;0;0;0;0;0;0;0;0;94;0;0;0;0
Skeppsta Smf;7164117868;Teknik- och servicenämnden;Ort saknas;;0;0;0;0;25;0;0;0;0;0;0;0;0;0;0;54;0;0;0;0
Kumla-Krogesta Smf;7164117876;Teknik- och servicenämnden;Ort saknas;;0;0;0;0;53;0;0;0;0;0;0;0;0;0;0;117;0;0;0;0
Tjugesta-Fiskartorpet Smf;7164117991;Teknik- och servicenämnden;Ort saknas;;0;0;0;0;58;0;0;0;0;0;0;0;0;0;0;133;0;0;0;0
Knarsta Smf;7164118056;Teknik- och servicenämnden;Ort saknas;;0;0;0;0;48;0;0;0;0;0;0;0;0;0;0;115;0;0;0;0
Sätra Smf;7164118205;Teknik- och servicenämnden;Ort saknas;;0;0;0;2;41;0;0;0;0;0;0;0;0;0;1;106;0;0;0;0
Blackstahyttan Smf;7164118254;Teknik- och servicenämnden;Ort saknas;;0;0;0;0;25;0;0;0;0;0;1;0;0;0;0;56;0;0;0;0
Resta Smf;7164118262;Teknik- och servicenämnden;Ort saknas;;0;0;0;0;17;0;0;0;0;0;0;0;0;0;0;38;0;0;0;0
Röhammar Smf;7164118361;Teknik- och servicenämnden;Ort saknas;;0;0;0;0;19;0;0;0;0;0;0;0;0;0;0;43;0;0;0;0
Röcklinge Backa Vsf;7164118387;Teknik- och servicenämnden;Ort saknas;;0;0;0;0;27;0;0;0;0;0;0;0;0;0;0;60;0;0;0;0
Södra Dylta Smf;7164118411;Teknik- och servicenämnden;Ort saknas;;0;0;0;0;23;0;0;0;0;0;0;0;0;0;0;50;0;0;0;0
Täbygatans Vsf;7164118478;Teknik- och servicenämnden;Ort saknas;;0;0;0;0;39;0;0;0;0;0;0;4;0;0;0;86;0;0;0;0
Åsen-Älmerud Smf;7164118700;Teknik- och servicenämnden;Ort saknas;;0;0;0;0;41;0;0;0;0;0;0;0;0;0;0;91;0;0;0;0
Spånga-Granhammar Smf;7164118775;Teknik- och servicenämnden;Ort saknas;;0;0;0;0;86;0;0;0;0;0;0;0;0;0;0;191;0;0;0;0
Brandstorp-Grythem Vsf;7164119229;Teknik- och servicenämnden;Ort saknas;;0;0;0;0;37;0;0;0;0;0;0;0;0;0;0;126;0;0;0;0
Via-Sticksjö Smf;7164119344;Teknik- och servicenämnden;Ort saknas;;0;0;0;0;38;0;0;0;0;0;0;0;0;0;0;109;0;15;0;0
Hyltran Smf;7164119500;Teknik- och servicenämnden;Ort saknas;;0;0;0;0;18;0;0;0;0;0;0;0;0;0;0;39;0;0;0;0
Lycke-Sundtorp Vsf;7164119534;Teknik- och servicenämnden;Ort saknas;;0;0;0;0;28;0;0;0;0;0;0;0;0;0;0;62;0;0;0;0
Gräve Smf;7164119559;Teknik- och servicenämnden;Ort saknas;;0;0;0;0;18;0;0;0;0;0;0;0;0;0;0;39;0;0;0;0
Balsna-1 Smf;7164119641;Teknik- och servicenämnden;Ort saknas;;0;0;0;0;33;0;0;0;0;0;0;0;0;0;0;72;0;0;0;0
Biverud Smf;7164119773;Teknik- och servicenämnden;Ort saknas;;0;0;0;0;30;0;0;0;0;0;0;0;0;0;0;65;0;0;0;0
Arrud Smf;7164119930;Teknik- och servicenämnden;Ort saknas;;0;0;0;0;33;0;0;0;0;0;0;0;0;0;0;72;0;0;0;0
Brunstorp-Sigtuna-Dyltabruks SMF;7164119948;Teknik- och servicenämnden;Ort saknas;;0;0;0;0;47;0;0;0;0;0;0;0;0;0;0;104;0;0;0;0
Sinfra Ef;7164193323;Teknik- och servicenämnden;Övriga Sverige;Stockholm;60;35;34;27;61;70;20;6;0;7;0;3;64;1;0;0;0;0;0;0
Loviseholm Ramsta Linneber Vsf;7164528015;Teknik- och servicenämnden;Ort saknas;;0;0;0;0;43;0;0;0;0;0;0;0;0;0;0;95;0;0;0;0
Vad Smf;7164528072;Teknik- och servicenämnden;Ort saknas;;0;0;0;0;22;0;0;0;0;0;0;0;0;0;0;49;0;0;0;0
Ekeby-Rynninge-Börsholm Vsf;7164528163;Teknik- och servicenämnden;Ort saknas;;0;0;0;0;110;0;0;0;0;0;0;0;0;0;0;262;1;0;0;0
Östra Vinön Smf;7164528411;Teknik- och servicenämnden;Ort saknas;;0;0;0;0;26;0;0;0;0;0;0;0;0;0;0;58;0;0;0;0
Åkerby-Ytterby Vsf;7164528775;Teknik- och servicenämnden;Ort saknas;;0;0;0;0;71;0;0;0;0;0;0;0;0;0;0;155;0;0;0;0
Ormesta Fritidsområdes Samfälligh,;7164528791;Markplanerings- och exploateringsnämnden;Ort saknas;;0;0;0;0;0;0;0;51;0;0;0;51;0;0;0;0;0;0;0;0
Prästebol Smf;7164528817;Teknik- och servicenämnden;Ort saknas;;0;0;0;0;20;0;0;0;0;0;0;0;0;0;0;43;0;0;0;0
Vallby-Lagmansgatan Smf;7164529005;Teknik- och servicenämnden;Ort saknas;;0;0;0;0;24;0;0;0;0;0;0;0;0;0;0;53;0;0;0;0
Rangeltorp-Dunderängens Smf;7164529112;Teknik- och servicenämnden;Ort saknas;;0;0;0;0;18;0;0;0;0;0;0;0;0;0;0;42;0;0;0;0
Råsta-Dömmesta;7164529252;Teknik- och servicenämnden;Ort saknas;;0;0;0;0;33;0;0;0;0;0;0;0;0;0;0;72;0;0;0;0
Usta-Helgesta SMF;7164529278;Teknik- och servicenämnden;Ort saknas;;0;0;0;0;21;0;0;0;0;0;0;0;0;0;0;46;0;0;0;0
Ervalla Stora Smf;7164529302;Teknik- och servicenämnden;Ort saknas;;0;0;0;0;199;0;0;0;0;0;0;0;0;0;0;448;0;0;0;0
Östra Ödeby Smf;7164529484;Teknik- och servicenämnden;Ort saknas;;0;0;0;0;25;0;0;0;0;0;0;0;0;0;0;55;0;0;0;0
Martin Mutter Produktion Ek,Fören;7164530359;Kultur- och fritidsnämnden;Örebro kommun;Örebro;0;1500;0;0;0;0;0;0;0;0;375;0;1855;0;0;110;0;0;10;0
Koop, Kultur Och Fritidsförreningen;7164530615;Kultur- och fritidsnämnden;Örebro kommun;Örebro;5;0;0;1505;2;0;53;0;0;1355;0;46;175;303;0;1355;0;0;7;1
BOSTADSRÄTTSFÖRENINGEN ÖREBROHUS 44;7164531084;Markplanerings- och exploateringsnämnden;Övriga Sverige;Sundsvall;0;0;0;0;0;3;0;3;0;0;0;0;3;0;0;0;0;3;7;135
Hedenhös Fsk Föräldr. I Ur Och Skur;7164531175;Förskolenämnden;Örebro kommun;Örebro;259;258;258;373;271;271;236;236;291;259;300;376;267;280;273;263;377;321;270;270
HSB Bostadsrättsförening Vallpojken;7164531332;Kommunstyrelsen;Örebro kommun;Örebro;104;0;0;0;0;0;0;0;0;0;0;0;0;0;0;0;0;0;0;0
Maskinringen Örebro Län Ek För;7164531639;Teknik- och servicenämnden;Örebro kommun;Örebro;1261;2401;13456;1907;904;1550;1133;1046;2613;1166;556;337;4453;674;18323;3978;613;1915;1225;2129
Killevigge Ekon,Förening;7164531811;Förskolenämnden;Örebro kommun;Örebro;329;342;342;490;356;356;315;315;417;341;397;474;357;421;390;379;542;469;327;294
Tysslinge Skola Föräldrakoop.;7164532132;Grundskolenämnden;Örebro kommun;Vintrosa;1367;1404;1392;1510;1404;1404;1386;1386;1504;1527;1446;1763;1466;1528;1533;1513;1649;1910;1434;1474
Bobygdens Framtid ek för;7164586617;Grundskolenämnden;Övriga Sverige;Delsbo;0;0;81;0;18;0;0;0;0;0;0;0;0;0;0;0;0;0;0;0
Garphyttans Vägförening;7179015834;Teknik- och servicenämnden;Ort saknas;;23;169;27;41;164;29;7;7;0;9;22;86;13;181;51;13;128;49;41;10
Valla-Gränsjö-Glanshammars Bys SMF;7179016246;Teknik- och servicenämnden;Ort saknas;;0;0;0;0;30;0;0;0;0;0;0;0;0;0;0;77;0;0;0;0
Götavi-Sjågesta SMF;7179021162;Teknik- och servicenämnden;Ort saknas;;0;0;0;0;54;0;0;0;0;0;0;0;0;0;0;120;0;0;0;0
Attersta Smf;7179033662;Teknik- och servicenämnden;Ort saknas;;0;0;0;0;20;0;0;0;0;0;0;0;0;0;0;44;0;0;0;0
Rinkaby-Esplunda SMF;7179042002;Teknik- och servicenämnden;Ort saknas;;0;0;0;0;46;0;0;0;0;0;0;0;0;0;0;107;0;0;0;0
Gällersta-Ekebyortens Vsf;7179045849;Teknik- och servicenämnden;Ort saknas;;0;0;0;0;60;0;0;0;0;0;0;0;0;7;0;132;0;0;0;0
Åsta-Djupadal Smf;7179047431;Teknik- och servicenämnden;Ort saknas;;0;0;0;0;80;0;0;0;0;0;0;0;0;0;0;175;0;0;0;0
Gunnarsökna-Harparboda Vsf;7179050161;Teknik- och servicenämnden;Ort saknas;;0;0;0;0;19;0;0;0;0;0;0;0;0;0;0;42;0;0;0;0
Bittinge Smf;7179050328;Teknik- och servicenämnden;Ort saknas;;0;0;0;0;45;0;0;0;0;0;0;0;0;0;0;126;0;0;0;0
Skävisund SMF;7179052878;Teknik- och servicenämnden;Ort saknas;;0;0;0;0;48;0;0;0;0;0;12;0;0;0;0;104;0;0;0;0
Ekebacken Vägförening;7179053942;Teknik- och servicenämnden;Ort saknas;;23;0;0;0;15;33;0;0;0;0;24;10;2;1;8;0;17;0;0;0
Dammsätter Åby SMF;7179054890;Teknik- och servicenämnden;Ort saknas;;0;0;0;0;29;0;0;0;0;0;0;0;0;0;0;78;0;0;0;0
Lockenkil-Bäcketorp Smf;7179060350;Teknik- och servicenämnden;Ort saknas;;0;0;0;0;22;0;0;0;0;0;0;0;0;0;0;47;0;0;0;0
Seltorp Smf;7179061960;Teknik- och servicenämnden;Ort saknas;;0;0;0;0;45;0;0;0;0;0;0;0;0;0;0;109;0;0;0;0
Himmer Vsf;7179062745;Teknik- och servicenämnden;Ort saknas;;0;0;0;0;50;0;0;0;0;0;0;0;0;0;0;109;0;0;0;0
Stora Mellösa Vägförening;7179068189;Teknik- och servicenämnden;Ort saknas;;0;0;0;66;0;0;6;0;0;0;0;0;0;0;0;7;0;0;0;66
Närkes Marieberg Vägförening;7179070854;Teknik- och servicenämnden;Ort saknas;;68;291;0;50;21;75;227;13;18;0;83;122;54;461;78;139;130;46;14;32
Kilsmo-Labbetorp VSF;7179071217;Teknik- och servicenämnden;Ort saknas;;0;0;0;0;19;0;0;0;0;0;0;0;0;0;0;42;0;0;0;0
Hidingsta Vägförening;7179071555;Teknik- och servicenämnden;Ort saknas;;4;3;2;3;12;1;1;1;1;2;2;3;3;4;2;3;7;1;1;1
Askers Vägförening;7179075671;Teknik- och servicenämnden;Ort saknas;;4;5;29;6;3;2;27;0;5;1;7;0;4;5;4;4;3;57;0;4
Åsen-Gunnarstorp-Sixtorps VSF;7179076950;Teknik- och servicenämnden;Ort saknas;;0;0;0;0;20;0;0;0;0;0;0;0;0;0;0;44;0;0;0;0
Kilsmo Vf;7179077396;Teknik- och servicenämnden;Ort saknas;;15;6;4;6;95;0;14;0;6;3;7;4;4;7;4;4;76;24;3;13
Norra Bro Vägförening;7179086868;Teknik- och servicenämnden;Ort saknas;;33;257;62;21;57;5;7;0;0;4;0;61;19;359;41;0;51;7;0;0
Hampetorps Vägförening;7179090365;Teknik- och servicenämnden;Ort saknas;;7;8;3;22;62;10;3;3;3;3;3;8;0;12;4;3;3;49;35;4
Latorps Vägförening;7179091413;Teknik- och servicenämnden;Ort saknas;;28;26;17;17;66;3;9;5;0;5;11;19;0;38;15;0;48;161;3;0
Östra Ökna VSF;7179094185;Teknik- och servicenämnden;Ort saknas;;0;0;0;0;28;0;0;0;0;0;0;0;0;0;0;63;0;0;0;0
Samfällighetsföreningen Kolja Vägar;7179095497;Teknik- och servicenämnden;Ort saknas;;0;0;0;0;33;0;0;0;0;3;0;0;0;0;0;73;0;0;0;0
Framnäs Smf (T Län);7179107896;Teknik- och servicenämnden;Ort saknas;;0;0;0;0;14;0;9;0;0;0;0;0;0;0;0;31;0;1;0;0
Södra Slyte Vsf;7179123984;Teknik- och servicenämnden;Ort saknas;;0;0;0;0;32;0;0;0;0;0;0;0;0;0;0;70;0;0;0;0
Prästgårdsmaden;7179125815;Teknik- och servicenämnden;Ort saknas;;0;0;0;0;32;0;0;0;0;0;0;0;0;0;0;71;0;0;0;0
Bönerud-Styrsta SMF;7179126730;Teknik- och servicenämnden;Ort saknas;;0;0;0;0;23;0;0;0;0;0;0;0;0;0;0;51;0;0;0;0
Västra Ökna Vsf;7179127084;Teknik- och servicenämnden;Ort saknas;;0;0;0;0;17;0;0;0;0;0;0;0;0;0;0;37;0;0;0;0
Malgräva Vsf;7179131334;Teknik- och servicenämnden;Ort saknas;;0;0;0;0;19;0;0;0;0;0;0;0;0;0;0;41;0;0;0;0
Nordanås Samfällighetsförening;7179138370;Markplanerings- och exploateringsnämnden;Ort saknas;;0;0;0;0;0;0;0;0;67;0;0;0;0;0;0;0;0;0;0;0
Berga-Tybble-Sånne Vsf;7179147306;Teknik- och servicenämnden;Ort saknas;;0;0;0;0;67;0;0;0;0;0;0;0;0;0;0;157;0;0;0;0
Björkbacken-Skogsberg Vsf;7179149401;Teknik- och servicenämnden;Ort saknas;;0;0;0;0;21;0;0;0;0;0;0;0;0;0;0;46;0;0;0;0
Gölafallet Vsf;7179149419;Teknik- och servicenämnden;Ort saknas;;0;0;0;0;17;0;0;0;0;0;0;0;0;0;0;36;0;0;0;0
Ervalla Kyrkby Vägförening;7179149757;Teknik- och servicenämnden;Ort saknas;;2;2;0;24;0;12;2;1;1;5;2;2;3;0;4;35;1;1;1;1
Åboda-Hult Vsf;7179149765;Teknik- och servicenämnden;Ort saknas;;0;0;0;0;26;0;0;0;0;0;0;0;0;0;0;58;0;0;0;0
Ulvstorp vägsamfällighet;7179149773;Teknik- och servicenämnden;Ort saknas;;0;0;0;0;17;0;0;0;0;0;0;0;0;0;0;37;0;0;0;0
Köpsta Vsf;7179149781;Teknik- och servicenämnden;Ort saknas;;0;0;0;0;19;0;0;0;0;0;0;0;0;0;0;41;0;0;0;0
Mogetorp-Lindesborg VSF;7179149815;Teknik- och servicenämnden;Ort saknas;;0;0;0;0;22;0;0;0;0;0;0;0;0;0;0;48;0;0;0;0
Tjusebotorps Vägsamf.;7179150490;Teknik- och servicenämnden;Ort saknas;;0;0;0;0;18;0;0;0;0;0;0;0;0;0;0;39;0;0;0;0
Tybble-Fiskinge Vsf;7179150755;Teknik- och servicenämnden;Ort saknas;;0;0;0;0;17;0;0;0;0;0;0;0;0;0;0;40;0;0;0;0
Rumboholm Ängsholmens Vsf;7179152983;Teknik- och servicenämnden;Ort saknas;;0;0;0;0;26;0;0;0;0;0;0;0;0;0;0;57;0;0;0;0
Gottsätter Vsf;7179154609;Teknik- och servicenämnden;Ort saknas;;0;0;0;0;33;0;0;0;0;0;0;0;0;0;0;72;0;0;0;0
Ramstena-Bogärdet Vsf;7179158006;Teknik- och servicenämnden;Ort saknas;;0;0;0;0;33;0;0;0;0;0;0;0;0;0;0;73;0;0;0;0
Norra och Södra Runnaby SMF;7179169128;Teknik- och servicenämnden;Ort saknas;;0;0;0;1;15;0;0;0;0;0;0;0;0;0;0;36;0;0;0;0
Askarboda Samf. Förening;7179177634;Teknik- och servicenämnden;Ort saknas;;0;0;0;0;28;0;0;0;0;0;0;0;0;0;0;61;0;0;0;0
Axsjöboda-Dammens Samf.Förening;7179183608;Markplanerings- och exploateringsnämnden;Ort saknas;;0;0;0;0;45;0;0;0;0;0;0;0;0;0;0;8;24;0;0;0
Södra Billinge Vägsamfällighet;7179237842;Teknik- och servicenämnden;Ort saknas;;0;0;0;0;19;0;0;0;0;0;0;0;0;0;0;42;0;0;0;0
Taxi Göteborg Srv5;7572004351;Gymnasie- och arbetsmarknadsnämnden;Övriga Sverige;Västra Frölunda;23;0;45;24;10;28;6;0;16;29;25;39;0;23;54;39;0;61;0;4
Ängen Ek För Föräldrakoop.;7696002752;Förskolenämnden;Örebro kommun;Vintrosa;323;320;320;436;320;320;168;168;199;168;168;182;166;172;165;160;209;188;99;99
Närkefrakt Ekonomisk Förening;7696012207;Teknik- och servicenämnden;Örebro kommun;Örebro;980;1323;1015;1671;1083;994;1602;1100;1173;1360;1404;1908;894;1135;1540;1397;629;1122;1757;691
Fridhems Friskola Ekon,Förening;7696014781;Grundskolenämnden;Örebro kommun;Örebro;816;809;811;956;801;801;710;710;814;832;756;922;733;752;746;763;955;1042;771;771
HSB Bostadsrättsförening Hedenhus i Örebro;7696021984;Markplanerings- och exploateringsnämnden;Örebro kommun;Örebro;0;0;0;8;0;0;0;0;0;0;0;0;0;0;0;0;0;51;0;0
Rosängen Kooperativ Ek;7696024681;Gymnasie- och arbetsmarknadsnämnden;Örebro kommun;Örebro;582;510;1342;532;624;632;110;1060;1231;537;527;562;683;535;1377;598;555;559;378;271
Hsb Mälardalarna;7696027023;Markplanerings- och exploateringsnämnden;Övriga Sverige;Västerås;0;0;3;2;2;1;0;0;6;13;11;22;12;73;14;3;0;16;9;12
Bonus Copyright Access Ek.För;7696037345;Gymnasie- och arbetsmarknadsnämnden;Övriga Sverige;Stockholm;46;258;0;0;0;0;0;0;0;67;0;48;0;318;0;68;0;0;0;0
Fps I Örebro Ek Förening, Steget;7696042873;Funktionsstödsnämnden;Örebro kommun;Örebro;516;731;809;0;1058;516;0;0;0;0;870;0;529;947;0;989;0;529;1022;0
Lantmännen Ek Förening;7696052856;Teknik- och servicenämnden;Övriga Sverige;Stockholm;1;60;74;93;100;1797;20;0;64;29;30;55;62;19;45;128;28;7;41;64
Traktor Entertainment Ek.För;7696067094;Grundskolenämnden;Övriga Sverige;Västerås;0;0;140;0;11;0;0;0;0;0;0;0;0;0;0;27;0;18;0;0
Väven Ekonomisk Förening;7696073456;Socialnämnden;Örebro kommun;Örebro;776;0;422;897;464;536;525;0;632;1153;0;801;392;0;477;774;0;469;1052;0
Bildupphovsrätt I Sverige Ek För;7696103121;Kultur- och fritidsnämnden;Övriga Sverige;Stockholm;0;0;0;0;0;0;0;0;0;0;0;0;26;0;0;0;0;0;53;0
Förskolan Terra Nova Föräldrakooper;7696161541;Förskolenämnden;Örebro kommun;Örebro;276;295;296;427;296;296;198;198;282;216;225;304;187;187;187;202;308;296;148;148
Waldorf Förskola Lindens Barn-;7696163430;Förskolenämnden;Örebro kommun;Örebro;399;414;425;606;413;413;272;272;539;357;371;520;377;389;405;409;641;558;312;312
Snökristallens Barnakademi Ek;7696184766;Förskolenämnden;Örebro kommun;Örebro;436;435;434;626;431;431;436;436;460;440;485;611;450;453;455;443;657;563;402;402
Växa Sverige Ek Förening;7696212344;Markplanerings- och exploateringsnämnden;Övriga Sverige;Uppsala;0;1;5;1;0;0;0;0;0;0;0;0;0;2;0;2;0;14;0;83
BRF Sjömansskolan;7696247076;Kommunstyrelsen;Övriga Sverige;Sjömarken;0;0;0;0;0;0;0;158;0;0;0;0;0;0;0;0;0;158;0;0
HSB Bostadsrättsförening Österport;7696289631;Kommunstyrelsen;Örebro kommun;Örebro;0;0;0;0;0;712;0;0;0;0;0;0;0;0;0;0;0;0;0;0
Bostadsrättsföreningen Ekeby Hills;7696299895;Teknik- och servicenämnden;Övriga Sverige;Rosersberg;0;0;0;0;0;0;0;55;0;0;0;0;0;0;0;0;0;0;0;0
Bostad Först Verdandi Örebro Ef;7696316186;Socialnämnden;Örebro kommun;Örebro;0;0;0;0;0;0;0;0;0;0;0;0;1148;0;0;0;0;0;0;0
HSB Bostadsrättsförening Vingen i Ö;7696325195;Förskolenämnden;Örebro kommun;Örebro;10;0;11;0;0;6;0;0;0;172;0;0;14;10;0;0;0;0;0;0
Hlins Hus Ekonomiska Förening;7696348320;Socialnämnden;Örebro kommun;Örebro;500;576;592;835;457;0;967;0;503;840;304;309;392;247;210;207;53;226;639;289
Förskolan Änglunda Ek Förening;7696382956;Förskolenämnden;Örebro kommun;Vintrosa;84;188;124;163;125;125;79;79;132;92;92;103;93;93;94;94;112;104;82;82
Föreningen Folkets Park;7750000734;Kultur- och fritidsnämnden;Örebro kommun;Örebro;0;0;0;0;0;8;1;0;40;0;0;0;0;0;0;0;0;7;0;0
Tomaten 2/Hsb Mälardalen Hsb Bfr;7750001252;Kommunstyrelsen;Örebro kommun;Örebro;24;24;24;0;0;0;1;0;0;0;0;0;0;0;29;0;0;29;29;29
Bostadsrättsföreningen Sälgen;7750002144;Markplanerings- och exploateringsnämnden;Örebro kommun;Örebro;0;0;0;0;0;0;0;0;0;0;0;0;0;220;0;0;0;0;0;0
Liberalernas Riksorganisation;8020009349;Kommunstyrelsen;Ort saknas;;3;0;0;0;0;0;20;0;0;20;0;0;0;5;0;0;0;0;9;0
Svenska Kommunalarbetarförbundet;8020017888;Vård- och omsorgsnämnden;Ort saknas;;0;0;50;0;0;0;0;0;0;0;0;0;0;0;0;0;0;0;0;0
Föreningen Sveriges Stadsbyggare;8020018001;Markplanerings- och exploateringsnämnden;Ort saknas;;0;0;0;55;17;0;0;0;0;71;22;0;0;0;13;79;8;0;0;0
Nibblestiftelsen;8020024405;Gymnasie- och arbetsmarknadsnämnden;Ort saknas;;29;29;30;29;29;29;0;0;0;0;0;1;0;0;0;0;0;0;0;0
Svenska Simförbundet;8020029719;Kultur- och fritidsnämnden;Ort saknas;;17;0;0;3;1;11;0;0;1;7;0;0;10;0;0;8;0;8;0;0
Studiefrämjandet Mitt;8020032895;Kultur- och fritidsnämnden;Ort saknas;;0;0;20;0;0;591;0;0;0;25;0;0;0;0;0;0;0;449;0;0
Vänsterpartiet;8020059716;Kommunstyrelsen;Ort saknas;;0;0;0;0;0;0;0;4;0;63;4;10;0;0;0;0;0;0;6;0
NYKTERHETSRÖRELSENS BILDNINGSVERKSAMHET;8020061050;Kultur- och fritidsnämnden;Ort saknas;;0;0;0;0;0;0;0;0;0;0;0;0;0;0;0;0;0;1101;0;0
Frälsningsarmen Myrorna;8020061688;Gymnasie- och arbetsmarknadsnämnden;Övriga Sverige;Stockholm;2;29;1;2;0;8;0;0;0;24;1;1;0;30;0;8;6;1;0;0
Sensus Riksförbund;8020064203;Kultur- och fritidsnämnden;Ort saknas;;0;0;0;0;0;0;0;0;0;0;0;0;0;0;0;0;0;677;0;0
Stiftelsen Radiohjälpen;8020079755;Kultur- och fritidsnämnden;Ort saknas;;0;0;0;0;0;0;0;0;0;0;0;73;0;0;0;0;0;0;0;0
Elevorganisationen I Sverige;8020101062;Gymnasie- och arbetsmarknadsnämnden;Ort saknas;;0;0;0;0;0;0;0;0;0;0;0;0;0;0;0;0;0;120;0;0
Stiftelsen Håll Sverige Rent;8020109180;Kommunstyrelsen;Ort saknas;;30;0;0;0;0;0;0;0;3;0;0;28;30;0;0;0;70;0;0;0
Stiftelsen Kfum Söder Fryshuset;8020111582;Socialnämnden;Ort saknas;;99;0;144;50;48;50;48;0;189;112;0;0;0;0;0;0;0;0;0;0
SVENSKA KOMMITTÉN MOT ANTISEMITISM;8020112275;Grundskolenämnden;Ort saknas;;0;0;0;0;0;0;0;0;0;0;0;44;9;0;0;0;2;4;0;0
Stiftelsen Stockholms läns Äldrecentrum;8020120948;Vård- och omsorgsnämnden;Ort saknas;;0;0;0;0;0;0;0;0;0;0;0;170;0;0;0;0;0;0;0;0
Omställningsfonden;8020120963;Finansiering (centralt);Ort saknas;;0;0;0;0;0;0;0;0;0;0;5125;0;0;0;0;0;8075;0;0;0
Bris - Barnens Rätt I Samhället;8020133420;Kultur- och fritidsnämnden;Ort saknas;;46;0;0;0;0;0;0;0;0;0;1;0;47;0;0;0;0;0;0;0
Stiftelsens Dansens Hus;8020147792;Kultur- och fritidsnämnden;Ort saknas;;0;0;46;0;0;0;0;0;0;18;0;48;0;0;20;35;0;45;0;0
Föreningen Alla Kvinnors Hus;8020165463;Socialnämnden;Ort saknas;;0;0;76;78;0;75;15;0;0;0;0;0;0;0;0;0;0;0;0;0
Mälardalsrådet;8020170604;Kommunstyrelsen;Ort saknas;;0;0;0;361;0;0;0;0;0;0;0;0;0;0;0;362;0;0;0;17
Stadsmissionens Skolstiftelse;8020170794;Gymnasie- och arbetsmarknadsnämnden;Ort saknas;;2181;2197;2191;2202;2200;2146;1973;1973;3415;2403;2416;2849;2443;2440;2438;2446;2436;4566;2086;0
Smok;8024022561;Kultur- och fritidsnämnden;Ort saknas;;22;0;0;0;0;0;0;0;0;0;0;0;24;0;0;0;0;36;0;0
Föreningen För Fairtrade;8024025143;Kommunstyrelsen;Ort saknas;;0;0;0;0;25;0;0;0;0;0;0;0;0;0;0;0;25;0;0;0
Föreningen Framtidståget;8024029715;Socialnämnden;Övriga Sverige;Hägersten;0;170;304;160;330;160;154;0;160;0;0;52;33;33;0;0;0;0;0;0
Svenska Institutet För Standarder;8024100151;Kommunstyrelsen;Övriga Sverige;Stockholm;1;10;2;0;0;0;1;8;0;2;15;42;35;15;0;2;0;3;0;2
Flatland Western Riders;8024138508;Kultur- och fritidsnämnden;Ort saknas;;0;7;0;0;7;7;0;0;0;7;0;42;0;7;0;13;2;0;7;0
Örebro Katthem;8024145081;Kultur- och fritidsnämnden;Ort saknas;;0;0;0;0;40;0;0;0;0;0;0;0;0;0;0;40;0;0;0;0
Ösk Söder Innebandy;8024173091;Kultur- och fritidsnämnden;Ort saknas;;0;67;0;0;46;60;0;0;0;50;0;5;0;42;12;42;4;0;42;0
Hiirans Biståndsförening;8024173513;Kultur- och fritidsnämnden;Ort saknas;;0;0;0;0;91;0;0;0;0;0;0;0;0;0;0;0;0;0;0;0
Föreningen Örebro Skateboard;8024189121;Kultur- och fritidsnämnden;Ort saknas;;12;0;0;29;14;369;251;0;0;48;4;21;314;325;11;5;12;50;792;22
Skebäcks Varvsförening;8024219803;Kultur- och fritidsnämnden;Ort saknas;;0;35;0;35;0;0;0;0;0;0;0;0;0;70;0;0;0;0;0;0
Simon Sportklubb;8024223862;Kultur- och fritidsnämnden;Ort saknas;;0;0;0;0;12;39;0;0;0;0;0;0;7;0;0;0;0;50;0;0
Stiftelsen För Arbetsutveckling;8024248778;Gymnasie- och arbetsmarknadsnämnden;Ort saknas;;32;0;66;32;31;37;34;35;24;21;29;0;0;44;38;36;40;44;49;42
Mörby - Valsta Invallningsföretag;8024268941;Markplanerings- och exploateringsnämnden;Ort saknas;;0;0;0;0;36;35;0;0;0;0;0;0;0;0;0;0;0;0;0;0
Föreningen Sambruk;8024282785;Kommunstyrelsen;Övriga Sverige;Kungsör;0;49;0;0;0;30;0;0;0;2;2;0;20;-56;104;0;0;0;0;0
Svensk Miljöbas;8024286984;Bygg- och miljönämnden;Ort saknas;;2;19;1;0;0;1;0;0;4;0;1;2;1;2;17;0;0;0;0;0
Brottsofferjouren I Örebro Län;8024304498;Kultur- och fritidsnämnden;Ort saknas;;278;0;32;0;0;278;0;0;0;0;0;0;285;0;0;0;0;285;0;0
Örebro Tjjour;8024316203;Kultur- och fritidsnämnden;Ort saknas;;87;0;0;0;0;0;0;0;0;0;0;0;89;0;0;0;0;0;0;0
Örebro Rättighetscenter;8024323779;Kultur- och fritidsnämnden;Ort saknas;;258;0;0;6;0;258;0;0;0;2;2;91;264;0;0;0;0;264;0;0
Föreningen Scenit;8024323928;Kultur- och fritidsnämnden;Ort saknas;;0;0;0;25;6;0;0;0;0;0;0;0;80;2430;6;96;11;0;0;0
Konstfrämjandet Bergslagen;8024341425;Kultur- och fritidsnämnden;Ort saknas;;0;0;71;273;32;8;25;0;0;0;6;20;0;0;0;0;6;0;25;0
Attention Örebro Lokalförening;8024353164;Kultur- och fritidsnämnden;Ort saknas;;35;0;0;0;0;0;0;0;0;0;0;18;36;0;0;0;0;0;0;0
Träffpunkt Oxhagen;8024357215;Kultur- och fritidsnämnden;Ort saknas;;107;0;20;21;46;40;20;18;24;19;18;19;116;0;20;36;47;18;24;0
Bufff Örebro;8024381413;Kultur- och fritidsnämnden;Ort saknas;;100;0;0;0;0;100;0;0;0;8;0;60;102;0;0;0;0;102;0;0
Riksföreningen Teknikcollege;8024396262;Gymnasie- och arbetsmarknadsnämnden;Ort saknas;;99;0;0;0;0;0;0;0;0;0;0;0;126;0;0;0;0;0;0;0
Örebro Multibasket Klubb;8024411012;Kultur- och fritidsnämnden;Ort saknas;;0;0;0;0;25;0;0;7;0;0;28;0;0;0;0;0;26;0;0;0
Leader Mellansjölandet;8024412754;Kommunstyrelsen;Ort saknas;;0;371;0;0;0;0;0;0;0;0;0;0;0;0;371;0;0;0;0;0
Klimatkommunerna;8024455720;Kommunstyrelsen;Ort saknas;;0;0;0;0;49;0;0;0;0;0;0;0;0;0;0;0;0;54;0;0
Tysslinge Företagare;8024476460;Kultur- och fritidsnämnden;Ort saknas;;0;0;0;0;0;0;0;0;0;0;50;0;0;0;0;0;0;0;0;0
Erikshjälpen Second Hand I Örebro;8024491659;Gymnasie- och arbetsmarknadsnämnden;Ort saknas;;0;0;2;14;0;0;2;3;1;1;26;10;0;10;4;0;0;8;4;1
Keks;8024493929;Kultur- och fritidsnämnden;Ort saknas;;3;0;0;0;0;0;117;0;0;0;0;2;0;0;0;0;0;0;10;0
Tegelbruket;8024549340;Markplanerings- och exploateringsnämnden;Ort saknas;;2128;124;931;189;680;206;299;92;242;1016;26;805;2737;4;599;320;18;570;371;1
Kulturföreningen Stationen;8024561089;Kultur- och fritidsnämnden;Ort saknas;;0;0;0;78;0;0;0;0;0;40;0;0;0;0;0;187;0;7;0;0
Spelberoendegruppen Örebro;8024598172;Kultur- och fritidsnämnden;Ort saknas;;0;0;0;0;0;50;0;0;0;0;0;0;0;0;0;0;0;60;0;0
Ateljé Vintergatan;8024634365;Kultur- och fritidsnämnden;Ort saknas;;0;0;0;22;0;0;0;0;0;0;0;0;0;0;0;37;0;0;0;0
Örebro Sk Handboll Herr;8024652508;Kommunstyrelsen;Ort saknas;;8;0;8;0;90;0;0;0;0;7;0;0;0;8;63;0;8;0;0;0
Örebro Läns Mansmottagning;8024659743;Kultur- och fritidsnämnden;Ort saknas;;95;0;0;0;0;0;0;0;0;0;0;0;98;0;0;0;0;0;0;0
Akademi Nord;8024672068;Kultur- och fritidsnämnden;Ort saknas;;0;0;0;0;11;62;0;0;0;0;0;0;0;0;0;0;10;54;0;0
Tekniska Förv.Personalförening;8024690292;Teknik- och servicenämnden;Ort saknas;;0;4;0;0;0;0;0;0;13;4;4;4;4;9;4;4;4;4;4;4
Tysslinge Kulturförening;8024690904;Kultur- och fritidsnämnden;Ort saknas;;0;0;0;0;15;0;0;0;0;0;0;0;0;0;0;0;0;37;838;0
The Movement;8024704978;Kultur- och fritidsnämnden;Ort saknas;;11;0;0;151;0;0;0;15;0;0;0;0;12;0;0;0;0;50;0;0
Eksam Ideell Förening För Ekonomisk;8024708292;Socialnämnden;Ort saknas;;0;0;0;0;0;0;0;959;0;0;0;0;0;0;0;0;0;0;0;0
Teckenpedagogerna;8024708565;Kultur- och fritidsnämnden;Ort saknas;;0;0;0;0;40;50;75;0;0;0;19;0;0;0;0;40;0;0;0;0
Qvinnoqulan Örebro;8024715503;Kultur- och fritidsnämnden;Ort saknas;;111;0;0;0;0;111;0;0;0;0;0;0;114;0;0;0;0;114;0;0
Teatervalvet;8024716634;Kultur- och fritidsnämnden;Ort saknas;;0;0;0;238;0;0;0;0;0;0;0;0;0;0;0;250;0;5;0;0
Karbala Center;8024759303;Kultur- och fritidsnämnden;Ort saknas;;0;0;0;0;62;0;0;0;0;0;0;0;0;0;0;66;0;0;0;0
Stiftelsen Svenskt Demenscentrum;8024777065;Vård- och omsorgsnämnden;Ort saknas;;40;0;84;2;3;0;0;0;3;0;0;0;4;0;3;0;0;0;0;0
Stiftelsen Funktionell Familjeterapi;8024781117;Socialnämnden;Ort saknas;;0;0;0;0;0;0;0;0;0;0;684;0;0;0;0;57;0;0;0;0
Örebro Syrianska Unga;8024890207;Kultur- och fritidsnämnden;Ort saknas;;0;20;0;0;53;35;0;0;0;20;0;0;0;20;0;20;41;38;20;0
Lf 6597 Kamratstöd Sober Iogt-Nto;8024901798;Kultur- och fritidsnämnden;Ort saknas;;73;0;0;0;0;0;0;0;0;0;0;0;75;0;0;0;0;0;0;0
Föreningen Folkets Hus Vivalla;8024918792;Kultur- och fritidsnämnden;Ort saknas;;12;0;0;0;48;20;268;0;0;20;24;65;1;0;14;0;510;40;0;0
Konstföreningen Konstbunkern;8024936844;Kultur- och fritidsnämnden;Ort saknas;;0;0;0;0;0;74;0;0;0;0;0;0;0;0;0;0;0;75;0;0
Svenska Cykelstäder;8024960570;Markplanerings- och exploateringsnämnden;Ort saknas;;0;25;0;0;0;0;0;0;0;0;0;0;0;28;0;0;0;0;0;0
Afghanska Föreningen;8024962071;Kultur- och fritidsnämnden;Ort saknas;;0;0;0;0;54;10;0;0;0;10;0;4;0;0;0;46;42;0;0;0
Föreningen (H)järnkoll/Nsph Örebro Län;8024962543;Vård- och omsorgsnämnden;Ort saknas;;135;0;0;0;0;0;0;0;7;0;0;0;36;0;0;0;0;7;0;0
Bk Ett Fyra;8024963392;Kultur- och fritidsnämnden;Ort saknas;;0;0;0;0;41;33;0;0;0;0;0;0;0;0;11;0;13;15;0;0
Kolja Hamn;8024974845;Kultur- och fritidsnämnden;Ort saknas;;0;0;0;0;0;90;0;0;0;0;0;0;0;0;0;0;0;0;0;0
Örebro Stadsmission;8024989769;Kultur- och fritidsnämnden;Ort saknas;;644;0;0;0;0;566;0;0;0;0;0;0;581;0;0;0;0;581;30;0
Tegelhuset I Östernärke;8025064349;Kultur- och fritidsnämnden;Ort saknas;;0;0;0;0;0;0;0;0;0;0;75;0;0;0;0;0;0;0;0;0
Örebro Musikförening;8025084412;Kultur- och fritidsnämnden;Ort saknas;;0;0;0;52;0;0;0;0;0;0;0;0;0;0;0;30;0;0;0;0
Kfum Örebro Dans/Massive;8025084487;Kultur- och fritidsnämnden;Ort saknas;;24;3;22;2;125;84;10;0;36;30;0;8;14;67;12;65;7;23;0;0
Kartgruppen Ol-Föreningarna  Örebro;8025133631;Markplanerings- och exploateringsnämnden;Ort saknas;;0;0;0;0;0;0;71;0;0;0;0;0;0;0;0;0;72;0;0;0
Gemensam Förening;8025157382;Kultur- och fritidsnämnden;Ort saknas;;8;0;15;0;125;0;0;0;0;20;29;0;22;0;10;0;8;0;0;0
Brevens Bruks Vägförening;8025171011;Teknik- och servicenämnden;Ort saknas;;0;0;0;29;0;56;0;0;0;0;0;14;1;28;0;5;44;0;0;0
Gymnastikföreningen Örebro;8025176317;Kultur- och fritidsnämnden;Ort saknas;;0;0;0;0;111;82;0;0;0;0;0;135;0;0;0;0;145;329;0;0
Spelrum Örebro;8025190573;Kultur- och fritidsnämnden;Örebro kommun;Örebro;0;0;0;69;0;0;0;0;0;0;0;0;0;0;0;59;0;0;6;0
Ludosport Örebro;8025210538;Kultur- och fritidsnämnden;Ort saknas;;0;0;0;0;25;0;0;0;0;0;28;2;0;0;2;0;3;12;0;0
Blended Voices;8025239149;Kultur- och fritidsnämnden;Ort saknas;;0;0;0;27;0;0;0;0;0;35;0;0;0;0;0;30;0;0;0;0
Emmanuel International;8025249056;Kultur- och fritidsnämnden;Ort saknas;;0;0;10;0;18;0;0;0;0;0;0;0;0;0;0;28;3;0;0;0
Strokeföreningen Örebro;8025272926;Kultur- och fritidsnämnden;Ort saknas;;46;0;0;0;0;15;0;0;0;0;0;0;47;9;0;0;0;0;0;0
Almega Serviceföretagen;8025274138;Gymnasie- och arbetsmarknadsnämnden;Ort saknas;;29;0;0;0;0;0;0;2;0;0;13;0;0;0;22;0;0;0;0;0
Nationell Kvinnojour Och Stöd På;8025290662;Kultur- och fritidsnämnden;Ort saknas;;0;0;0;0;0;0;0;0;0;0;0;150;0;0;0;0;0;0;0;0
Delfinens Simsällskap Örebro;8025316541;Kultur- och fritidsnämnden;Ort saknas;;0;0;0;0;5;31;0;0;0;0;0;20;0;0;0;0;6;28;0;0
Örebro Snookerklubb;8025316681;Kultur- och fritidsnämnden;Ort saknas;;0;0;0;0;0;0;0;0;0;0;0;0;0;0;0;0;50;0;0;0
Du Kan Göra Skillnad;8025326102;Gymnasie- och arbetsmarknadsnämnden;Ort saknas;;0;0;0;0;0;0;0;0;0;0;0;0;99;0;0;0;0;0;0;0
Ifous;8025351795;Grundskolenämnden;Ort saknas;;1057;0;0;16;187;0;0;272;70;0;0;411;2;918;0;0;0;290;126;71
Musikskolan Crescendo;8025382451;Kultur- och fritidsnämnden;Ort saknas;;8;0;0;371;0;20;7;0;0;0;0;0;0;27;9;335;0;0;0;0
Kultur- Och Ateljéföreningen F2;8025384531;Kultur- och fritidsnämnden;Ort saknas;;0;0;0;0;10;40;4;0;0;2;0;57;0;0;0;0;0;40;0;0
Falcons Sports Club;8025395354;Kultur- och fritidsnämnden;Ort saknas;;0;0;0;0;41;20;0;0;0;0;12;0;0;0;0;0;38;45;0;0
K&K Records;8025417935;Kultur- och fritidsnämnden;Ort saknas;;0;0;0;75;0;8;0;0;0;0;0;0;0;0;0;93;0;0;0;0
Föreningen Rörelse Och Motorik;8025448948;Kultur- och fritidsnämnden;Ort saknas;;6;0;7;0;22;0;0;0;0;0;8;3;0;0;16;0;13;16;0;0
Young Voices;8025450381;Kultur- och fritidsnämnden;Ort saknas;;0;0;0;59;0;0;0;0;0;0;20;0;0;8;0;107;0;0;0;0
Föreningen Hjälmarsamarbetet;8025466965;Markplanerings- och exploateringsnämnden;Ort saknas;;250;0;-80;0;0;313;0;0;0;0;320;0;237;320;0;0;0;0;0;0
Föreningen Aa,s Vänner Örebro;8025475347;Kultur- och fritidsnämnden;Ort saknas;;140;0;0;0;0;0;0;0;0;0;0;0;72;0;0;0;0;72;0;0
Kommunalekonomernas Förening;8136002287;Kommunstyrelsen;Ort saknas;;0;13;10;48;0;1;0;0;5;0;0;16;0;21;1;27;0;9;0;0
Sigtuna Skolstiftelse;8148002879;Gymnasie- och arbetsmarknadsnämnden;Ort saknas;;7;7;9;7;7;7;10;10;4;7;9;9;8;8;8;8;8;17;10;0
Stiftelsen Otto & Signe Broms Hemskola;8156000690;Gymnasie- och arbetsmarknadsnämnden;Ort saknas;;0;0;0;0;0;0;0;0;0;52;26;26;26;26;26;26;26;60;34;0
Föreningen Mikaelgården;8156002795;Grundskolenämnden;Ort saknas;;0;106;27;27;27;27;28;27;27;54;0;54;27;0;27;54;0;54;27;0
Folkuniversitetet;8176007055;Kultur- och fritidsnämnden;Ort saknas;;0;0;0;0;5;114;0;0;0;0;0;0;0;0;0;0;0;103;0;0
Sensus Svealand;8176007360;Kultur- och fritidsnämnden;Ort saknas;;0;0;0;8;0;655;0;2;4;8;0;0;0;4;6;0;0;26;0;0
Kvinnojouren Moa;8180008008;Socialnämnden;Ort saknas;;0;0;0;0;0;0;0;0;0;0;0;0;0;0;0;64;69;25;124;46
Hjälmarens Vattenförbund;8180012232;Teknik- och servicenämnden;Ort saknas;;0;0;0;0;1027;0;0;0;0;0;0;0;0;0;0;0;1283;0;0;1331
Östergötlands Stadsmission;8220010022;Socialnämnden;Ort saknas;;0;506;540;169;159;140;136;0;40;90;93;167;0;74;31;196;0;41;0;0
Svenska Frisörlärarförbundet;8250013003;Gymnasie- och arbetsmarknadsnämnden;Ort saknas;;0;0;0;18;0;0;0;0;0;0;0;0;0;38;0;0;0;0;0;0
SIMA Folkhögskola;8250033605;Gymnasie- och arbetsmarknadsnämnden;Ort saknas;;0;0;0;0;0;45;12;0;24;43;35;0;67;29;29;43;31;35;20;0
Föreningen Sveriges Skolchefer;8260022655;Grundskolenämnden;Ort saknas;;0;0;0;0;22;0;0;0;0;0;0;0;0;30;1;30;0;0;0;0
Lilith Performance Studio;8460066841;Kultur- och fritidsnämnden;Ort saknas;;0;0;0;0;0;0;0;0;0;69;0;0;0;0;0;0;0;0;0;0
LJUNGSKILE FOLKHÖGSKOLA STIFTELSEN;8585002986;Gymnasie- och arbetsmarknadsnämnden;Ort saknas;;0;0;0;0;0;0;0;0;0;23;0;0;0;23;6;0;0;0;0;0
Figur teater kompaniet;8724004935;Grundskolenämnden;Ort saknas;;0;0;0;0;22;38;0;0;0;0;0;0;0;0;0;0;38;0;0;0
Stiftelsen Lundsbergs Skola;8740019362;Gymnasie- och arbetsmarknadsnämnden;Ort saknas;;37;37;43;37;37;37;39;39;39;38;44;46;39;39;39;39;39;69;31;0
Estetiska Skolan Arvika;8740020212;Gymnasie- och arbetsmarknadsnämnden;Övriga Sverige;Klässbol;0;0;0;0;0;0;0;0;0;27;15;15;14;14;14;14;14;32;18;0
Adolfsbergs Baptist Församling;8750000070;Kommunstyrelsen;Ort saknas;;51;75;102;95;113;0;51;0;101;0;0;23;0;85;0;40;75;50;50;50
Adolfs Lindgrens stiftelse;8750000096;Teknik- och servicenämnden;Ort saknas;;0;0;31;0;144;129;0;0;0;0;0;0;0;31;0;31;0;31;62;31
Arbetarnas Bildningsförbund;8750000187;Kultur- och fritidsnämnden;Ort saknas;;58;0;0;0;3;518;110;0;1;1;0;4;60;0;0;0;0;525;3;0
Baptistförsamlingen Filadelfia;8750000310;Kultur- och fritidsnämnden;Ort saknas;;13;0;0;0;62;15;20;0;0;0;0;0;14;0;0;66;0;17;9;0
IF Eker;8750000641;Kultur- och fritidsnämnden;Ort saknas;;0;85;0;0;110;85;5;0;0;85;0;0;0;85;0;85;0;91;0;85
Rise & Shine;8750000674;Kultur- och fritidsnämnden;Ort saknas;;0;0;0;0;40;0;0;0;0;0;0;0;0;0;0;48;0;0;0;0
Ervalla Sk;8750000708;Kultur- och fritidsnämnden;Ort saknas;;0;0;0;20;5;64;10;0;0;0;5;10;0;0;0;0;8;189;0;0
Gällersta Forngårdsförening;8750000989;Kultur- och fritidsnämnden;Ort saknas;;0;0;0;4;0;0;0;0;0;0;0;56;0;5;0;40;0;0;0;0
Hagaby Gymnastik- & Idrottsfören,;8750001052;Kultur- och fritidsnämnden;Ort saknas;;0;0;0;0;3;24;0;0;0;0;0;0;0;15;0;0;3;43;0;0
If Start;8750001268;Gymnasie- och arbetsmarknadsnämnden;Ort saknas;;0;0;0;0;27;14;0;0;0;0;15;0;0;0;0;0;3;42;0;0
Kfum Örebro;8750001458;Kultur- och fritidsnämnden;Ort saknas;;-156;3;0;0;0;12;23;7;37;216;13;11;65;0;0;0;0;13;45;2
Rf-Sisu Örebro Län;8750002126;Kultur- och fritidsnämnden;Ort saknas;;171;1495;0;0;1000;0;0;0;0;0;115;0;300;0;0;1600;0;8;0;0
Örebro Läns Fotbollsförbund;8750002134;Kultur- och fritidsnämnden;Ort saknas;;0;0;0;0;0;0;88;0;0;0;0;15;0;1;0;5;15;1;0;0
Lokalavdelningen I Örebro;8750002464;Kultur- och fritidsnämnden;Ort saknas;;0;0;0;0;53;0;0;0;0;0;0;0;0;0;0;26;0;0;0;0
Svenska Motorklubben;8750003009;Kultur- och fritidsnämnden;Ort saknas;;0;0;0;0;3;42;0;10;0;36;0;0;0;7;0;7;3;28;7;0
Vintrosa Musikskola;8750003405;Kultur- och fritidsnämnden;Ort saknas;;0;0;7;192;0;0;0;0;0;0;0;0;0;0;0;195;0;0;0;0
Betlehemskyrkan Smu;8750003736;Kultur- och fritidsnämnden;Ort saknas;;0;0;0;0;5;0;0;0;0;0;0;0;0;0;0;48;0;0;0;0
Örebro Pssk;8750003959;Kultur- och fritidsnämnden;Ort saknas;;0;0;0;0;0;5;0;0;0;0;0;59;0;0;0;0;0;12;0;0
Örebro Fältrittklubb;8750004122;Kultur- och fritidsnämnden;Ort saknas;;19;196;104;0;257;453;0;0;19;196;271;60;80;206;24;197;8;53;204;0
Immanuels Kyrkan;8750004502;Vård- och omsorgsnämnden;Ort saknas;;154;0;0;88;67;0;193;1;103;33;78;100;126;0;164;156;6;218;24;27
Örebro Kanotförening;8750004635;Kultur- och fritidsnämnden;Ort saknas;;0;0;0;0;26;39;0;0;0;0;10;132;3;0;0;0;11;0;0;0
Örebro Läns Civilförsvarsförbund;8750005715;Kommunstyrelsen;Ort saknas;;0;0;0;0;28;0;0;0;28;0;0;0;0;0;0;28;0;0;0;0
Studieförbundet Vuxenskolan;8750005749;Kultur- och fritidsnämnden;Ort saknas;;68;0;0;32;21;623;27;0;80;0;0;24;118;0;0;0;72;898;23;0
Örebro Tennisklubb;8750005756;Kultur- och fritidsnämnden;Ort saknas;;20;0;0;0;44;397;20;0;0;5;0;0;21;0;0;0;43;380;18;0
S:T Lukasstiftelsen I Örebro;8750006101;Kommunstyrelsen;Örebro kommun;Örebro;204;164;508;296;327;386;140;52;0;126;539;300;213;159;234;438;282;278;167;4
Medborgarskolan I Örebro;8750006150;Kultur- och fritidsnämnden;Ort saknas;;22;0;0;20;61;984;22;0;0;0;0;3;32;2;0;34;38;1061;20;0
Kristdemokraterna i Örebro län;8750006457;Kommunstyrelsen;Ort saknas;;6;0;0;0;0;0;1;0;0;39;0;2;0;0;0;0;0;22;0;0
Mosås Vägförening;8750006465;Teknik- och servicenämnden;Ort saknas;;52;113;0;0;135;10;18;0;34;0;11;0;32;0;223;0;85;0;0;22
Kampsportföreningen Mifune;8750006754;Kultur- och fritidsnämnden;Ort saknas;;0;0;17;0;7;77;0;0;0;0;0;0;0;0;0;0;6;95;0;0
Arkivcentrum Örebro Län;8750007158;Kultur- och fritidsnämnden;Ort saknas;;0;0;0;0;0;235;0;0;0;0;0;50;0;0;0;0;0;235;75;0
Nbv Mitt;8750007190;Kultur- och fritidsnämnden;Ort saknas;;1;0;0;0;0;1221;21;0;0;0;0;0;0;10;0;0;0;0;0;0
Örebro Studentkår;8750007257;Kommunstyrelsen;Ort saknas;;0;0;5;0;0;655;34;0;0;70;0;0;0;655;5;0;0;0;0;0
Almby Ik;8750007265;Kultur- och fritidsnämnden;Ort saknas;;0;0;0;0;8;46;2;0;0;32;0;16;0;0;0;0;8;49;0;0
Glanshammars If;8750007299;Kultur- och fritidsnämnden;Ort saknas;;0;0;0;0;15;163;0;3;0;0;0;0;0;0;0;0;17;604;0;0
Axbergs If;8750007331;Kultur- och fritidsnämnden;Ort saknas;;4;10;0;0;13;46;10;0;0;14;10;0;4;6;17;12;11;235;5;0
Verdandis Örebrokrets;8750007505;Kultur- och fritidsnämnden;Ort saknas;;1153;0;0;300;20;1153;0;0;0;29;0;26;1184;0;17;0;0;1484;0;0
Örebro Finska Förening;8750007695;Kommunstyrelsen;Ort saknas;;0;0;0;0;20;49;4;0;0;0;0;50;0;4;0;0;0;0;65;0
Bk Forward;8750007851;Kultur- och fritidsnämnden;Ort saknas;;0;0;0;0;39;0;0;0;0;0;0;0;0;0;10;0;42;2;0;0
Kilsmo IK;8750007935;Kultur- och fritidsnämnden;Ort saknas;;0;0;0;9;22;10;40;0;0;20;10;0;0;0;0;0;0;0;0;0
Kfum Örebro Friidrott;8750008230;Kultur- och fritidsnämnden;Ort saknas;;33;115;0;0;169;115;41;0;0;115;0;8;58;0;0;20;66;0;49;0
Astma- Och Allergiföreningen I;8750008305;Kultur- och fritidsnämnden;Ort saknas;;50;0;0;0;0;0;0;0;0;0;0;0;51;0;0;0;0;0;0;0
Karlslunds If Hfk;8750008438;Grundskolenämnden;Ort saknas;;1895;1871;1923;1890;1933;1870;2162;1861;2341;1914;1955;2309;1943;2022;2043;1986;2085;2960;1923;1923
Örebro Fub;8750008594;Kultur- och fritidsnämnden;Ort saknas;;52;0;0;0;0;0;0;0;0;0;0;0;54;0;0;0;1;0;0;0
Shg Seniorboende;8750008636;Kommunstyrelsen;Ort saknas;;0;70;0;0;0;855;0;78;0;0;0;0;0;0;91;0;0;0;0;0
Örebro Hockey Ungdom;8750008842;Grundskolenämnden;Ort saknas;;131;-28;26;0;121;0;0;0;0;94;0;0;0;94;0;37;48;0;0;0
Kfum Örebro Basket;8750008958;Kultur- och fritidsnämnden;Ort saknas;;0;0;0;0;62;24;0;0;0;0;0;46;0;0;0;0;69;23;0;0
Lillkyrka If C/O Elisa.Andersson;8750008974;Kultur- och fritidsnämnden;Ort saknas;;0;0;0;0;8;157;0;0;0;0;0;0;0;0;0;0;8;68;0;0
Sandvads Sportstugeförening;8750009030;Kultur- och fritidsnämnden;Ort saknas;;0;0;0;0;20;0;15;0;0;0;0;0;0;0;0;20;0;0;0;0
Hampetorp Föreningsgård;8750009121;Kultur- och fritidsnämnden;Ort saknas;;0;0;0;0;28;0;0;0;4;0;0;0;0;0;0;35;0;0;0;0
Örebro Paraidrottsförening;8750009501;Kultur- och fritidsnämnden;Ort saknas;;0;0;10;0;0;41;0;0;0;0;0;0;0;0;4;0;4;40;0;0
Örebro Kraftsportklubb;8750009584;Gymnasie- och arbetsmarknadsnämnden;Ort saknas;;11;0;0;1;62;0;0;0;0;55;0;0;0;0;0;0;0;66;0;0
Örebro Föreningsråd;8750009618;Kultur- och fritidsnämnden;Ort saknas;;1;0;33;2860;8;26;8;0;0;27;5;56;0;26;4;3066;5;1;2;0
Örebro Teaterförening;8750010145;Kultur- och fritidsnämnden;Ort saknas;;2;6;15;285;0;0;0;0;0;0;17;2;0;0;0;256;0;2;20;0
Stiftelsen Örebro Läns Museum;8750010277;Kultur- och fritidsnämnden;Ort saknas;;2;83;0;52;0;1;0;0;2;1;0;11;0;0;0;10;0;0;0;0
Ik Sturehov;8750010384;Kultur- och fritidsnämnden;Ort saknas;;0;42;0;0;92;42;0;0;0;42;25;90;0;29;0;29;59;0;29;0
Fasttorp-Lågetorp SMF;8750010418;Teknik- och servicenämnden;Ort saknas;;0;0;0;0;34;0;0;0;0;0;0;0;0;0;0;74;0;0;0;0
Örebro Nsf Scoutkår;8750010483;Kultur- och fritidsnämnden;Ort saknas;;0;0;0;0;28;0;0;0;0;0;0;0;0;0;0;28;0;0;0;0
Dövas Förening I Örebro Län;8750010558;Kultur- och fritidsnämnden;Ort saknas;;60;0;0;0;0;60;0;0;0;0;7;0;61;0;0;0;0;61;0;0
Mariebergs Ik;8750010715;Kultur- och fritidsnämnden;Ort saknas;;0;0;0;0;25;0;0;0;0;0;0;0;0;0;0;0;23;2;0;0
Östra Almby Fritidsklubb;8750010970;Kultur- och fritidsnämnden;Ort saknas;;0;14;0;0;31;35;15;0;0;14;0;30;0;14;0;14;18;26;14;0
Adolfsbergs Ik;8750010996;Kultur- och fritidsnämnden;Ort saknas;;0;0;0;42;84;42;0;0;0;72;0;90;0;42;13;42;53;0;42;0
Dyringe-Mosebacke VSF;8750011002;Teknik- och servicenämnden;Ort saknas;;0;0;0;0;44;0;0;0;0;0;0;0;0;0;0;98;0;0;0;0
Närkes Kils Sportklubb;8750011051;Kultur- och fritidsnämnden;Ort saknas;;0;0;0;0;18;40;10;0;0;0;0;0;0;0;0;0;0;26;0;0
Bordtennisklubben Safir;8750011168;Kultur- och fritidsnämnden;Ort saknas;;0;0;6;0;41;1;0;0;0;0;2;0;0;7;0;37;41;0;7;6
Örebro Slalomförening;8750011184;Kultur- och fritidsnämnden;Ort saknas;;0;0;0;0;3;23;0;0;0;0;0;7;0;0;0;0;3;16;0;0
Brevens Folkets Husförening;8750011234;Kultur- och fritidsnämnden;Ort saknas;;0;0;0;0;0;0;0;0;0;29;54;0;0;0;0;0;0;0;0;0
Hovsta If;8750011267;Kultur- och fritidsnämnden;Ort saknas;;0;17;0;0;46;17;0;0;0;17;0;0;0;17;0;17;32;5;17;0
Ifk Örebro;8750011663;Kultur- och fritidsnämnden;Ort saknas;;0;13;0;0;30;13;0;0;0;13;0;0;0;13;0;13;21;0;13;0
Örebro Simallians;8750012067;Kultur- och fritidsnämnden;Ort saknas;;0;1;167;0;123;193;0;0;0;96;6;0;0;0;158;0;118;224;240;0
Riksföreningen För Social &;8750012075;Kultur- och fritidsnämnden;Ort saknas;;194;0;0;0;0;194;0;0;0;0;0;0;0;0;0;0;0;200;0;0
Örebro Badmintonklubb;8750012182;Kultur- och fritidsnämnden;Ort saknas;;0;0;0;0;22;168;0;0;0;0;0;22;0;0;0;0;26;211;0;0
Dyltabruks Vgf;8750012216;Teknik- och servicenämnden;Ort saknas;;56;18;0;0;0;0;0;0;0;382;7;0;18;0;0;0;0;0;368;14
Kvinnohuset Örebro;8750012224;Socialnämnden;Ort saknas;;175;0;0;0;0;175;0;0;0;1957;364;58;180;0;0;0;0;180;0;1795
Rynninge Ik;8750012307;Kultur- och fritidsnämnden;Ort saknas;;0;87;0;0;133;87;0;0;0;87;0;15;0;87;0;87;48;0;87;0
Garphyttan If;8750012505;Kultur- och fritidsnämnden;Ort saknas;;0;0;0;43;58;62;0;0;0;43;10;0;0;35;0;37;0;22;35;0
Örebro Frivilliga Samhällsarbetare;8750012877;Kultur- och fritidsnämnden;Ort saknas;;56;0;0;0;0;0;0;0;0;0;0;0;58;0;0;0;0;0;0;0
Anhöriga Hjälper Anhöriga;8750012901;Kultur- och fritidsnämnden;Ort saknas;;84;0;0;0;0;84;0;0;0;0;0;0;86;0;0;0;0;86;0;0
Neuroförbundet Örebro;8750012935;Kultur- och fritidsnämnden;Ort saknas;;29;0;0;0;0;0;0;0;0;0;0;0;30;0;0;0;0;0;0;0
Syrianska Föreningen Örebro;8750013081;Kultur- och fritidsnämnden;Ort saknas;;0;0;0;0;131;0;0;0;0;0;0;0;0;0;0;152;0;0;0;0
Glanshammars Dansgille;8750013099;Kultur- och fritidsnämnden;Ort saknas;;0;0;0;25;26;0;0;0;0;0;0;0;0;10;0;28;0;0;0;0
Små IF;8750013354;Kultur- och fritidsnämnden;Ort saknas;;0;6;8;18;42;60;0;0;12;6;30;0;0;12;9;11;42;61;6;0
Afasiföreningen I Örebro Län;8750013586;Kultur- och fritidsnämnden;Ort saknas;;370;0;0;0;0;370;0;0;0;0;0;0;380;0;0;0;0;380;0;0
Hampetorp-Odensbacken If;8750013719;Kultur- och fritidsnämnden;Ort saknas;;0;0;0;0;42;111;2;0;0;0;64;0;4;4;0;0;9;110;0;0
Karlslunds If Damfotbollsförening;8750013800;Kommunstyrelsen;Ort saknas;;0;600;4;0;20;0;0;0;0;0;0;0;0;0;1;500;0;0;0;0
Stiftelsen Johannaskolan;8750013859;Grundskolenämnden;Ort saknas;;2120;2178;2165;2346;2143;2188;1952;1952;2189;1997;2168;2453;2057;2133;2225;2091;2381;2676;1870;1870
Järle Byalag;8750014139;Kultur- och fritidsnämnden;Ort saknas;;0;0;0;6;48;0;15;0;0;6;0;0;0;0;58;50;0;10;0;0
Örebro Kammarkör;8750014204;Kultur- och fritidsnämnden;Ort saknas;;0;0;0;27;0;0;0;0;0;0;0;0;0;0;0;41;0;0;0;0
Stiftelsen Bergslagsgårdar;8750014584;Socialnämnden;Ort saknas;;1221;68;2226;1249;1383;1260;969;84;1862;903;908;937;947;0;1623;701;0;1117;443;510
Islamiska Kulturcentret I Örebro;8750015425;Kultur- och fritidsnämnden;Ort saknas;;0;0;8;15;93;0;0;0;0;8;15;0;0;0;0;152;8;0;0;0
Kfum Örebro Innebandy;8750015805;Kultur- och fritidsnämnden;Ort saknas;;0;0;9;54;9;12;3;0;0;0;0;0;0;0;50;0;13;33;3;0
Hovsta Frikyrkoförsamling;8750016233;Kultur- och fritidsnämnden;Ort saknas;;1;0;0;0;18;0;0;0;0;7;0;12;1;7;0;18;7;0;0;0
Örebro Sportdykarklubb;8750016340;Kultur- och fritidsnämnden;Ort saknas;;0;0;0;0;5;44;0;0;0;0;0;0;0;0;0;0;3;11;0;0
Föreningen Felan;8750016464;Kultur- och fritidsnämnden;Ort saknas;;0;0;0;73;0;0;0;0;0;0;0;0;0;0;0;87;0;0;0;0
Konstnärernas Kollektivverkstad;8750016555;Kultur- och fritidsnämnden;Ort saknas;;0;0;0;0;0;120;0;0;0;0;2;0;0;0;0;0;0;120;0;0
De Handikappades Riksförbund;8750016662;Kultur- och fritidsnämnden;Ort saknas;;105;0;0;0;0;105;0;0;0;0;11;0;107;0;0;0;0;107;0;0
Örebro Sportklubb  Ungdom;8750016894;Kultur- och fritidsnämnden;Ort saknas;;11;22;0;0;202;420;42;0;30;22;9;0;0;21;108;89;166;380;21;0
Latorps If;8750016902;Kultur- och fritidsnämnden;Ort saknas;;0;0;0;0;18;325;16;15;0;10;0;20;0;0;31;0;18;315;15;0
Örebro Läns Grafikgrupp;8750017116;Kultur- och fritidsnämnden;Ort saknas;;0;0;0;0;0;90;0;0;0;0;0;0;0;0;12;0;0;90;0;0
Nya Teatern Amatörteaterförening;8750017165;Kultur- och fritidsnämnden;Ort saknas;;87;0;0;637;20;0;0;0;7;1;0;1000;0;0;4;585;0;1;0;0
Mosjö Områdesförening;8750017231;Kultur- och fritidsnämnden;Ort saknas;;0;0;0;75;62;0;39;0;48;22;28;0;13;0;3;57;0;59;0;0
Kfum Örebro Frisbee;8750017405;Kultur- och fritidsnämnden;Ort saknas;;0;0;0;0;0;16;0;0;0;0;8;0;0;0;0;0;10;118;0;0
Örebro Speedwayförening;8750017520;Kultur- och fritidsnämnden;Ort saknas;;0;0;0;0;4;73;0;0;0;22;0;0;0;24;8;22;0;3;22;0
Teknis Motor Club Örebro;8750017561;Kultur- och fritidsnämnden;Ort saknas;;0;0;0;0;0;0;15;0;0;15;0;32;0;0;0;0;0;2;0;0
Stiftelsen Activa;8750017579;Gymnasie- och arbetsmarknadsnämnden;Ort saknas;;0;0;0;5;2;2;166;0;0;1454;6;4;36;4;0;70;36;70;0;0
Örebro City Golf & Country Club;8750017611;Kultur- och fritidsnämnden;Örebro kommun;Örebro;0;0;0;0;10;159;0;0;0;0;7;0;4;0;0;0;12;152;0;0
Lännäs Frikyrka;8750017645;Kommunstyrelsen;Ort saknas;;0;16;26;0;0;16;13;16;0;0;0;0;16;0;0;0;0;13;14;0
Friskis & Svettis I Örebro;8750017785;Kultur- och fritidsnämnden;Ort saknas;;9;1;0;0;50;410;0;4;0;1;0;0;33;0;5;9;46;385;22;1
Kfum Örebro Volley;8750017827;Kultur- och fritidsnämnden;Ort saknas;;0;0;0;0;17;22;0;0;0;0;0;0;0;0;0;0;19;14;0;0
Vintrosa Idrottssälskap;8750017983;Kultur- och fritidsnämnden;Ort saknas;;0;0;5;0;36;9;0;0;0;0;0;0;0;0;0;0;24;19;0;0
Vänsterpartiet I Örebro Kommun;8750018080;Fullmäktige och stadsrevision;Ort saknas;;746;0;0;0;0;0;0;0;0;0;0;0;0;0;0;0;0;0;0;0
Reumatikerföreningen I Örebro;8750018155;Kultur- och fritidsnämnden;Ort saknas;;29;0;0;0;0;0;0;0;0;0;0;0;30;0;0;0;0;0;0;0
Örebro Brukshundklubb;8750018338;Kultur- och fritidsnämnden;Ort saknas;;0;0;0;0;55;6;0;0;0;0;0;0;0;0;0;48;0;0;0;0
Eketorp Vägkassa;8750018403;Teknik- och servicenämnden;Ort saknas;;0;0;0;0;63;0;0;0;0;0;0;0;0;0;0;141;0;0;0;0
Riksförbundet Hjärtlung Örebro;8750018437;Kultur- och fritidsnämnden;Ort saknas;;35;0;0;0;0;0;0;0;0;0;0;0;36;0;0;0;0;0;0;0
Engelbrekts Scoutkår;8750018676;Kultur- och fritidsnämnden;Ort saknas;;0;0;0;0;28;0;0;0;0;0;0;0;0;0;0;48;0;0;0;0
Blyberga-Karltorp Vsf;8750019195;Teknik- och servicenämnden;Ort saknas;;0;0;0;0;39;0;0;0;0;0;0;0;0;0;0;113;0;0;0;0
Egersta-Häggen-Slätåsen VSF;8750019278;Teknik- och servicenämnden;Ort saknas;;0;0;0;0;24;0;0;0;0;0;0;0;0;0;0;72;0;0;0;0
Stiftelse Nyföretagarcentrum Örebro;8750019310;Kommunstyrelsen;Ort saknas;;2;0;0;0;0;801;0;0;0;0;0;0;0;0;0;0;0;0;0;803
Björka-Skäcklinge Vsf;8750019377;Teknik- och servicenämnden;Ort saknas;;0;0;0;0;44;0;0;0;0;0;0;0;0;0;0;111;0;0;0;0
Hampetorp-Boda VSF;8750019419;Teknik- och servicenämnden;Ort saknas;;0;0;0;0;16;0;0;0;0;0;0;0;0;0;0;55;0;0;0;0
Örebro Jazz & Blues Club;8750019476;Kultur- och fritidsnämnden;Ort saknas;;0;0;59;102;0;0;0;0;0;0;0;0;0;0;0;99;0;0;0;0
Hälleby Samfällighetsförening;8750019518;Teknik- och servicenämnden;Ort saknas;;0;0;0;0;25;0;0;0;0;0;0;0;0;0;0;56;0;0;0;0
Rfsl Örebro;8750019823;Kultur- och fritidsnämnden;Ort saknas;;245;0;0;0;0;245;0;0;0;6;7;0;256;0;0;0;16;252;0;0
Kif Eagels Baseboll 6 Softboll;8750019898;Kultur- och fritidsnämnden;Ort saknas;;0;7;0;0;11;7;0;0;0;7;0;0;0;7;0;7;23;0;7;0
Örebro Karateförening;8750019948;Kultur- och fritidsnämnden;Ort saknas;;0;0;0;0;5;179;0;0;0;0;0;0;0;0;0;0;8;133;0;0
Södra Åsta Smf;8750020334;Teknik- och servicenämnden;Ort saknas;;0;0;0;0;28;0;2;0;0;7;0;0;0;0;0;62;0;2;0;0
Örebro Motorklubb;8750020375;Kultur- och fritidsnämnden;Ort saknas;;0;0;0;0;0;3;0;0;0;0;0;139;0;35;0;35;0;0;35;0
Kulturella Föreningen;8750020755;Kultur- och fritidsnämnden;Ort saknas;;0;0;0;44;0;0;18;0;0;0;0;0;0;0;0;48;0;0;21;0
Vinöns Kultur Och Hembygdsförening;8750020839;Kultur- och fritidsnämnden;Ort saknas;;0;0;0;0;42;0;0;0;4;0;0;52;0;5;0;40;5;0;1;0
Nejlikans Förskola;8750020854;Förskolenämnden;Ort saknas;;309;308;341;458;321;321;325;325;380;336;372;477;349;344;346;336;492;422;339;339
Dyltabruks Ryttarförening;8750020946;Kultur- och fritidsnämnden;Ort saknas;;0;0;25;0;10;39;0;0;0;0;0;0;0;0;0;0;0;40;0;0
Stiftelsen Fontänhuset Örebro;8750021027;Kultur- och fritidsnämnden;Ort saknas;;2122;12;60;0;0;2063;0;0;0;0;12;0;2180;0;0;94;0;2118;0;0
Ssf Hovsta Scoutkår;8750022223;Kultur- och fritidsnämnden;Ort saknas;;0;0;0;0;42;0;0;0;0;0;0;0;0;0;0;66;0;0;0;0
Psoriasisförbundet;8750022231;Kultur- och fritidsnämnden;Ort saknas;;34;0;0;0;0;0;0;0;0;0;0;0;35;0;0;0;0;0;0;0
Örebrokrets Av Svenska Röda Korset;8750022272;Kultur- och fritidsnämnden;Ort saknas;;77;0;0;0;0;0;0;0;0;0;0;59;79;0;0;0;0;0;0;0
Örebro Atletklubb C/O U Axelsson;8750022553;Kultur- och fritidsnämnden;Ort saknas;;0;0;0;0;5;31;0;0;0;5;4;0;4;0;0;45;5;50;0;0
Kårsta Golfklubb;8750022736;Kultur- och fritidsnämnden;Ort saknas;;0;0;0;0;8;320;0;0;0;12;0;0;0;0;0;0;15;380;0;0
Moderata Ungdomsförbundet;8750023015;Kultur- och fritidsnämnden;Ort saknas;;0;0;0;0;0;36;0;0;0;0;0;0;0;0;0;0;36;0;0;0
Bosnien-Hercegovinas Förening Miris;8750023148;Kultur- och fritidsnämnden;Ort saknas;;0;0;0;0;62;0;0;0;0;0;10;0;0;0;0;26;0;0;0;0
Wadköpings Vänner;8750023197;Kultur- och fritidsnämnden;Ort saknas;;10;0;0;0;0;36;0;0;15;0;0;0;15;0;0;0;0;29;0;0
Kfum Örebro/Tegelbruket;8750023254;Kultur- och fritidsnämnden;Ort saknas;;0;0;22;0;131;0;0;0;0;0;0;0;0;0;0;152;0;0;0;0
Ö-O Spelmanslag;8750023296;Kultur- och fritidsnämnden;Ort saknas;;0;0;0;27;0;0;0;0;0;0;0;0;0;0;0;32;0;0;0;0
Stiftelsen Hannaskolan;8750023650;Grundskolenämnden;Ort saknas;;3846;3839;3832;4241;3809;3854;3683;3683;4731;3926;3946;4826;3923;4048;4006;3974;4475;5056;3532;3599
Dockteaterhuset Wadköping;8750023791;Kultur- och fritidsnämnden;Ort saknas;;0;0;0;105;0;0;0;0;0;0;0;0;0;0;0;115;0;0;0;0
Studieförbundet Bilda Svealand;8750023965;Kultur- och fritidsnämnden;Ort saknas;;7;0;0;38;0;1110;3;0;0;0;0;0;3;0;0;0;0;1326;31;0
Örebro Kammarmusikförening;8750024039;Kultur- och fritidsnämnden;Ort saknas;;0;0;0;59;0;0;0;0;0;0;0;50;0;0;0;81;0;0;0;0
Stiftelsen Grenadjärsskolan;8750024062;Grundskolenämnden;Ort saknas;;2244;2245;2214;2385;2181;2364;2039;2039;3134;2458;2482;2844;2371;2453;2479;2436;2729;3075;2405;2405
Örebro Afasiförening;8750024286;Kultur- och fritidsnämnden;Ort saknas;;25;0;0;0;0;0;0;0;0;0;0;0;26;0;0;0;0;0;0;0
Bk Kelly C/O Björn Ekstrand;8750024435;Kultur- och fritidsnämnden;Ort saknas;;0;0;0;0;9;0;0;0;0;0;0;75;0;0;8;0;11;0;0;0
Ssu Örebro;8750024765;Kultur- och fritidsnämnden;Ort saknas;;0;0;0;0;0;65;0;0;0;0;0;0;0;0;0;0;65;0;0;0
Ung Företagsamhet I Örebro Län;8750024872;Kommunstyrelsen;Örebro kommun;Örebro;58;0;0;0;98;0;0;0;0;0;0;625;68;0;0;0;98;24;0;0
Bosniska Islamska Föreningen;8750024880;Kultur- och fritidsnämnden;Ort saknas;;0;0;0;0;62;0;0;0;0;0;0;0;0;0;0;0;0;0;0;0
Örebro Närradio C/O R Palmén;8750024963;Fullmäktige och stadsrevision;Ort saknas;;5;0;6;6;12;6;12;0;0;14;6;6;6;0;12;6;0;12;6;0
Örebro Fibromyalgiförening;8750025069;Kultur- och fritidsnämnden;Ort saknas;;69;0;0;0;0;0;0;0;0;0;0;0;71;0;0;0;0;0;0;0
RÄDDA BARNEN ÖREBRO LOKALFÖRENING;8750025291;Kultur- och fritidsnämnden;Ort saknas;;35;0;0;0;0;0;0;0;0;0;0;0;36;0;0;0;0;0;0;0
FK Bosna 92 Örebro;8750025432;Kultur- och fritidsnämnden;Ort saknas;;0;0;0;0;31;0;0;0;0;0;16;0;15;0;0;0;27;0;0;0
Örebro Bangolfklubb;8750025606;Kultur- och fritidsnämnden;Ort saknas;;0;0;0;0;0;4;17;6;2;0;0;0;0;0;0;0;0;44;0;14
Afrikas Horn Kultur Center;8750025622;Kultur- och fritidsnämnden;Ort saknas;;13;0;17;0;62;0;0;0;0;0;0;0;16;0;13;152;10;0;0;0
Kilsbergens Hembygdsförening;8750025721;Kultur- och fritidsnämnden;Ort saknas;;0;0;0;0;10;0;0;0;11;0;0;0;0;0;0;10;0;200;0;0
Örebro Lokalförening I Personskade-;8750025846;Kultur- och fritidsnämnden;Ort saknas;;61;0;0;0;0;0;0;0;0;0;0;0;62;0;0;0;0;0;0;0
Hopajola;8750025994;Kommunstyrelsen;Ort saknas;;0;0;167;0;0;0;0;0;0;5;70;0;0;0;171;0;70;0;0;0
Vintrosa Folkets Husförening;8750026430;Vård- och omsorgsnämnden;Ort saknas;;29;0;0;36;40;0;36;0;20;40;0;0;25;0;0;99;0;0;33;0
Örebro Dövas Ungdomsklubb;8750026653;Kultur- och fritidsnämnden;Ort saknas;;51;0;0;0;0;0;0;0;0;0;0;0;53;0;0;0;0;0;0;0
Evangeliska Frikyrkan;8750027271;Kommunstyrelsen;Ort saknas;;0;0;0;0;0;0;385;0;0;0;0;1;0;0;0;0;0;0;0;0
Örebro Viltvårdsförening;8750028139;Markplanerings- och exploateringsnämnden;Ort saknas;;0;0;0;0;0;0;156;0;0;0;0;0;0;0;0;0;0;0;157;0
Lp-Föreningen I Örebro Län;8750028303;Socialnämnden;Ort saknas;;322;0;596;206;186;311;307;0;687;374;347;352;267;0;486;330;0;585;354;305
Rynninge Barn & Ungdomsklubb;8750028873;Kultur- och fritidsnämnden;Ort saknas;;0;0;15;0;48;0;0;0;0;0;0;15;0;0;0;48;0;0;0;0
Föreningen Simon;8750029301;Kultur- och fritidsnämnden;Ort saknas;;59;0;0;0;0;59;0;0;0;0;0;0;61;0;0;0;0;61;0;0
Örebro Kommuns Motions- & Idrotts-;8750029376;Kommunstyrelsen;Ort saknas;;0;0;175;0;0;0;0;0;0;0;0;0;275;0;0;0;13;0;0;0
Sportpalatset I Örebro Budoklubb;8750029798;Kultur- och fritidsnämnden;Ort saknas;;0;0;0;0;8;76;0;0;0;0;41;0;0;0;0;30;9;74;0;0
Ahl Al-Beit Center I Örebro;8750030036;Kultur- och fritidsnämnden;Ort saknas;;0;0;0;0;62;0;0;0;0;0;0;0;0;0;0;48;0;0;0;0
Fröjdans;8750030911;Kultur- och fritidsnämnden;Ort saknas;;0;0;0;115;0;25;0;0;0;0;0;0;0;0;0;107;0;0;0;0
Örebro Konstskolas Vänner;8750031398;Kultur- och fritidsnämnden;Ort saknas;;0;0;0;6;0;310;0;0;0;0;10;0;0;0;0;0;0;312;0;0
Liberalerna I Örebro Kommun;8750031463;Kommunstyrelsen;Ort saknas;;0;9;0;0;0;0;0;0;0;0;38;0;0;8;0;6;0;0;0;19
Väntjänstföreningen;8750031653;Kultur- och fritidsnämnden;Ort saknas;;30;0;0;0;25;0;0;0;0;0;0;0;31;14;0;0;0;0;0;0
Fenix 019;8750032925;Socialnämnden;Ort saknas;;645;363;394;316;711;265;377;433;391;578;0;601;272;406;377;745;0;611;356;322
G & L Karlssons Stiftelse Rånnesta;8750033592;Kultur- och fritidsnämnden;Ort saknas;;11;0;0;0;13;0;0;0;0;0;0;0;26;0;0;0;0;0;0;1
Örebro Ryttarteam;8750033899;Kultur- och fritidsnämnden;Ort saknas;;0;0;0;0;4;27;0;0;0;0;0;15;0;0;0;0;0;15;0;0
Synskadades Riksförbund;8750033949;Kultur- och fritidsnämnden;Ort saknas;;29;0;0;0;0;0;0;0;0;0;0;0;30;0;0;0;0;0;0;0
Sörbyängens Bouleklubb;8750034327;Kultur- och fritidsnämnden;Ort saknas;;0;0;0;0;3;25;0;0;0;5;0;0;0;0;0;0;4;14;0;0
IF Nerike;8750034392;Kultur- och fritidsnämnden;Ort saknas;;0;0;69;0;23;39;0;0;0;0;0;0;5;0;101;0;17;24;0;0
Brickebergskyrkans Skolstiftelse;8750034491;Grundskolenämnden;Ort saknas;;2767;2744;2794;3090;2809;3120;2383;2425;2917;2708;3033;3330;2637;2699;2935;2724;3513;3462;2555;2532
Lillån Innebandyklubb;8750034939;Kultur- och fritidsnämnden;Ort saknas;;0;0;0;0;33;0;0;0;0;0;3;0;0;0;0;0;35;0;0;0
Lillåns If Tennissektionen;8750035167;Kultur- och fritidsnämnden;Ort saknas;;13;0;0;0;40;235;0;0;0;9;0;0;0;0;7;0;35;221;0;0
Lillåns If;8750035175;Kultur- och fritidsnämnden;Ort saknas;;5;62;0;0;87;83;0;0;0;62;0;0;0;62;10;62;29;50;62;0
Örebro Filmförening;8750035514;Kultur- och fritidsnämnden;Ort saknas;;25;0;0;41;25;50;0;0;0;50;29;0;7;0;42;52;27;0;0;0
Kulturbyrån;8750035837;Vård- och omsorgsnämnden;Ort saknas;;0;10;12;12;12;12;0;6;0;13;0;22;6;9;11;9;0;14;0;0
RSMH T-LÄN ÖREBRO;8750036280;Kultur- och fritidsnämnden;Ort saknas;;0;0;0;0;0;0;0;0;0;0;0;0;200;0;0;0;0;0;0;0
Skandinaviska stiftelsen för utbildning;8750037080;Förskolenämnden;Ort saknas;;0;0;0;0;0;0;0;0;0;0;0;0;0;0;64;0;0;0;0;0
Örebro Kampsportförening;8757012037;Kultur- och fritidsnämnden;Ort saknas;;0;0;0;0;8;357;0;0;0;0;0;0;0;0;3;0;7;346;0;0
Stiftelsen Sveriges Kristna;8757012177;Socialnämnden;Ort saknas;;101;105;94;105;101;106;101;0;210;94;94;91;94;68;76;110;0;203;100;40
Karlskoga Folkhögskola;8764000876;Gymnasie- och arbetsmarknadsnämnden;Ort saknas;;112;0;0;1;0;0;99;0;0;0;0;0;44;0;0;1;0;0;40;0
Möckelföretagen;8764002948;Kommunstyrelsen;Ort saknas;;0;0;0;0;0;0;0;0;0;0;50;0;0;0;0;0;0;0;0;0
Kvinnoföreningen Mot Våld I;8764003342;Socialnämnden;Ort saknas;;131;0;138;0;67;65;67;65;67;144;75;0;58;0;0;0;0;0;0;0
Mhf Örebro;8771001990;Kultur- och fritidsnämnden;Ort saknas;;0;0;0;0;0;140;0;0;0;0;0;0;0;0;0;25;0;0;0;0
Amatörteaterns Riksförbund;8790002136;Kultur- och fritidsnämnden;Ort saknas;;0;7;9;0;2;0;11;0;0;0;2;1;0;4;2;1;24;10;7;0
Stiftelsen Sanna Gård;8932010476;Funktionsstödsnämnden;Ort saknas;;466;0;886;483;467;515;467;0;965;467;483;467;483;496;447;496;0;975;480;496
TEXTILHUSET SWELOGENT HANDELSBOLAG;9164505696;Grundskolenämnden;Övriga Sverige;Sollebrunn;50;98;70;48;21;31;6;46;108;91;86;56;74;67;60;60;25;51;11;24
SJÖBORG CORPORATION KOMMANDITBOLAG;9164590680;Teknik- och servicenämnden;Örebro kommun;Örebro;0;0;0;0;0;0;0;0;0;0;0;0;0;0;282;0;0;0;0;0
Advokatfirman Glimstedt Örebro Hand;9165777997;Socialnämnden;Örebro kommun;Örebro;18;0;9;0;18;0;18;13;0;0;0;0;0;0;23;0;0;0;0;0
Fastica Mitten HB;9165794547;Markplanerings- och exploateringsnämnden;Övriga Sverige;Västerås;0;0;0;510;0;0;0;0;0;0;0;0;0;0;0;0;0;0;0;0
Foyen Advokatfirma Kommanditbolag;9169412740;Teknik- och servicenämnden;Övriga Sverige;Stockholm;939;500;714;918;290;890;347;1516;0;2290;44;5208;112;410;88;871;0;53;25;157
VADSTENA FOLKHÖGSKOLA;9240000118;Gymnasie- och arbetsmarknadsnämnden;Ort saknas;;0;23;0;0;0;0;0;0;0;22;0;0;0;0;0;0;9;0;0;0
Nordiqus Mosås 8:28 Kommanditbolag;9696013805;Kommunstyrelsen;Övriga Sverige;Göteborg;0;0;0;3270;0;0;0;2634;0;6;0;0;0;0;5;0;0;0;0;4
KARLSLUNDS IF HERRFOTBOLLSKLUBB KOM;9696332122;Grundskolenämnden;Örebro kommun;Örebro;3;5;4;7;7;6;2;0;1;6;17;13;3;4;4;6;5;6;3;0
Leaseright Kommanditbolag;9697119908;Kommunstyrelsen;Övriga Sverige;Vänersborg;9;0;18;9;9;9;9;0;18;9;9;17;9;9;9;9;0;18;9;9
BOoA Omsorg & Assistans Kommanditbo;9697268614;Funktionsstödsnämnden;Övriga Sverige;Luleå;139;140;126;130;139;138;159;160;150;127;142;129;143;158;0;280;0;297;171;0
Rödjans Träd, Gräs och Grisar HB;9697423201;Markplanerings- och exploateringsnämnden;Övriga Örebro län;Åmmeberg;0;0;32;0;0;0;0;20;0;0;0;0;0;20;0;0;0;0;25;0
Ax Advokatbyrå Kommanditbolag;9697717685;Socialnämnden;Övriga Sverige;Helsingborg;0;0;3;0;0;0;0;0;0;0;0;0;23;0;0;23;0;113;43;53
Melin Addiction Rehab Handelsbolag;9697974799;Socialnämnden;Övriga Örebro län;Gyttorp;0;0;0;0;0;0;0;0;0;0;0;74;0;0;0;0;0;0;0;0
Hjälmarens Vattenvårdsförbund;9750008568;Markplanerings- och exploateringsnämnden;Ort saknas;;0;0;229;0;0;0;175;0;0;0;0;0;0;0;236;0;0;0;0;0
Musikkåren Lyran;9750008741;Kultur- och fritidsnämnden;Ort saknas;;13;0;0;34;0;0;0;0;0;0;3;0;3;0;0;37;0;0;0;0
Eldvalla Vsf;9750008782;Teknik- och servicenämnden;Ort saknas;;0;0;0;0;29;0;0;6;0;0;0;0;0;0;0;64;0;0;0;5
Brage Pelle Stig Brage-Andersen;;Kultur- och fritidsnämnden;Ort saknas;;0;0;0;0;0;0;0;0;0;0;0;0;0;0;0;12;26;132;0;0
Cyclomedia;;Teknik- och servicenämnden;Ort saknas;;0;0;0;365;0;0;0;0;573;0;0;0;52;0;0;0;0;0;0;0
Ecopress Waste Systems OÜ;;Teknik- och servicenämnden;Ort saknas;;0;0;326;0;0;0;0;0;0;0;0;0;0;0;342;0;0;342;0;0
Electude International B.V;;Gymnasie- och arbetsmarknadsnämnden;Ort saknas;;0;0;0;0;0;0;0;0;0;0;0;0;0;0;0;0;0;61;0;0
Emigratiebeurs Emigration Expo;;Kommunstyrelsen;Ort saknas;;0;0;0;0;0;0;0;0;0;0;0;0;54;0;0;0;0;0;0;0
Emigration expo;;Teknik- och servicenämnden;Ort saknas;;0;53;0;0;0;0;0;0;0;0;0;0;0;0;0;0;0;0;0;0
Energy Cities;;Markplanerings- och exploateringsnämnden;Ort saknas;;0;0;0;0;27;0;0;0;0;0;0;0;27;0;0;0;0;0;0;0
Erasmus Learning Academy srl;;Grundskolenämnden;Ort saknas;;0;0;0;0;0;0;0;35;0;0;0;0;0;0;0;0;0;71;0;0
Escuela de Idiomas Nerja;;Gymnasie- och arbetsmarknadsnämnden;Ort saknas;;0;0;0;0;0;0;0;0;0;0;100;0;0;0;0;0;0;0;0;0
Finnora Oy;;Markplanerings- och exploateringsnämnden;Ort saknas;;0;0;0;0;0;0;0;0;12;0;0;0;0;0;0;60;0;0;0;0
Geneset Powerplants Oy;;Teknik- och servicenämnden;Ort saknas;;0;0;0;0;0;0;0;0;0;0;0;0;867;0;0;0;0;0;0;0
International Baccalaureate Org;;Gymnasie- och arbetsmarknadsnämnden;Ort saknas;;0;0;0;0;0;32;0;106;88;0;122;4;0;0;0;13;0;0;15;173
Istituto Superiore Vergani-Navarra Ferr;;Gymnasie- och arbetsmarknadsnämnden;Ort saknas;;0;0;0;0;0;0;0;0;0;0;0;0;0;0;0;0;0;0;0;90
JUB HOLLAND;;Teknik- och servicenämnden;Ort saknas;;0;0;0;0;53;0;0;0;0;0;0;0;0;0;0;0;0;0;0;0
KRONOS TITAN AS;;Teknik- och servicenämnden;Ort saknas;;0;0;116;113;0;0;0;0;0;0;120;0;0;0;109;0;0;0;0;0
Kemira Oyj;;Teknik- och servicenämnden;Ort saknas;;0;0;0;0;578;0;0;0;0;0;0;0;0;0;0;0;0;0;0;0
Krakowresor - Marlena Fraczek-Paluch;;Gymnasie- och arbetsmarknadsnämnden;Ort saknas;;0;0;0;0;52;0;0;0;0;0;0;0;0;0;0;0;0;0;0;0
KulturIT AS;;Kommunstyrelsen;Ort saknas;;0;17;0;17;0;30;0;17;0;17;0;17;0;18;0;18;0;0;18;0
Living V & I AB;;Grundskolenämnden;Ort saknas;;0;0;0;0;0;22;0;0;0;0;0;0;0;0;0;0;117;26;0;0
Lyngsoe Systems Library Solutions A/S;;Kommunstyrelsen;Ort saknas;;0;6;0;0;0;4;0;0;278;0;0;0;0;0;70;0;0;0;0;0
Meininger Hotels;;Gymnasie- och arbetsmarknadsnämnden;Ort saknas;;11;97;0;0;0;0;0;0;0;0;0;0;0;0;0;0;0;0;0;0
Norgesfilm AS;;Kultur- och fritidsnämnden;Ort saknas;;4;0;11;6;6;0;10;0;10;5;6;5;5;0;15;7;0;12;4;5
POLIS;;Markplanerings- och exploateringsnämnden;Ort saknas;;0;0;0;0;0;42;0;0;0;0;0;0;0;42;0;0;0;0;0;0
Pioneer Manufacturing Company;;Kultur- och fritidsnämnden;Ort saknas;;138;0;0;0;0;0;0;0;0;0;0;0;0;0;0;0;0;0;0;0
Polar Electro Nederland BV;;Grundskolenämnden;Ort saknas;;0;0;7;0;43;0;0;0;0;0;0;0;0;0;0;0;0;0;0;0
PortBlue Club Pollentia Resort & SPA;;Gymnasie- och arbetsmarknadsnämnden;Ort saknas;;0;0;0;0;0;0;0;0;0;0;0;0;0;0;0;17;0;0;0;51
Princh A/S;;Kommunstyrelsen;Ort saknas;;0;0;96;32;0;0;0;0;0;0;0;0;0;0;111;0;0;0;0;0
RX France;;Kommunstyrelsen;Ort saknas;;56;0;0;0;0;0;0;0;0;0;0;0;74;0;0;0;0;0;0;0
Seaclub Resort;;Gymnasie- och arbetsmarknadsnämnden;Ort saknas;;0;0;0;27;0;49;0;0;0;0;0;0;0;0;0;0;0;0;0;0
TRACTO-TECHNIK GMBH & CO. KG;;Teknik- och servicenämnden;Ort saknas;;0;0;0;0;0;487;0;0;0;0;0;0;0;395;0;0;0;0;0;0
Tilknytningspsykologene AS;;Socialnämnden;Ort saknas;;0;0;0;0;0;0;0;0;0;0;0;0;0;0;0;0;0;91;0;0
Universitets- och högskolerådets;;Gymnasie- och arbetsmarknadsnämnden;Ort saknas;;0;0;0;0;0;0;0;0;0;67;0;0;0;0;0;0;0;0;0;0
VALD Performance;;Gymnasie- och arbetsmarknadsnämnden;Ort saknas;;0;0;0;0;0;0;0;0;0;43;0;0;0;0;0;0;0;0;0;37
VARVARA & MAR OÜ;;Kultur- och fritidsnämnden;Ort saknas;;0;0;0;0;0;0;0;0;0;0;160;0;0;0;0;0;0;10;0;43
Voksenåsen AS;;Gymnasie- och arbetsmarknadsnämnden;Ort saknas;;0;0;0;0;0;0;0;0;89;0;0;0;0;0;0;0;0;0;0;0
Västerås stad Tranellska Gymnasiet;;Gymnasie- och arbetsmarknadsnämnden;Ort saknas;;0;0;0;0;0;68;0;0;0;0;0;0;0;0;0;0;0;0;0;0
Westanqvarn AB;;Markplanerings- och exploateringsnämnden;Ort saknas;;0;0;0;0;0;0;0;0;0;0;0;0;0;0;0;0;0;345;0;0
Whitelake Software Point Oy;;Teknik- och servicenämnden;Ort saknas;;0;112;0;7;0;0;6;0;0;0;1;0;0;111;0;60;0;0;0;5
itslearning AS;;Funktionsstödsnämnden;Ort saknas;;0;0;0;0;0;161;0;0;0;0;0;0;0;0;0;0;0;0;162;0
