id;verksamhet;typ;adress;omrade;registrerad;antal_kontroller;senaste_kontroll
d463a4c7-0e9a-4def-bcaa-a89ca91ab001;1 Rum och Kök;Restaurang;Stortorget 16;Örebro city;2009-01-19;10;2026-08-18
f69b481f-a73f-46ef-8e0a-e678c7d70b81;2.0 Tvåpunktnoll;Restaurang;Östra bangatan 7A;Örebro norr-CV;2024-08-27;3;2026-03-13
a8166f3e-fc46-4b49-a211-ac7252da81a5;24 Tobak;Butik;Köpmangatan 1;Örebro city;2025-09-12;1;2025-09-29
a43a19ba-bb29-4476-8297-3eed4edcf05d;24Food Ekeby-Almby;Butik;Gamla hjälmarvägen 48;Ekeby-Almby-Hidingsta-Stora Mellösa;2020-01-31;2;2025-01-15
dea5fd52-920c-457e-9a3f-af2627095d93;24Food Rynningeåsen;Butik;Hindergårdsgatan 11;Rynninge-Grenadjärstaden;2025-11-26;1;2026-02-02
1eed693f-cdf9-4485-a4cb-71dbf5d6a31d;24sju Mosås;Butik;Hammarvägen 2;Marieberg-Mosås;2026-07-23;0;
3ec41f11-3024-4e15-92cc-337b88df1fd9;397 X:et;Restaurang;Södra grev rosengatan 30;Örebro city;2023-02-15;3;2025-05-26
16c1796b-9cc7-4dbe-8390-3c307e7ad7b9;A Alkmans Åkeri;Buffert;Attersta 606;Ekeby-Almby-Hidingsta-Stora Mellösa;2024-07-31;2;2025-11-18
ab567d93-cd35-4143-87b4-621cb2fcb753;A Little Party;Restaurang;Stortorget 10;Örebro city;2026-05-08;1;2026-07-08
ae89b1db-015f-433c-92ba-4ffce1a9e6d2;A-jouren, My way;Butik;Järnvägsgatan 10;Örebro city;2026-03-27;1;2026-06-22
9b44b00c-65d6-4d83-9630-9aef6c03bd3d;AB Roberts;Buffert;Örnsrogatan 6;Rosta-Örnsro;2009-07-08;3;2025-12-17
1ee1333f-9fe9-4767-9d83-0684e3525791;Adolfsbergs församling;Café;Glomman 127;Brunnsgärdet-Lindhult-Nasta;2024-05-20;3;2026-09-29
8c94a2a3-69f9-4d08-a66c-34707f055305;Adolfsbergs Pizzeria;Pizzeria;Lindhultsvägen 1A;Brunnsgärdet-Lindhult-Nasta;2015-07-01;10;2026-09-11
e18ddb62-292c-4860-a236-414b855d891f;Adolfsbergsgården;Café;Adolf Mörners Plan 2;Brunnsgärdet-Lindhult-Nasta;2008-04-21;3;2023-06-28
09bc2301-eb5a-46ec-824f-fdc1bcede1ee;Adolfsbergshemmet Kök;Tillagning;Lindhultsvägen 1;Brunnsgärdet-Lindhult-Nasta;2007-08-02;10;2026-09-23
d839bc91-03a4-4e4f-9820-ec0ea2d324a2;Adolfsbergshemmet Vårdboende;Tillagning;Lindhultsvägen 1;Brunnsgärdet-Lindhult-Nasta;2011-03-02;10;2026-09-23
481d59ad-3058-4cd5-a355-e5759ed4db62;Adolfsbergsskolan;Tillagning;Halltorpsvägen 9;Adolfsberg;2007-06-04;8;2026-09-01
14a3aecf-6aee-451a-83c7-60ed53997147;Adolfsbergsskolans Förskola;Tillagning;Halltorpsvägen 9;Adolfsberg;2011-02-15;3;2023-09-25
34184c98-89f0-4996-a57d-dff0dc9966cb;Adrianska huset Kök;Tillagning;Harriet Löwenhjelms Väg 24;Mellringe-Björkhaga;2008-10-28;6;2026-04-02
10e5f766-5402-4911-b2f1-1d4c3184cadf;Adrianska huset Vårdboende;Tillagning;Harriet Löwenhjelms Väg 24;Mellringe-Björkhaga;2011-05-24;9;2025-05-05
e36e4e7e-2b59-4601-8063-c89a282962f3;Advine AB;Buffert;Murargårdsgatan 14;Näsby-Norra Ormesta;2026-04-21;1;2026-08-13
eef6a00c-1a85-426f-b2b0-2184bc332489;Affärsgymnasiet Mottagningskök;Tillagning;Östra nobelgatan 9;Örebro norr-CV;2020-07-08;8;2026-03-04
1c412bf5-0368-4809-9f05-805ffb041ca1;Afrika Mat;Buffert;Diktargatan 19C;Vivalla;2013-06-20;7;2025-06-25
c6758483-501d-4c91-895d-9f1003883454;Akademi för Ledarskap och Teologi;Café;Åstadalsvägen 2;Almby-Ormesta;2020-02-05;3;2025-02-05
6dc54eed-873d-4c9c-a9ef-795264b65739;Al Forno Italiano;Restaurang;Drottninggatan 41;Örebro söder;2010-09-06;10;2026-04-14
b57d697d-d457-4db7-b705-d9b500df7728;Al-Sheikh Food;Buffert;Markörvägen 13;Hagaby-Ringstorp;2024-09-16;4;2025-09-25
92e6b3e5-0853-4678-86b5-bd3993d18aa6;Alana market;Butik;Ekersgatan 17A;Örebro väster;2026-05-05;7;2026-08-14
4c334b89-81b2-4d5e-8cb9-fa12e7aa0164;Alana Market - Nyregistrerad;Butik;Ekersgatan 17A;Örebro väster;2026-09-11;0;
07f46a11-9a98-4e06-a5b0-27cb434fdd68;Alessandros;Restaurang;Mejeritorget 12B;Hagaby-Ringstorp;2018-12-03;10;2026-09-02
15d6e77c-7068-4b2c-a5f2-caae1d869589;Alexandros Grill;Restaurang;Storbackavägen 4;Ladugårdsängen;2022-07-01;2;2024-02-29
ec7d03fc-6dc0-4439-b33b-1e18f1216d5a;Alexo Omsorg Mosås AB;Tillagning;Mosås 103;Marieberg-Mosås;2024-12-18;1;2025-03-24
87f5358e-dedf-44b4-8cda-f22e90a129f0;Algine Products Sweden AB;Buffert;Köping-hultgatan 6;Örebro norr-CV;2024-02-08;1;2026-04-22
53429f86-0c14-4bd0-91c0-8c392f4551b8;Alhalabi Nötter;Buffert;Saxons väg 4;Brickeberg-Norra Bro;2022-08-04;2;2024-11-22
a49b20f9-d5fb-4ef1-8dc4-865d364a8a79;Ali Baba Livs;Butik;Storgatan 18;Örebro city;2013-04-23;10;2026-08-14
ae85d3cf-f429-4358-8a49-4c815fe65867;Allégården Förskola;Tillagning;Södra Allén 15;Örebro söder;2006-09-19;6;2026-06-24
ee0d436b-ce69-4aac-939f-9774aa009f4e;Almbro Skola;Tillagning;Forngårdsvägen 1;Ekeby-Almby-Hidingsta-Stora Mellösa;2008-12-12;2;2023-05-23
13ac5cc7-d2f7-4e48-9768-de8068983f0d;Almby församling;Café;Almbyvägen 4;Almby-Ormesta;2025-09-12;1;2025-11-06
81be8389-2c7c-4dd2-9bdf-400e72775b6b;Almby Förskola;Tillagning;Almgatan 20;Näsby-Norra Ormesta;2006-06-02;9;2026-05-11
68ee4d26-3327-41e4-9595-4ec8449214b7;Almby Pizzeria;Pizzeria;Hjälmarvägen 27;Näsby-Norra Ormesta;2022-03-10;6;2026-08-28
405c9975-e9a0-4b5c-aaa8-b2ae42425f39;Almby Trygghetsboende Kök;Tillagning;Kyrkoherdegatan 1;Almby-Ormesta;2007-11-05;7;2024-02-19
35a920df-57da-47b2-8284-bd7be0b93485;Almby Trygghetsboende Kök – Tillfällig lokal;Tillagning;Mejramvägen 111;Sörbyängen;2025-08-26;1;2025-10-15
1b6ec458-42e7-4fad-9b4c-2b1af8c29312;Almbyskolan;Tillagning;Prostvägen 10B;Almby-Ormesta;2007-11-29;9;2026-08-27
8d36ffdc-1986-4504-b68b-fb77fce4eca5;Alnängarnas förskola;Tillagning;Cv-gatan 87;Örebro norr-CV;2021-08-16;6;2026-02-10
816cfd8c-0575-4e2e-a434-e2848af5edae;Amano;Restaurang;Kungsgatan 1;Örebro city;2009-07-08;10;2026-06-04
d45f856e-f8d4-4763-b48f-9a0240dfacd3;Andrahandsbutiken;Café;Örebrovägen 6;Östernärke;2022-09-06;3;2026-06-18
4faedf2f-0060-47b2-893a-793903f9197d;Angelgården;Tillagning;Angelgatan 3;Örebro väster;2008-02-28;4;2026-08-12
4129a28e-1762-4d51-b999-1618fa3d3d84;Anisa glass;Buffert;Författargatan 17A;Vivalla;2024-07-11;1;2024-08-14
9121b551-52b2-4a3d-bea3-263b8e8772ea;Annas matlåda;Buffert;Nytorpsvägen 34;Marieberg-Mosås;2025-11-05;3;2026-05-21
30d07608-aa24-423e-9227-0e21ed8795cf;Apex Brewing Company;Buffert;Skottvägen 24;Hagaby-Ringstorp;2021-10-12;4;2026-08-11
25f07cf4-d1d3-48b8-b5cf-9804862035b6;Apotek Hjärtat ICA Kvantum;Butik;Adolf mörners plan 4;Brunnsgärdet-Lindhult-Nasta;2024-11-07;1;2025-01-29
da8f2ffa-64ed-4782-a5e7-d5ce31354594;Apotek Hjärtat ICA Maxi Boglundsgatan Örebro;Butik;Boglundsgatan 2;Lundby;2015-06-01;2;2026-02-12
01a0d7b8-34a6-4f2e-8d15-7321394bfc50;Apotek Hjärtat Ica Maxi Universitetet;Butik;Sörbyängsvägen 24;Sörbyängen;2015-06-01;2;2025-11-04
56fcb447-506c-40c6-890e-55e9f8630e28;Apotek Hjärtat Järntorget;Butik;Olaigatan 15;Örebro city;2009-02-27;2;2025-09-18
0ccbf867-5ded-4125-ab19-029db07fb94d;Apotek Hjärtat Marieberg Galleria;Butik;Varuvägen 10;Marieberg-Mosås;2013-04-22;2;2025-11-04
fa60c615-042d-4106-907d-3c7285206401;Apotek Hjärtat Olaus Petri;Butik;Ribbingsgatan 6;Örebro norr-CV;2009-06-12;2;2024-04-23
cbdc2270-3562-4bc5-95e6-62a74dc3b5fa;Apotek Varberga;Butik;Varberga torg 1;Varberga-Oxhagen;2026-03-13;1;2026-05-08
b356c2e2-638e-4a37-9767-4897109d62eb;Apoteket Adolfsbergs Vc;Butik;Lindhultsvägen 2;Brunnsgärdet-Lindhult-Nasta;2018-08-29;1;2024-04-23
1d70c273-f8de-4279-be7e-30dec04dc095;Apoteket Kungsgatan;Butik;Kungsgatan 15;Örebro city;2011-07-29;2;2024-04-23
12b750fe-4379-4269-a88a-9c4a67dd22e0;Apoteket Marieberg;Butik;Varuvägen 10;Marieberg-Mosås;2006-06-15;2;2026-03-03
b38d36f1-519f-4cda-9885-0815166e91bf;Apoteket Svanen;Butik;Valstavägen 1;Östernärke;2006-05-30;2;2024-06-18
1bfe9d2a-ba1c-4978-9fd1-a51032853829;Apoteket Tybble Vc;Butik;Sörbyängsvägen 6;Tybble;2011-04-18;2;2024-04-23
8ec6cfb3-abc1-43df-9b2f-42472fd93872;Apoteket Usö;Butik;Södra Grev Rosengatan 18B;Örebro city;2008-05-19;2;2024-04-23
674b4a7b-a348-4c6f-817a-e2bccc93e8aa;Apoteket Våghustorget Örebro;Butik;Våghustorget 3;Örebro city;2017-08-24;2;2024-04-23
86ee0f96-3129-41c2-a66e-1d70e4dadfe1;Apoteket Älgen;Butik;Ringgatan 15;Örebro väster;2006-06-02;2;2026-02-18
4b3003d3-6419-4387-8791-fc76baf35e2b;Apoteksgruppen Haga Örebro;Butik;Vaktelvägen 2;Västhaga-Solhaga;2018-11-08;1;2022-02-02
301325b6-ab34-4042-b129-1b644ff099f2;Apoteksgruppen Örebro Ladugårdsängen;Butik;Storbackavägen 21;Ladugårdsängen;2022-08-04;1;2022-09-09
86cb25d4-4a3a-4125-b439-92c8a442e527;Aptit i Örebro;Restaurang;Flygfältsvägen 10;Latorp-Täby-Vintrosa;2026-02-05;1;2026-04-17
3113c115-a1ec-410b-899d-80282a418603;Arbetsverksamheten;Café;Skomaskinsgatan 6;Brunnsgärdet-Lindhult-Nasta;2021-08-27;3;2025-04-25
8840525a-2b06-458b-b0a0-1de8e2737fb8;Arena Kiosk;Butik;Orvar bergmarks plats 2C;Eklunda-Sörby;2025-12-12;1;2026-02-27
8b56f377-f079-49f4-a2f2-4e47f809fa7e;Aria Minilivs;Butik;Storgatan 48A;Örebro norr-CV;2009-06-25;6;2026-03-11
7a59bae7-83c9-48a1-9750-8b110e7542a0;Art Bar;Restaurang;Olaigatan 11;Örebro city;2018-07-17;10;2026-06-03
715c578c-fb6a-4ba1-9fac-08b82e0ab83c;Asian T4 restaurang;Restaurang;Boglundsgatan 2;Lundby;2026-06-26;2;2026-09-17
d6c7e5e4-70c9-48fd-bfca-46203688a2b3;Asken Förskola;Tillagning;Tysslinge 211;Garphyttan-Närkes Kil;2022-09-09;2;2025-04-24
a91fae53-f2ee-4fa3-99aa-954dca1488e9;Askenäs Vårdboende;Tillagning;Smedjevägen 8;Östernärke;2011-03-30;4;2024-11-27
5b4bdbf7-eb07-4a26-b13e-a7bf37eae7e2;Askenäs vårdboende Kök;Tillagning;Smedjevägen 8;Östernärke;2025-05-13;2;2026-06-25
2c728198-5bd3-45da-99c5-cc95b1cc6da2;Askers Förskola;Tillagning;Askers Kyrkväg 6;Östernärke;2014-02-18;5;2026-06-03
bc8b898a-e9c4-4685-891b-990ec9e4af4c;Askers Skola;Tillagning;Askers Kyrkväg 4;Östernärke;2009-11-04;2;2023-01-26
587ab8a3-efd2-452f-aee4-5e8cfd6d298c;Asmara Restaurang & Bar;Restaurang;Järntorgsgatan 4;Örebro city;2022-10-11;8;2026-09-10
64408397-549e-4dae-b4d5-ead03db126a9;Aspen och Linden Elevboende;Tillagning;;;2008-09-23;2;2025-01-20
16d33bbd-79bf-49bf-ad6c-b32b2e01b53b;Aspholmen Kiosk;Butik;Elementvägen 5;Brunnsgärdet-Lindhult-Nasta;2025-11-21;1;2026-04-09
1af01962-6b0b-4f43-a5f7-4142cb3427fc;Aspholmens Skafferi;Restaurang;Radiatorvägen 2;Brunnsgärdet-Lindhult-Nasta;2019-06-13;10;2025-03-19
f40125be-3c8e-4043-ad46-211040b7071d;Aspretto (bibliotekscaféet);Café;Studentgatan 7;Almby-Ormesta;2017-12-01;4;2025-05-07
902e0928-a7d9-4e57-a233-8b0a3d283d35;Athena-gruppen;Tillagning;;;2020-01-02;4;2025-10-13
30051a1c-d529-48aa-a8e4-659a17d52a90;Aura cafet;Café;Krönikegatan 23;Vivalla;2024-07-16;3;2025-09-17
60d7032c-6f44-46b0-993e-0da0bc2deada;Axfood Närlivs Personalrestaurang;Restaurang;Handelsgatan 5;Brunnsgärdet-Lindhult-Nasta;2009-03-27;9;2025-09-17
0872c231-93b9-4006-83ad-ac51ca1f5077;Baban livs AB;Butik;Poesigatan 20A;Vivalla;2024-09-30;2;2026-02-05
8f580fbd-a40d-44ce-ad13-f1c5db307215;Backagården Förskola;Tillagning;Almsvägen 10;Ekeby-Almby-Hidingsta-Stora Mellösa;2006-09-28;3;2023-09-06
c2c3c4df-4dda-4382-b9ae-fa7dd6662afa;Backagården Vårdboende;Tillagning;Loggatan 1;Ladugårdsängen;2011-11-01;5;2025-10-28
62aeb740-1b85-4345-8344-6aefc1cfbbcf;Bagdad restaurang & pizzeria;Pizzeria;Fredsgatan 18;Örebro city;2025-04-30;2;2025-09-18
3e1efcfa-7578-43a1-9264-aba4c9c27974;Bageri Sonja;Café;Lindbacka 402;Latorp-Täby-Vintrosa;2025-05-05;1;2025-06-19
ebcb1b90-728d-4e42-86a9-ae02571b1d70;Baicha;Café;Drottninggatan 27;Örebro söder;2024-06-11;2;2025-03-05
66f91cd7-01ad-4417-ac55-875e4de02b7d;Banco @ Elektroskandia;Restaurang;Lindvallsgatan 1;Glanshammar;2025-01-29;1;2025-03-27
551b6989-846e-4340-af2d-d7e5ddb817ed;Banger bar;Restaurang;Järnvägsgatan 14;Örebro city;2024-09-13;2;2026-03-05
565187ac-5aa1-4353-a512-785a39db278f;Baobab Restaurang och Pub;Restaurang;Ånstagatan 5;Rosta-Örnsro;2025-04-14;4;2026-07-28
3e931668-1eac-489c-bde6-9f4416f3cf4b;Baptistkyrkan;Café;Parkvägen 4;Ekeby-Almby-Hidingsta-Stora Mellösa;2024-11-07;1;2025-03-19
fb0b8c22-cff2-4661-bbde-3ece5800e70d;Bara Vara;Café;Köpmangatan 24;Örebro city;2009-02-27;6;2025-02-20
2843515b-371a-478a-939d-69aedd70fab6;Barlow Invest AB;Buffert;Rinkaby-solberga 222;Glanshammar;2021-12-27;2;2025-08-19
f4bbdedf-a08a-4edf-aa35-1fdabf657766;Baronbacken livsmedel;Butik;Hjalmar bergmans väg 50;Baronbackarna;2022-05-19;3;2024-08-29
a89b23dc-4214-4040-89b4-8cd2862c9bef;Basta;Restaurang;Trädgårdsgränd 5D;Örebro city;2024-10-09;4;2026-09-24
2e51e3ce-754e-432b-b55e-c33d6e2056c7;Bastard Burgers;Restaurang;Järnvägsgatan 8;Örebro city;2018-11-15;10;2026-09-29
8f946df8-6662-41db-8d18-af053d9f4fde;Bastard Burgers Marieberg;Restaurang;Säljarevägen 1;Marieberg-Mosås;2019-09-12;10;2026-03-03
876fe39d-5c47-476d-a1a0-0c8ff51e9377;Bastransport i Örebro;Buffert;Berglundavägen 2C;Latorp-Täby-Vintrosa;2024-10-09;2;2025-10-30
05f9cd19-e475-4257-bab0-aa9696c616f8;Beanaut Coffee Roasters;Buffert;Norensbergsgatan 84;Örebro öster;2022-07-14;3;2025-05-06
066bae97-86f9-412a-98db-7bdede64cb8d;Beans in Cup;Buffert;Osmundgatan 10;Baronbackarna;2018-03-01;2;2025-02-20
0fabe308-c20b-4f45-ae5c-869c8b72a5d9;Behrn Arena Bandy;Café;Orvar Bergmarks Plats 3;Eklunda-Sörby;2006-11-01;4;2025-11-03
890c0304-8093-495c-a828-7af25ebb135c;Behrn Arena Fotboll;Restaurang;Rudbecksgatan 52G;Eklunda-Sörby;2022-05-14;2;2025-11-19
36f4688b-b4c1-49c9-9a3e-6a0bf41ab57a;Behrn Arena Ishockey;Restaurang;Orvar Bergmarks Plats 5;Eklunda-Sörby;2012-08-27;6;2025-10-21
5fdab512-3a7d-41d9-88dd-97b041dc3bb4;Bella Vita;Restaurang;Adolf Mörners Plan 1C;Brunnsgärdet-Lindhult-Nasta;2026-03-11;1;2026-07-21
7a618b5b-8ea8-4bbd-b120-96665b506cd2;BEMAKERS APS;Buffert;Valltorpsvägen 17;Marieberg-Mosås;2026-04-01;1;2026-09-28
a74d85e2-ba99-4163-b2a3-61532fcb26fc;Bengts Åkeri I Örebro AB;Buffert;Vagngatan 19;Latorp-Täby-Vintrosa;2017-03-20;2;2025-07-31
54ee49c5-b870-4618-b9ef-2847fb1393ff;Berggården;Tillagning;Berggatan 48;Örebro norr-CV;2022-05-11;3;2025-12-19
065829a6-f6a7-4f77-a088-f00461420b05;Berglundas restaurang;Restaurang;Berglundavägen 16;Latorp-Täby-Vintrosa;2024-05-07;2;2026-09-08
5a0689ff-4976-436e-a92f-c3a402e4bc1e;Berra Burra - Norr City;Restaurang;Klostergatan 31B;Örebro city;2026-02-26;2;2026-06-24
bb3a5ecf-ed92-4827-ab73-b15569acf1cc;Berra Burra - Öster;Restaurang;Rudbecksgatan 125;Almby-Ormesta;2023-05-11;4;2026-08-12
59e76c67-5ae9-452d-8257-c6921df4bca8;Best Western Eurostop Örebro;Restaurang;Boglundsgatan 2;Lundby;2016-01-01;10;2026-09-01
5ac91b8f-a9f7-4ddf-b3f3-e9f19bf779a5;Bettorps förskola;Tillagning;Bocktörnevägen 1;Lillån;2021-11-23;4;2026-09-09
f1c05306-9433-446d-bd4f-7353a9e76a81;Biltema i Örebro;Café;Ozongatan 3;Lundby;2013-04-08;9;2026-03-20
edb87276-67ea-4981-912b-da24480a712b;Birdie´s;Restaurang;Hjortstorpsplan 1;Rynninge-Grenadjärstaden;2026-09-15;0;
ad7cf7fe-85bf-43b9-990f-5caebe90968e;Birgittaskolan;Tillagning;Lagmansgatan 19;Örebro öster;2006-12-05;5;2026-03-18
e5eac66a-47ff-4356-93ca-de3184b6df81;Bistro I;Café;Propellervägen 5;Örebro söder;2021-05-19;2;2023-04-18
dbb96d7b-15a3-4229-84ec-88e642e84596;Bittinge Gårdsbutik;Butik;Bittinge 221;Ekeby-Almby-Hidingsta-Stora Mellösa;2015-04-03;4;2026-06-11
61d9933d-f385-404b-a7d1-902b22024135;Björkhaga pizzeria;Pizzeria;Sigillgatan 2;Mellringe-Björkhaga;2026-01-09;1;2026-02-25
8c98996f-2bca-43ba-9c32-a45c5e159124;Björkhaga stuga;Café;Lännäs 1312;Östernärke;2021-01-14;4;2025-06-18
5a205e2f-c4dd-4a4e-a2df-3c7a65722adb;Björkhagaskolan;Tillagning;Frimärksgatan 2;Mellringe-Björkhaga;2007-11-30;7;2025-04-17
f4925a90-496f-45d2-a9b0-438ab3da4c66;Blackstone Steakhouse Örebro;Restaurang;Storgatan 3;Örebro city;2022-02-21;5;2026-09-10
3e7391bc-f86a-49b6-9671-d4b07274fc8c;Blomsterlandet Marieberg;Butik;Firmavägen 4C;Marieberg-Mosås;2018-10-20;2;2026-08-31
6ef706fb-b992-4447-b44f-b83e3828e249;Blomsterlandet Österplan;Butik;Tingslagsgatan 7;Almby-Ormesta;2018-10-20;2;2025-05-14
2f8b1c1c-b10b-4726-a942-debf7e82f59b;Blå Bergen;Restaurang;Röcklinge 430;Garphyttan-Närkes Kil;2014-05-12;5;2025-05-22
4c4f329c-da37-4fc3-a7f1-472ba38427ee;Blåklinten Förskola;Tillagning;Irisgatan 106;Mellringe-Björkhaga;2007-06-01;7;2025-08-21
76381b43-6096-4f72-b77e-d9738a11f8f5;Blåmesen Förskola;Tillagning;Hagagatan 55B;Västhaga-Solhaga;2018-09-07;5;2025-06-03
8f98f927-963d-4ce8-b656-fa583c17c838;Blåsippan Förskola;Tillagning;Varbergagatan 221;Varberga-Oxhagen;2016-02-24;8;2023-09-18
099244e8-ceb0-478a-939b-2df6b61d5485;Bolinders Gårdsbutik;Butik;Via 529;Östernärke;2020-09-11;1;2021-12-13
a3c44264-3821-420e-93df-75f33945c677;Boulebar;Restaurang;Slottsgatan 6C;Örebro city;2017-02-21;10;2026-05-28
e79cf04f-f235-4f1f-874f-4b6cd7ac6a5c;Boängsgårdens fårgård;Buffert;Fällersta 510;Ekeby-Almby-Hidingsta-Stora Mellösa;2012-10-22;4;2025-10-09
e8ccf30f-e614-4edf-a959-f222c3b4d80e;BraBom AB;Buffert;Evedalsvägen 8;Brunnsgärdet-Lindhult-Nasta;2022-05-27;2;2025-08-26
9ca3155b-c60d-4dfe-a86e-da702599ab96;Brevens Café;Café;Bruksgatan 15;Östernärke;2026-05-27;2;2026-07-07
fd76c0ce-1f94-4d27-a6a7-eb9ff2eb7f41;Brevensgården;Restaurang;Smedvägen 2;Östernärke;2022-05-02;6;2026-05-15
5ab32238-95e9-477e-b45d-a3779332ccbe;Brickebackens Pizzeria;Pizzeria;Granrisvägen 23;Brickebacken;2025-03-03;5;2026-09-09
4b19ff33-651e-45b5-b7b3-8869b413e348;Brickebackens Skola;Tillagning;Björkrisvägen 18;Brickebacken;2007-05-22;9;2026-01-15
8cb2537e-188e-49ad-9123-b6107c2df299;Brolyckan Kök;Tillagning;Tulegatan 10;Örebro väster;2008-10-20;3;2025-05-27
41c641c5-df7f-4794-a20d-61ddf178cd18;Bromanders får och rekreationsgård;Buffert;Ringaby 427;Glanshammar;2020-05-12;2;2024-09-27
401d30d3-0398-4a60-a213-da102968d67d;Brukets Skola;Tillagning;Lertagsgatan 12;Markbacken-Västra Mark;2008-03-31;3;2025-09-11
ae457d57-8040-4815-883e-03d931fc12e4;Brunnsskolan;Tillagning;Brunnsgärdesgatan 14;Brunnsgärdet-Lindhult-Nasta;2012-12-31;8;2026-04-07
11336b6c-85e3-408a-ad4b-75bf5b2095f4;Bryggan;Tillagning;;;2021-08-16;2;2023-06-07
4bfe182b-3d29-485c-9479-6b71f7ba684d;Bud-Bilen i Örebro AB;Buffert;Maskingatan 8;Almby-Ormesta;2011-11-07;3;2025-09-26
e7ccb60c-0bfe-4149-a58f-332c78bb9762;Budpartner Örebro AB;Buffert;Karosserigatan 7;Hagaby-Ringstorp;2015-02-01;2;2026-08-25
f74725ac-ff6d-45ae-883e-aef1fe64d55a;BullarByn;Café;Södra valla 422;Garphyttan-Närkes Kil;2026-02-04;0;
7d804446-1693-40ee-8335-b771a7651476;Bullis På Öster;Café;Restalundsvägen 2;Eklunda-Sörby;2016-11-09;7;2026-03-19
9c85e1ab-2eeb-4152-8e36-935e1e8c4d2a;Buono Bistro;Restaurang;Engelbrektsgatan 10B;Örebro city;2015-10-21;7;2025-08-20
ce01d156-39e7-4711-ad39-590e07f38ee2;Burger King Drottninggatan;Restaurang;Drottninggatan 26;Örebro city;2025-12-18;1;2026-01-27
0ddc6579-3e02-4670-bd19-c230dfaa6fab;Burger King Eurostop;Restaurang;Monologgatan 3;Lundby;2025-12-18;1;2026-02-12
cd9f854b-235d-465a-bb27-d2d748a9a20e;Burger King Marieberg;Restaurang;Varuvägen 1;Marieberg-Mosås;2025-07-30;4;2026-09-15
902d684c-fedf-4056-956c-e1920a4cfc6c;Byblos Market;Butik;Bromsgatan 3;Örebro norr-CV;2025-09-15;2;2026-03-11
bf623123-b842-4073-87a3-3449a403d182;Bäcks Bed & Breakfast - nyregistrerad;Buffert;Bäck 517;Latorp-Täby-Vintrosa;2026-09-16;1;2026-09-07
de3c565d-61ec-4019-a3f7-6204336fb964;Bäcks Bed And Breakfast;Buffert;;;2007-09-13;1;2021-08-24
7cc7569e-faa9-4f5d-8928-24a6596f4bb7;Cafe la sockertoppen;Restaurang;Travbanevägen 10;Marieberg-Mosås;2026-06-05;1;2026-08-12
321a9bb9-d624-47ae-a042-c0f48d4191b6;Cafe Lespresso;Café;Drottninggatan 29;Örebro söder;2007-05-29;6;2025-09-09
142989a9-534f-4940-a08d-af25b0c084e4;Café & Restaurang Spring;Restaurang;Södra Grev Rosengatan 42A;Örebro norr-CV;2021-08-23;8;2025-05-26
9e5eaad1-5a7a-4fbd-ac7e-2a0a60272fef;Café Bakfickan;Café;Södra vinön 146;Östernärke;2023-06-07;3;2026-08-05
11979931-18d6-4d9b-878b-a9190d93a453;Café Bingo 8:an;Café;Stortorget 8;Örebro city;2025-06-19;1;2025-08-11
557a9b3b-fec1-485e-8696-b4f65f5688fa;Café Brickan Föreningen Trädet;Café;Björkrisvägen 18;Brickebacken;2009-12-01;7;2026-05-06
66ef05da-eb75-4b46-8507-ec1496049cfa;Café Deed;Café;Järnvägsgatan 8;Örebro city;2017-03-20;5;2025-06-12
b79bc035-6fe7-43f4-8a68-558ea1e3680b;Café Engelbrekt;Café;Wadköpingsvägen 15;Örebro öster;2012-08-01;3;2025-02-07
88cce40b-d0d0-4aae-9ff5-da57846c83c7;Café Innova;Café;Tullängsgatan 7;Örebro söder;2008-10-03;3;2024-03-11
18516294-8ca8-4196-b058-ba59f0c54e5b;Café Karlslund;Café;Gäddestavägen 3;Mellringe-Björkhaga;2025-12-11;1;2026-01-15
56ea41b8-fc75-4970-9f06-cb44f7995af3;Café Kexboden;Café;Ribbingsgatan 1;Örebro norr-CV;2007-09-21;5;2026-08-21
1b3f3037-bc15-4d75-9b5c-6d7ea5848c53;Café M&M;Café;Oskarsparken 10;Örebro öster;2018-09-27;6;2024-05-15
20156de8-f4c5-4d25-9faf-6adee854db30;Café Nikolai;Café;Nikolaigatan 8;Örebro city;2017-12-22;3;2025-05-15
8a88387c-1a3f-4d2c-97e8-262b10e007f6;Café Regnbågen;Café;Brunnsparken 1;Brunnsgärdet-Lindhult-Nasta;2019-05-03;2;2026-09-22
a9ea1f28-f0b8-4131-9958-585ee0aa0d76;Café Rådhuset;Café;Drottninggatan 9;Örebro city;2014-11-05;4;2025-01-24
a8d46eb1-1e1c-42ed-809f-25a1f0a91f2b;Café Skogen;Café;Sörbyvägen 15;Adolfsberg;2009-05-15;3;2025-03-26
f34a4fef-b77e-418a-b6ea-72b9b994b6a6;Café Stadsparken;Café;Floragatan 1C;Örebro öster;2025-08-06;2;2025-08-12
ee55175b-e667-4bb6-bc57-792b4a595244;Café Svanen;Café;Rånnesta 256;Garphyttan-Närkes Kil;2007-04-03;3;2023-06-28
8ca24180-943f-4060-aa35-f04a1151f967;Café Vivalla;Restaurang;Poesigatan 20A;Vivalla;2019-02-28;8;2026-04-29
052dfb6f-9353-4322-bd11-b611e60f1ebb;Café Västra Engelbrekt;Café;Hjalmar Bergmans Väg 3;Holmen-Hjärsta;2013-01-01;4;2024-04-24
077ff9c8-2d52-4ff3-b326-689e3113391a;Candy World & King of snus;Butik;Säljarevägen 5B;Marieberg-Mosås;2024-01-16;1;2024-08-16
3e147f78-a4a6-4928-a64a-99d98d03eed8;Cantina N.3;Restaurang;Näbbtorgsgatan 3;Örebro söder;2018-12-01;3;2022-11-18
95dda9fb-22a3-45d5-9a07-e5a8c1220ce0;Castello Restaurang och Pizzeria;Pizzeria;Fatbursgatan 1;Ladugårdsängen;2018-02-01;10;2026-04-01
e7fc622f-fffb-44e3-9f59-f82a0a84d8f3;Ceciliagården;Tillagning;;;2021-07-01;3;2025-09-04
862df444-b646-4c01-b505-3e48ed415f2d;Centia’s cookies;Café;Porfyrvägen 28;Lundby;2026-07-08;0;
0c628d2c-6426-4421-aa1f-3fe4cf56c3bf;Chandani city;Restaurang;Kungsgatan 4;Örebro city;2014-03-14;10;2026-08-25
9a53e637-a434-43be-b577-18c2d77a6878;Chandani Österplan;Restaurang;Österängsgatan 12;Örebro öster;2024-03-05;2;2025-08-27
516cb5ba-d017-45a5-a8f7-623d058bebe2;Charlies Lemonadbryggeri AB;Buffert;Södra gårdens väg 9;Brickeberg-Norra Bro;2025-05-05;1;2025-10-07
7816f728-0249-4cf1-ba7d-8cf63f08f7ae;Chicce Slottsgatan;Restaurang;Slottsgatan 8A;Örebro city;2022-06-29;8;2026-09-23
a6fee9fe-3d4d-42ad-8268-c2335fca69a0;Chicce Stortorget;Restaurang;Stortorget 7;Örebro city;2021-07-01;10;2025-03-26
36b06e23-cbd4-4cf0-8563-adf00abdb61f;Choklad Buketten;Buffert;Sidvägen 3;Almby-Ormesta;2026-07-22;0;
1995d90f-1535-4dc5-9b40-99de8b074466;Chopchop;Restaurang;Drottninggatan 27;Örebro söder;2017-01-26;10;2026-09-17
1379898b-de3d-47f8-85f1-f76fe02121f5;ChopChop Eurostop;Restaurang;Monologgatan 1;Lundby;2020-08-06;10;2026-09-28
449af245-70b7-4f82-ad28-dee83d779931;Christinas Gästgifveri;Restaurang;Ervalla 257;Ervalla-Ölmbrotorp;2016-11-15;3;2025-03-11
5f78a146-49a7-47fb-a61e-919a6a2eb370;Circle K Almbyplan;Butik;Almbyplan 2;Almby-Ormesta;2015-08-18;5;2026-02-24
322814a6-25bd-4d37-b5dd-da1799ed60f3;Circle K Eurostop;Butik;Boglundsgatan 2;Lundby;2007-08-22;6;2026-08-24
ef65aa3f-91e9-48b4-b0c6-a538cdf60622;Circle K Svampen;Butik;Dalbygatan 2;Hagaby-Ringstorp;2021-10-01;4;2026-01-27
6242df1d-8916-4796-9a91-06330a2d4d53;Circle K Västhaga;Butik;Västhagagatan 1A;Västhaga-Solhaga;2008-05-26;6;2026-02-03
c76e5a44-ff36-433e-bbd4-b37f865d0ea9;City Hotel;Restaurang;Kungsgatan 24;Örebro söder;2015-01-31;9;2026-04-15
882445c7-bcdb-45f6-bb74-04298e79e7d3;City Hotel / Svensk Husman;Restaurang;Järnvägsgatan 22;Örebro city;2024-07-25;3;2026-09-10
d014811e-285a-4606-9908-317ac76b2602;City Konferenscenter;Café;Klostergatan 23;Örebro city;2008-12-05;3;2025-01-22
9b2b5636-7e5c-4494-b4c6-7eb64e56ec9c;City pizzeria;Pizzeria;Storgatan 48A;Örebro norr-CV;2023-04-17;5;2026-03-25
b365313c-cf5c-4783-a9b0-59666bbdcfc3;City Sweet;Café;Storgatan 17;Örebro city;2019-12-13;10;2026-09-03
a1ed5942-3632-4332-9964-c996990caaf3;Clarion Hotel;Restaurang;Kungsgatan 14;Örebro city;2006-11-28;10;2026-08-25
dd355af0-82b7-44f4-9278-f3fc2d7661e6;Clas Ohlson, Krämaren;Butik;Drottninggatan 29;Örebro söder;2017-10-16;2;2025-10-21
41d7c5c1-bced-43da-9f67-f5ba4723ba90;Clas Ohlson, Marieberg;Butik;Säljarevägen 1;Marieberg-Mosås;2017-10-13;2;2025-06-23
2d3d5131-4410-40aa-b3a2-c508e0996cee;Clyro;Buffert;Stenfalksgatan 16;Västhaga-Solhaga;2024-11-07;1;2025-01-20
9dac1999-8c6f-4fc8-a453-ee7e824097b6;Colosseum;Restaurang;Varbergagatan 258;Mellringe-Björkhaga;2019-02-12;3;2025-05-25
72f8ee52-9ef7-41d2-a861-5b81f96b39e7;Conventum Arena;Restaurang;Fabriksgatan 28;Örebro söder;2008-03-11;2;2023-08-01
fce16d27-84e0-4efe-84c1-4e0d0847f97c;Conventum Konferenscenter;Restaurang;Näbbtorgsgatan 5;Örebro söder;2004-03-23;10;2026-05-26
84b5658c-920e-42a5-aadd-cf976e178b6c;Coop Forum Marieberg;Butik;Säljarevägen 3;Marieberg-Mosås;2021-07-09;7;2026-08-20
a7649cfa-b0b1-4815-80dc-513042d4e1f4;Coop Garphyttan;Butik;Kilsvägen 1;Garphyttan-Närkes Kil;2007-09-25;5;2025-08-13
ded13dd1-1cd1-42eb-a81e-6d6a06c34d5e;Coop Ladugårdsängen;Butik;Stenbackevägen 20A;Ladugårdsängen;2021-07-09;10;2026-04-20
627c53e2-0561-436b-bc5a-df079d13582e;Coop Rosta;Butik;Västra Vintergatan 11;Rosta-Örnsro;2018-12-01;5;2026-07-28
9ff7be8a-c9c8-4922-a830-5fef5757770a;Coop Svampen;Butik;Höglundagatan 17;Rynninge-Grenadjärstaden;2021-07-09;2;2024-09-19
bc61efba-0832-4f29-aa25-55adb3e4193f;Coop Änggatan;Butik;Änggatan 32B;Örebro söder;2018-08-23;4;2026-01-23
9f5539aa-b23e-4992-a51c-b556bb961848;Coop Österplan;Butik;Österängsgatan 2B;Örebro öster;2021-07-09;5;2026-06-16
881c6a84-2069-4a55-9d9c-16c227060fd9;CozoCoffee;Buffert;Lindbacka 403;Latorp-Täby-Vintrosa;2020-03-30;7;2025-06-19
3b41fc04-3363-4549-8e83-13a2047653e6;CV-Matstudio;Restaurang;Södra grev rosengatan 27;Örebro norr-CV;2025-12-23;1;2026-03-09
f623f4c0-b1fc-4d28-b7f7-b3c8a3b05e05;Cédre de Beirut;Restaurang;Rudbecksgatan 7;Örebro söder;2026-01-28;2;2026-06-24
0f15c885-d68d-4ea5-beff-cb83ab09f767;Dagab Inköp Och Logistik AB;Buffert;Handelsgatan 5;Brunnsgärdet-Lindhult-Nasta;2016-04-21;9;2026-06-16
96e2787f-a38d-4aab-9e3f-cab7ef7b3ac5;Daglia;Tillagning;Stubbengatan 2;Rosta-Örnsro;2023-07-01;3;2025-11-11
92983692-0820-42eb-8557-5362891d35ff;Dahlialand by Hagtorp;Buffert;Vintrosa-götavi 284;Latorp-Täby-Vintrosa;2026-08-28;1;2026-09-11
0b951373-2b2a-41e2-8a32-e887f30c458c;Daltons Golf & Dart Saloon;Restaurang;Rudbecksgatan 131;Almby-Ormesta;2026-05-08;0;
7d41d232-1aad-4f9d-82fa-d325c106e990;Daniel Karlsson Transport AB;Buffert;Johansdalsvägen 12G;Marieberg-Mosås;2017-06-15;4;2026-03-24
3edef696-0d86-4aee-870d-5b7a3c5d342a;Dannes Restaurang och Pub;Restaurang;Klostergatan 7;Örebro city;2013-04-01;10;2026-01-30
e724c56b-c4b0-435e-897a-7b4ed1ecc113;David Zetterlund transport AB;Buffert;Pilängsgatan 15;Latorp-Täby-Vintrosa;2025-05-12;1;2025-06-17
c20097ac-3c99-4496-9b24-e606f507ef08;Delibake;Buffert;Grusgropsvägen 2;Marieberg-Mosås;2016-01-05;5;2026-09-21
019a40ac-c708-4e1d-be7c-e82cd1366a4b;Den gode herdens kapell;Café;Björkrisvägen 18;Brickebacken;2023-09-13;3;2025-03-12
b145b63c-17b7-44e5-90fd-928e68c65c41;DGTS;Buffert;Sörbyängsvägen 33K;Sörbyängen;2026-02-25;0;
347e31d5-2991-4f10-bdec-80424c54fccf;Dhl Freight Terminal Tbo Örebro;Buffert;Paketvägen 10;Marieberg-Mosås;2015-05-30;2;2024-11-19
20db1dde-fe95-4da5-a969-ec0065d4d5f3;DHL Supply chain;Buffert;Paketvägen 1;Marieberg-Mosås;2022-02-14;2;2025-11-17
47fcb7bf-fc6f-4ccb-ad08-63a85bc19b0d;Dibber Västra Mark förskola;Tillagning;Karlsgatan 58A;Markbacken-Västra Mark;2020-09-18;3;2025-06-09
49575954-e875-40c6-80c0-7e370c743ffc;Dilo Grossen;Buffert;Norrgatan 25;Örebro väster;2025-11-11;1;2026-01-08
90ed0962-0bb8-4a7c-b441-99e6f72a921c;Din Mässpartner;Buffert;Tingstorp 424;Ervalla-Ölmbrotorp;2013-04-04;1;2025-09-26
37f8e220-c92f-4973-9c75-b923d70e8d78;Direktbud I Örebro AB;Buffert;Evedalsvägen 6;Brunnsgärdet-Lindhult-Nasta;2017-04-11;2;2024-11-12
4e9d39f4-aafe-4a3c-b41f-3b1fcfc38418;Direkten Nöje;Butik;Drottninggatan 40B;Örebro söder;2012-08-30;2;2025-11-05
7b00f673-a562-41b9-a281-5e285e470c90;Dirty Taco Örebro;Restaurang;Engelbrektsgatan 10A;Örebro city;2022-07-19;10;2026-04-01
d8368ef1-7647-4e17-ab21-2ba46ae94283;Dollarstore;Butik;Saluvägen 2;Lillån;2017-07-07;3;2026-05-21
5d493a35-c366-4a33-8f46-18627dd64d1d;Dollarstore Marieberg;Butik;Säljarevägen 3B;Marieberg-Mosås;2021-05-25;2;2026-04-21
cdb7a3ab-f1b1-496a-9f68-3ea5a4c91fa2;Double Dice Brewery;Buffert;Tångsätter 364;Östernärke;2026-04-15;0;
3686183a-f825-4b78-9276-e990b0f10fae;Downtown Grill;Pizzeria;Kungsgatan 6;Örebro city;2019-06-19;6;2026-08-19
2ca67bc1-a5c8-4ef0-85c7-f1d0a6bf37c3;Doz Apotek Örebro Almby;Butik;Tingslagsgatan 20A;Almby-Ormesta;2012-03-19;1;2022-02-02
55b331db-961a-4f9c-92c4-c007afd560b8;Drakenbergsskolan;Tillagning;Drakenbergsgatan 77;Tybble;2017-01-25;8;2026-02-16
965d0463-f00e-4668-bbc5-258a1c3d4f54;Drottning Blankas gymnasieskola;Tillagning;Västra bangatan 21;Örebro väster;2019-09-26;3;2023-05-10
62d5622c-ef0f-43d7-afe4-8a06b8f930d8;Drypantry;Buffert;Gustavsviksvägen 1B;Örebro söder;2025-01-16;2;2025-02-28
d90743e8-66f7-4be3-89a1-0f68ff7d607a;DSV Road AB Krangatan;Buffert;Krangatan 4;Brunnsgärdet-Lindhult-Nasta;2010-02-15;3;2025-11-12
508774e3-8847-4427-87e6-3cbf757c71a9;DSV Road AB Lastgatan;Buffert;Lastgatan 1;Latorp-Täby-Vintrosa;2026-02-12;1;2026-03-06
eeaef32f-bece-45dd-88db-5aef3df84fe1;E. V. Eriksson Transport AB;Buffert;Stångjärnsgatan 4;Baronbackarna;2025-02-28;1;2025-05-05
4ffc852e-c40b-4529-9571-79fa0b11588f;Ebbas trädgård;Café;Dömmesta 116;Ekeby-Almby-Hidingsta-Stora Mellösa;2022-06-10;5;2026-07-23
a34d8671-8398-4de3-acf2-a5150eec14f4;Ecope;Buffert;Bistagatan 10;Brunnsgärdet-Lindhult-Nasta;2022-11-01;2;2025-12-11
d8e09c2c-4a91-4540-b084-4cb2a23efa00;Edessa;Restaurang;Nejlikegatan 2;Mellringe-Björkhaga;2026-02-20;1;2026-04-27
24fe668f-ae30-4720-b04d-dcc66093ad8f;Ekebergabacken Förskola;Tillagning;Sikvägen 11;Ekeby-Almby-Hidingsta-Stora Mellösa;2006-08-09;6;2026-03-11
cc17f855-dd69-4693-b1ed-458731513541;Ekeby-Almby gruppbostad LSS;Tillagning;;;2019-05-31;3;2026-07-01
5c3ce065-de2d-42f5-8f75-63833a84c285;Ekeskolan;Tillagning;Eriksbergsgatan 3;Brunnsgärdet-Lindhult-Nasta;2010-06-28;4;2025-05-06
d3eabc7d-77a1-4706-86d9-1904d863a268;Eko Stormarknad;Butik;Varuvägen 2B;Marieberg-Mosås;2018-10-26;10;2026-04-21
76a15049-764e-4f05-acb6-ee0330af20bd;Ekobutiken i Stadsträdgården;Butik;Floragatan 1;Örebro öster;2018-03-19;2;2024-06-17
7f485adc-d31c-4697-9ace-82026b7361f7;Ekängens Förskola;Tillagning;Pålsbodagatan 26;Eklunda-Sörby;2011-06-01;6;2025-02-11
bc9b4a9b-a174-4ca6-8df7-3929aba73d0d;Eleganza;Restaurang;Stubbengatan 2;Rosta-Örnsro;2025-08-20;1;2025-11-07
8d1e1393-b0ac-49d2-b32e-fd899117d74a;Elevboende-Restalund;Tillagning;Restalundsvägen 29;Eklunda-Sörby;2026-03-27;1;2026-09-30
c46a35d5-cb17-4ba0-af67-308e2e1d1c11;Elgströmska Huset;Tillagning;Mellringevägen 106;Mellringe-Björkhaga;2013-12-01;10;2025-11-13
c38738e6-767a-42ef-9f2c-9df215f2f4d8;EM Praliner;Café;;;2022-08-19;2;2025-03-26
5642e02a-ad98-493e-960f-2efe490adf1a;Emads goda oliver;Buffert;Västra nobelgatan 27B;Örebro väster;2023-03-15;7;2026-01-30
84d3c20e-85ff-4f47-9d10-3214560cf576;Emilia Förskola;Tillagning;Varbergagatan 256;Mellringe-Björkhaga;2006-05-30;7;2025-04-10
3897d648-8f64-4b07-b27b-75298e9a0e8c;Emmas choklad;Buffert;Bondevrak 662;Ekeby-Almby-Hidingsta-Stora Mellösa;2024-05-03;1;2024-06-19
21307050-22a3-4617-918f-0ee6c8f5ebcb;Engelbrekts Kvarterskrog;Restaurang;Engelbrektsgatan 72;Eklunda-Sörby;2011-03-10;10;2026-04-23
8ed2ac0d-c59a-4ae0-a433-89e2cb258f0d;Engelbrektsskolan;Tillagning;Wadköpingsvägen 17;Örebro öster;2012-08-01;9;2026-05-06
0c9bb133-415c-4f0f-b6c3-cf491743ee40;Engelska Skolan;Tillagning;Hagmarksgatan 39;Almby-Ormesta;2005-09-14;10;2025-09-16
6a488e4a-294b-4c58-94d8-b92830488234;Engelska Skolans Café;Café;Hagmarksgatan 39;Almby-Ormesta;2008-01-16;3;2023-05-08
a5ed18cd-1ed8-44bf-a5d9-87ce4178b3c6;Entréskolan tillagningskök;Tillagning;Hagagatan 51A;Västhaga-Solhaga;2024-06-12;2;2025-12-18
29e4ff5f-3c1a-4d63-b86c-797db996f273;Equmeniakyrkan Betania;Restaurang;Venavägen 21;Rynninge-Grenadjärstaden;2022-08-25;2;2025-05-15
9cb44e38-5333-4990-a35e-2563df869c8b;Erikshjälpen Second Hand;Café;Åbyvägen 1;Brunnsgärdet-Lindhult-Nasta;2012-03-28;5;2026-02-27
8c8a0620-e8be-4702-be86-2e6f1b834ce4;Eriksholm;Café;Rånnesta 405;Garphyttan-Närkes Kil;2012-09-10;3;2025-09-04
8f35f07f-4a29-4ef7-8d8d-bd74e493f950;Ervalla Förskola;Tillagning;Frövivägen 4;Ervalla-Ölmbrotorp;2006-09-18;3;2025-06-05
eb735ef1-af3f-4dc6-8e2c-15181f7e5794;Ervalla Skola;Tillagning;Frövivägen 4;Ervalla-Ölmbrotorp;2009-01-27;3;2025-06-05
a8f61fdc-adec-440d-a7ee-7e1314a067b8;Espresso House Centralstationen;Café;Östra Bangatan 1;Örebro city;2016-08-08;10;2026-03-12
5f9b04e9-18d6-4294-936b-a5e76183c747;Espresso House Marieberg;Café;Varuvägen 10;Marieberg-Mosås;2008-12-05;5;2025-01-22
6b4afa84-bdc3-4f67-bc67-de3cba9c6316;Espresso House Stortorget;Café;Köpmangatan 5;Örebro city;2009-04-24;10;2026-04-22
7d090950-4143-40e1-ba6f-395c2f22ec9b;Espresso House Våghustorget;Café;Våghustorget 1;Örebro city;2016-07-07;5;2025-02-11
95c74f4d-06f7-4e97-b117-b7b380bd231a;Esters bageri;Café;Rynningegatan 17;Örebro norr-CV;2024-09-26;2;2024-11-06
533aea9e-4a80-4832-b132-1562babdec92;Ett Bord;Buffert;Älvtomtagatan 14C;Rosta-Örnsro;2025-10-22;1;2026-01-12
478a97b3-26fe-4bdd-905b-6543f48a36a8;Evelinas pizzeria;Pizzeria;Saxons Väg 2;Brickeberg-Norra Bro;2008-08-21;10;2025-10-01
045debc5-f5b7-42ed-829f-56487f725200;Exacta Logistics AB;Buffert;Valltorpsvägen 17;Marieberg-Mosås;2026-02-19;1;2026-06-04
af1bcaa3-be8c-4243-a772-ec1f2048bd5a;Existens Maximum Metodiken;Buffert;Skomaskinsgatan 6;Brunnsgärdet-Lindhult-Nasta;2008-03-11;5;2025-10-17
e8a7d48f-dcf3-4402-8ec5-f243e4fd103c;Eyra café & bistro;Café;Eyragatan 1B;Eklunda-Sörby;2025-11-26;1;2026-01-21
f26df275-b8e4-4b9b-8fdd-92c9402f0866;Fagermons Åkeri & Lantbruk;Buffert;Fagermon 316;Ervalla-Ölmbrotorp;2025-05-20;1;2025-07-16
c99d1da0-6562-444f-ba6e-24cfa5558d97;Falafel King;Pizzeria;Olaigatan 11;Örebro city;2023-05-19;7;2026-07-20
16b4de39-2d17-46ff-80e1-d69eeeb98f2c;Fasanens Förskola;Tillagning;Vaktelvägen 1;Västhaga-Solhaga;2006-09-12;7;2026-04-16
4c83a8a7-cf33-488a-bcc1-93a79893804d;FATCUZ;Restaurang;Klostergatan 13;Örebro city;2019-10-02;8;2026-02-27
06b904ae-47f9-44df-a59e-558eb7ad4e76;Fatets elevboende;Tillagning;;;2021-09-02;2;2024-11-18
e45d5b16-c9aa-460d-bcb5-50a335acb679;FavoriOne;Butik;Löre 404;Glanshammar;2022-05-09;2;2024-07-04
06ccc250-f2df-400f-9cfb-40c16e2f6f4f;Filmstaden;Butik;Drottninggatan 6;Örebro city;2010-06-15;2;2025-12-09
8f6be88e-c40e-4092-8c07-0a3ace8233f3;Flying Tiger Örebro;Butik;Köpmangatan 18;Örebro city;2022-10-11;1;2022-12-07
06b13b6d-e18c-4599-8e0b-8d49b6aef6b7;FM Grossist;Buffert;Markörvägen 13;Hagaby-Ringstorp;2026-04-22;1;2026-06-18
8819cd21-979f-4ef1-ac91-77ab8660ec32;FMH Transport i Örebro;Buffert;Berglundavägen 12C;Latorp-Täby-Vintrosa;2018-07-17;2;2025-08-27
04d36edc-6166-4a09-9461-41d3ba02b413;Foajén;Restaurang;Fabriksgatan 2;Örebro city;2021-07-01;3;2025-04-02
82666f5b-6baa-4c80-a040-6829480c855c;Folkets Bar & Bistro;Restaurang;Nygatan 19;Örebro city;2025-11-03;1;2026-02-12
8c5f7a2b-0f76-4746-92dd-56a4451f71f4;Fontänhuset;Tillagning;Målgatan 13;Eklunda-Sörby;2009-06-24;6;2026-08-19
4ad3c699-ddde-480e-9d67-e4c5f8547ce2;Food Station;Pizzeria;Östra bangatan 1;Örebro city;2020-10-01;10;2026-09-10
4fabc5d5-d9a5-4b30-ac91-0c65a7a1aefa;Foodora Market Örebro;Buffert;Järnvägsgatan 9;Örebro city;2021-10-26;4;2026-08-20
99f1bbff-e4ec-4ab8-b847-ed641127cf08;Fratelli;Restaurang;Stortorget 8;Örebro city;2020-09-08;10;2026-05-07
fe296afe-4368-469b-ac88-89c134f7bc4a;Frendo Brickebacken;Butik;Saxons väg 2;Brickeberg-Norra Bro;2014-04-15;10;2026-09-21
51a54730-6928-4435-92f0-7e4900c45418;Frendo Mellringe;Butik;Nejlikegatan 2A;Mellringe-Björkhaga;2011-12-08;5;2024-06-03
9b748ac0-50a5-4289-be4b-f600fffe5751;Fresh Food;Restaurang;Slottsgatan 6B;Örebro city;2017-08-03;7;2026-07-23
d1a9324a-e42b-4084-8796-4d165d4207df;Fresh Food Pilängen;Restaurang;Västra Vagngatan 1A;Latorp-Täby-Vintrosa;2021-04-21;6;2026-07-29
c634b826-5a2c-4773-8c61-66c6e3821f61;Fresh Food Söder;Restaurang;Lillbackavägen 33;Ladugårdsängen;2022-06-23;3;2026-07-29
02eb1bac-133c-4a2b-a383-7a8c5a907413;Fresh Food Öster;Restaurang;Restalundsvägen 2;Eklunda-Sörby;2018-08-22;4;2025-03-12
c418bb98-83aa-4bc3-9720-dcdec79b1079;Fridensberg Förskola;Tillagning;Sturegatan 7;Örebro öster;2022-08-17;2;2025-09-19
139977f6-b063-4437-b65e-30429956f725;Fridhemsskolan;Tillagning;Hidingsta 549;Ekeby-Almby-Hidingsta-Stora Mellösa;2008-03-31;8;2025-05-13
dd696977-22d8-48fb-9449-f2280babecff;Frigoscandia Fryslager;Buffert;Evedalsvägen 6;Brunnsgärdet-Lindhult-Nasta;2015-11-17;3;2024-11-12
45a0db91-250e-420b-a295-fc8ced899c46;Frimis;Restaurang;Frimurareholmen 1;Örebro city;2016-10-05;9;2026-06-16
ea4857a3-ace7-4082-b2f9-93d06d062e33;Frälsningsarméns Cafeteria;Café;Kungsgatan 24;Örebro söder;2006-10-20;5;2023-11-09
77b3341e-d51e-4c62-80df-9fa57c4dffed;FSI, Socialpsykiatrin Åbylund;Tillagning;;;2022-12-02;4;2026-05-11
ee4780c8-3d85-4c6b-81f8-3f7e05908ed7;Fyren Ekalmen;Tillagning;Braxenvägen 5;Ekeby-Almby-Hidingsta-Stora Mellösa;2012-08-01;6;2025-11-27
b5472776-04d4-411a-86c3-776ce7105c5a;Fyrklöverns dagverksamhet;Tillagning;Harriet löwenhjelms väg 24;Mellringe-Björkhaga;2019-12-05;2;2022-10-27
b2f47eda-09cd-4394-b3fc-03cd60960236;Fåraherden Förskola;Tillagning;Loggatan 26;Ladugårdsängen;2007-03-07;5;2025-06-05
1669dc17-4546-4e0e-9797-d88eeaac6ca0;Företagsväxter;Buffert;Adolfsbergsvägen 4;Brunnsgärdet-Lindhult-Nasta;2021-04-30;3;2026-04-07
d1bd6bab-a7a3-4675-9ca4-33ac9e022d87;Förskolan Basilikan Kids2home;Tillagning;Basilikavägen 10;Sörbyängen;2016-09-02;6;2026-03-19
fd30265b-7b68-49b1-aaa9-e9d3d67182e0;Förskolan Beckasinen;Tillagning;Ladviksgatan 5;Näsby-Norra Ormesta;2019-07-29;5;2025-02-11
6491048d-8a17-4a03-a94a-e08a0ccc3acc;Förskolan Brolyckan;Tillagning;Jakobsgatan 19;Örebro väster;2007-02-01;2;2023-04-26
454752e4-c146-469d-ba61-e70ddc746be9;Förskolan Byggklossen;Tillagning;Tallrisvägen 19;Brickebacken;2007-07-23;6;2026-05-06
11bcc368-48ad-4f2e-b537-0866fc668f2a;Förskolan Emil;Tillagning;Varbergagatan 39A;Varberga-Oxhagen;2019-03-25;2;2023-01-24
935cd4b5-0d49-4947-8678-63915fbdb404;Förskolan Fantasia;Tillagning;Varbergagatan 39A;Varberga-Oxhagen;2013-09-24;9;2025-04-08
d1339f72-15e5-4bcf-b174-40f8cf8ddeed;Förskolan Fiskgjusen;Tillagning;Notstugegatan 7;Näsby-Norra Ormesta;2019-07-29;8;2026-09-07
5d2991e0-2fb7-4949-af6d-91a252ed5367;Förskolan framtiden;Tillagning;Vadarvägen 10A;Almby-Ormesta;2020-07-29;3;2022-12-05
ff03a8f8-8100-4b97-bed0-a9a2550f843e;Förskolan Fruktgården;Tillagning;Per Anders Väg 10;Östernärke;2011-12-22;5;2023-04-12
60716027-bbb6-4a38-afbe-f921cd7fc61b;Förskolan Författaren;Tillagning;Vivallaringen 112A;Vivalla;2016-05-25;10;2026-03-23
1c6d396a-f943-4a11-888c-3d09eb0494f6;Förskolan Försprånget;Tillagning;Erik Rosenbergs Väg 170A;Almby-Ormesta;2010-02-09;2;2023-05-30
07a23ccc-2a26-4ee6-aba5-229650b3d347;Förskolan Gunghästen;Tillagning;Tallrisvägen 23;Brickebacken;2014-12-01;9;2025-11-06
dcbb614b-bac6-4aa1-9d63-00563157b703;Förskolan Hasselmusen;Tillagning;Varbergagatan 39A;Varberga-Oxhagen;2010-02-02;3;2026-04-29
8a78e0c4-2a65-498f-a788-0e6c0c127960;Förskolan Kastanjegården;Tillagning;Skaldegatan 19;Vivalla;2018-08-01;9;2026-02-03
e2cb4d21-2022-4979-af52-44a0af0917ea;Förskolan Klätterträdet;Tillagning;Termikgatan 85;Ladugårdsängen;2023-06-26;1;2023-09-11
9187efea-e33a-4436-8949-7c1f4dad2079;Förskolan Kottebo;Tillagning;Hindergårdsgatan 22;Hagaby-Ringstorp;2011-08-01;9;2025-01-21
795ec45e-1e5c-4afa-b791-c3325116b22d;Förskolan Norrstjärnan;Tillagning;Höglundagatan 100;Hagaby-Ringstorp;2019-12-10;10;2026-01-27
9daaaf34-4479-4e41-9e15-0f14af69c0aa;Förskolan Pepparn;Tillagning;Peppargatan 22;Sörbyängen;2016-09-02;3;2026-09-25
f5d6c4fd-7f7e-4178-b40a-d8ffa12ce4fa;Förskolan Sagogården;Tillagning;Balladgatan 2;Vivalla;2020-10-23;5;2025-04-03
9f6532ec-ade7-4cac-bf84-47841041c1e9;Förskolan Silva;Tillagning;Björkrisvägen 17;Brickebacken;2018-07-09;10;2026-05-05
fcdfeede-e344-4fc7-892b-fb6c2a5f3a3f;Förskolan Stjärnhimlen (dragspelsförskola);Tillagning;Varbergagatan 39A;Varberga-Oxhagen;2019-04-11;1;2021-10-26
b682cebe-be7b-498c-b52e-7f984cac3adb;Förskolan Sörgården;Tillagning;Hammarbygatan 4;Garphyttan-Närkes Kil;2006-08-18;3;2024-08-29
a5f05fd6-3f57-437d-a684-02a1c80cde39;Förskolan Tellus;Tillagning;Drottninggatan 61B;Örebro söder;2020-06-25;2;2022-08-31
6778138a-e72c-435b-9fb4-bcd9db08530e;Förskolan Terra Nova;Tillagning;Hagvägen 11;Almby-Ormesta;2014-05-28;4;2025-05-21
3bd57379-2307-400b-b348-7e05f93742ea;Förskolan Utforskaren;Tillagning;Backagårdsvägen 7B;Ekeby-Almby-Hidingsta-Stora Mellösa;2019-02-14;3;2024-05-15
62e0a8c2-80f3-41c4-badb-baccef5459ae;Förskolan Växthuset;Tillagning;Färdemansgatan 28B;Nya Hjärsta-Nyponlunden;2015-03-23;10;2026-01-20
c0b2926b-0302-4250-8d8b-a8ee5c3bb0fd;Förskolan Änglunda;Tillagning;Östra granhammar 121;Latorp-Täby-Vintrosa;2020-04-07;3;2024-06-04
0dd80b3e-534f-47da-a279-a58bb02ee3ec;Föräldrakooperativet Ängen;Tillagning;Vintrosa prästgård 618;Latorp-Täby-Vintrosa;2020-04-08;4;2025-10-03
38f103ae-3352-4c1c-b579-969c0fdb9c3b;Galaxens Förskola;Tillagning;Åstadalsvägen 2;Almby-Ormesta;2013-02-01;3;2024-09-30
51792d66-5ab1-4fc5-9920-f8edffd2beb3;Galejan Pizzeria;Pizzeria;Ekersgatan 11;Örebro väster;2019-11-19;10;2025-11-07
cb47a180-ad21-407a-b6aa-36e9cdbaf1fa;Gamla Örebro;Restaurang;Bertil Waldéns Gata 14;Örebro öster;2018-09-03;10;2026-04-24
1387da36-d787-471b-af72-b6241ee3ee5e;Garphyttans Förskola;Tillagning;Tysslingevägen 2B;Garphyttan-Närkes Kil;2006-12-08;7;2025-04-24
a6ece7b8-fba3-4c63-8930-efe82a60d058;Garphyttans Skola;Tillagning;Tysslingevägen 2;Garphyttan-Närkes Kil;2008-10-07;5;2025-04-24
6ee2adf3-9b45-443a-bae4-85f4465379b5;GB Grossisten i Örebro;Buffert;Pikullagatan 9;Latorp-Täby-Vintrosa;2010-11-03;3;2024-11-19
f0589395-82a4-4615-bebd-f4aaba4a527f;Ge För Livet Second Hand Nastagatan;Café;Nastagatan 20;Brunnsgärdet-Lindhult-Nasta;2020-11-01;7;2026-09-23
f375cd1f-31a4-4855-8b25-f9dc358fa7ff;Gerdas bageri;Café;Frövivägen 1;Ervalla-Ölmbrotorp;2023-04-04;2;2025-05-23
309f5348-1ccf-4904-8c16-abbf5481c012;Glanshammars Skola;Tillagning;Skolvägen 1;Glanshammar;2007-05-14;9;2026-08-24
6ca800b7-ecfb-450e-84e5-086b3ae7774c;Glassery rooftop bar & dining;Restaurang;Änggatan 18B;Örebro söder;2024-04-05;5;2025-12-11
9a70e8f7-7689-4f65-abcc-109a24de1c94;Glommagården Förskola;Tillagning;Glomman 100;Adolfsberg;2017-02-14;6;2023-03-21
3d0cb217-0f6b-4b9b-9ec2-8cb01573684d;Go Banana;Butik;Drottninggatan 38;Örebro söder;2026-01-30;1;2026-04-23
101af9dd-269d-4008-8ed5-e94747102335;Golden Athlete Örebro;Butik;Köpmangatan 28;Örebro söder;2018-06-01;5;2025-12-12
a842ab2c-69f0-4f7f-b7aa-c02c965823e0;Gomakeriet;Buffert;Tjugesta bygata 1;Glanshammar;2025-02-10;3;2026-08-11
316dacdd-2ef6-475c-8f7c-654a500cb5bd;Good Morning Hotel;Restaurang;Stenbackevägen 2;Ladugårdsängen;2015-12-31;5;2025-08-19
a509a461-ef0d-4cbd-9344-83a1f2252bd0;Granhammars Kött;Buffert;Östra granhammar 435;Latorp-Täby-Vintrosa;2025-11-20;1;2026-02-26
1c8db939-64c8-4dd5-8bce-e0682767bc1b;Grannjouren;Butik;Fabriksgatan 25;Örebro söder;2020-12-15;3;2025-07-03
70626212-7f81-4916-a5eb-64db7ab62aed;Green Sales Distribution AB;Buffert;Orvar bergmarks plats 1;Eklunda-Sörby;2026-02-09;1;2026-04-20
b5bc2c6f-901f-479e-a877-db64339905d4;Grekiska Grill & Bar Centrum;Restaurang;Klostergatan 17;Örebro city;2007-12-04;10;2026-02-18
14bdb2d5-b220-4e77-bcbc-eb2292f62183;Grekiska Grill & Bar Öster;Restaurang;Rudbecksgatan 125;Almby-Ormesta;2017-01-01;10;2025-03-10
83fc9673-1888-465e-8565-6bb0defa9f77;Grenadjärens Rehab/Dagvård;Tillagning;Beväringsgatan 11;Rynninge-Grenadjärstaden;2011-05-09;3;2025-12-09
445bcfa9-8eca-49ce-9968-8570ae11499b;Grenadjärskolan;Tillagning;Pionjärgatan 3;Rynninge-Grenadjärstaden;2008-09-29;3;2025-06-18
8f06815a-71f5-4359-a024-2b566c3f2974;Grillska Gymnasiet;Tillagning;Bettorpsgatan 12B;Hagaby-Ringstorp;2018-10-17;5;2025-03-05
200b033c-7553-4ab4-b641-8ded422a6427;Gro Stallbacken;Restaurang;Kungsgatan 1;Örebro city;2010-04-12;10;2025-02-11
380e074e-c50a-4cd7-b14b-4d43edb16744;Gruppboende Fanjunkaren;Tillagning;Beväringsgatan 5;Rynninge-Grenadjärstaden;2022-12-15;2;2025-11-28
e9a4047e-b069-4e4e-ba33-ef0802fa3cec;Gruppbostad Landbotorp;Tillagning;Landbotorpsallén 3A;Ladugårdsängen;2025-04-30;2;2025-05-28
f9699d63-4a12-442e-8b90-6d29a1ae101f;Gruppbostad Näset;Tillagning;;;2008-07-21;3;2025-04-28
da787611-9960-41d1-9c26-0634f0598ffe;Gruppbostad Sigillgatan;Tillagning;Sigillgatan 2A;Mellringe-Björkhaga;2022-12-02;1;2023-01-25
b900d35c-665f-404b-902d-392c30576df0;Gryts Logistikpartner;Buffert;Transportgatan 22;Brunnsgärdet-Lindhult-Nasta;2024-01-16;1;2024-06-18
e5b91419-7c1e-46be-b79e-1248b6584c2d;Gryts Logistikpartner Bista;Buffert;Bistagatan 28;Latorp-Täby-Vintrosa;2025-08-11;0;
2c9d12ab-b5bc-413f-aefa-a9b4213e8d97;Grönvallska/Medinska förskolan;Tillagning;Skolvägen 3;Ervalla-Ölmbrotorp;2006-09-18;4;2023-08-17
b2ccefc6-9f06-4436-ae82-8c461ab17c58;Gumaeliusskolan;Tillagning;Karlslundsgatan 32;Rosta-Örnsro;2009-02-09;8;2026-08-26
1a9793da-b381-49ef-84c2-b00a9715e872;Gustavsvik Golfrestaurang;Restaurang;Golfbanevägen 4;Ladugårdsängen;2026-01-28;1;2026-06-05
90309652-fbb5-4926-8644-54f090bf5eae;Gustavsviks Camping;Restaurang;Sommarrovägen 1;Ladugårdsängen;2013-03-25;9;2026-08-11
57d388a4-d3a1-4e07-8950-6985e0374889;Gustavsviks Restaurang och Relax;Restaurang;Stenbackevägen 4;Ladugårdsängen;2014-09-01;10;2026-02-19
42d5e823-be75-4730-85e8-e56fb5ca3b21;Gyllene Hörnan;Restaurang;Änggatan 13B;Örebro söder;2017-02-20;10;2026-07-15
8a23abca-eed6-49d1-a172-d3ceea287c5e;Gymmet På Väster och Atletic City Sportgym;Buffert;Ekersgatan 26;Örebro väster;2020-01-23;2;2025-11-07
53749740-7ffa-42d7-8a87-3f150e78b4ee;Gyros King;Restaurang;Älvtomtagatan 3;Rosta-Örnsro;2025-04-04;3;2026-09-01
88ea800c-ab6a-43d7-bf4b-1592d685e7be;Gårdsbutik Adolfsbergs gård;Butik;Sticklinge 504;Glanshammar;2021-04-23;2;2025-10-13
7da51133-3b59-4e66-909b-3db8ee99f963;Gårdsbutik Prästgårdsvägen;Butik;Prästgårdsvägen 11;Marieberg-Mosås;2021-03-23;2;2026-08-20
5843471f-8b95-4e97-8ba4-56e005c8b713;Gårdsbutiken i Lännäs;Butik;Lännäs 140;Östernärke;2020-01-23;4;2025-06-23
aca43996-40f9-4f71-91e9-d7c8a0d925fd;Gölfallets Åkeri AB;Buffert;Pilängsgatan 15;Latorp-Täby-Vintrosa;2025-05-21;1;2025-07-09
f339bad8-e5a4-473f-99c1-c8b655f0ee3e;Hachi och Vinkiosken;Restaurang;Järntorgsgatan 4;Örebro city;2024-08-30;5;2026-03-06
1bad97dd-f0ba-4215-91d3-8713013415fe;Haga Kiosk;Butik;Folkungagatan 5A;Rosta-Örnsro;2022-01-24;6;2025-09-26
27076655-46d8-4f69-b056-52c6532728a8;Haga Restaurang & Pizzeria;Restaurang;Vaktelvägen 2;Västhaga-Solhaga;2012-04-01;10;2026-09-04
5be2abac-d060-45b6-bec9-18c9ff027d6b;Hagaby 4;Tillagning;Hagabyvägen 4;Hagaby-Ringstorp;2022-12-05;2;2025-09-16
f6d877d9-6e0b-4af6-89cb-e9c8ca67ed77;Hagagården Vårdboende;Tillagning;Gamla Arbogavägen 17A;Glanshammar;2012-11-01;4;2026-09-02
26091ca1-c519-48c6-b674-c0edbdc6abeb;Hagaskolan;Tillagning;Blåmesvägen 1;Varberga-Oxhagen;2009-02-06;7;2026-02-03
5d0a5060-2f53-47de-8a40-30eace417368;Hagbackens Gård;Buffert;;;2015-04-23;1;2023-05-15
b576a213-c95e-438f-9ead-162c7899657c;Hagströms Naturbruk;Buffert;;;2021-04-19;1;2022-09-07
dcdc4808-9082-45ef-a6cd-30063172be4a;Hagvidson Förskola;Tillagning;Moholmsvägen 1;Marieberg-Mosås;2020-03-03;4;2023-05-23
c233023b-294c-423a-a95f-1a1ee7e21bf0;Hagvidson Nyponlunden;Tillagning;Citrongatan 2;Nya Hjärsta-Nyponlunden;2020-03-03;8;2023-05-22
3f25246c-b50f-4fc0-ac41-22bf1433394a;Haket Pizzeria;Pizzeria;Studievägen 24;Eklunda-Sörby;2025-10-22;1;2025-12-09
f4c49dd6-d41f-4f9f-b253-d57012f66aec;Halltorpsvägen 144-146;Tillagning;;;2009-05-04;4;2025-11-11
2a730416-eecd-4925-a12c-79c5f6b4b561;Halltorpsvägen 148-150;Tillagning;;;2009-04-24;5;2025-11-11
332621ec-ffe4-4681-8384-fa6fb6498433;Halltorpsvägen 182-186;Tillagning;;;2009-04-24;4;2025-11-11
efb47ecb-9022-413c-9d88-37cf83d85362;Halltorpsvägen 248-250;Tillagning;;;2014-04-17;4;2025-11-11
88772077-8c13-4492-b92e-fec685e83103;Halltorpsvägen 252-254;Tillagning;;;2009-04-24;5;2026-04-07
1211d3db-e5a4-483e-a165-cbca95e66320;Halltorpsvägen 34 - 38;Tillagning;;;2008-01-29;2;2025-11-11
7c504878-49ad-4268-88ac-63236effb774;Halltorpsvägen 76-80;Tillagning;;;2014-04-17;3;2025-11-11
5f5e99b3-f5b9-45c5-97e3-f9d40bf5001b;Hamburgerbruket;Restaurang;Mejeritorget 2A;Hagaby-Ringstorp;2017-10-10;10;2026-03-18
8f85b517-9cee-406f-8f0e-7dc83f1b29b9;Hamnmagasinet;Butik;Hamnplan 1;Örebro öster;2020-09-30;7;2026-07-30
a7834909-9713-41d2-991b-80768389ac84;Hamnplan1;Restaurang;Hamnplan 1;Örebro öster;2024-11-28;2;2026-08-18
1e749955-d68a-41f0-b861-e143acd0c789;Hampes ocean cream;Café;Vinögatan 30;Östernärke;2022-06-23;2;2025-06-18
5aeaa717-1e06-4656-a195-2c5e8c8fda08;Hampetorps Restaurang & Camping;Restaurang;Lännäs 163;Östernärke;2019-04-01;2;2024-08-22
9804aa92-be86-4c1e-8fb3-91fc4c89ea30;Hampetorps Skola;Tillagning;Sjömansvägen 1;Östernärke;2007-09-18;4;2024-05-15
13d30f5d-fa05-446e-84eb-88e56c41c873;Handlarn;Butik;Järnvägsgatan 13A;Örebro city;2024-11-22;1;2025-03-19
5a60dd91-5991-4054-b6a0-a8f5990a3f8d;Handlarn Ladugårdsängen;Butik;Fatbursgatan 1;Ladugårdsängen;2016-09-26;7;2025-09-12
4debd733-13ca-4841-9f38-918a180521d1;Hannaskolan;Tillagning;Egnahemsgatan 2;Markbacken-Västra Mark;2009-12-01;6;2025-06-09
ba180f5a-2edc-476c-b895-b5b5e4ec00cd;Hanssons Åkeri i Örebro AB;Buffert;Vintrosa-sanna 305;Latorp-Täby-Vintrosa;2025-05-28;1;2025-07-09
6394aa03-0672-436d-b9a3-c63e98c4e37c;Havana huset;Butik;Engelbrektsgatan 30;Örebro öster;2022-02-08;6;2025-12-04
48b7ee99-8929-4a19-87f7-51beffb2e140;HB’s Honung;Buffert;Lyrikgatan 20A;Vivalla;2025-04-14;1;2025-08-20
83307af6-1326-4dc6-88ee-7cbcb83f9686;Healthy eating;Buffert;Kromslingan 1D;Marieberg-Mosås;2025-06-26;2;2025-08-18
90591545-41be-4bfb-aa62-d42da5d91204;Heat Örebro;Restaurang;Klostergatan 23;Örebro city;2021-09-22;4;2025-06-12
da4da110-40b3-42c3-a849-64586d880123;Hedengrens Bageri;Café;Rynningegatan 17;Örebro norr-CV;2019-02-28;10;2026-06-16
f8e63958-9e2d-4fc0-9992-e793220b7d1b;Hedenhös Förskola;Tillagning;Annalisa Forssbergers Väg 54;Mellringe-Björkhaga;2007-01-11;4;2024-10-30
2b10a82a-0a69-4220-996e-1f2daef4dd9d;Heimdals Förskola;Tillagning;Björksoppsvägen 1;Ekeby-Almby-Hidingsta-Stora Mellösa;2014-08-04;5;2026-03-11
4ae00d0c-af09-4384-bcab-eaf1b692ffaa;Hej Kombucha;Buffert;Lindbacka 403;Latorp-Täby-Vintrosa;2022-11-10;2;2025-10-15
51ca297a-423b-44ba-b9d2-368746cbe8e7;Helins Surdegsbageri;Café;Ekersgatan 4A;Örebro väster;2013-07-01;4;2025-10-13
06e09bbe-3f37-4f90-a239-6793a8940f2e;Hellströms Goda;Buffert;Ekudden 607;Ekeby-Almby-Hidingsta-Stora Mellösa;2023-01-09;2;2025-11-12
d071e306-f23b-4d1d-be6c-88f5225e08ac;Hemdeli Örebro;Buffert;Linnégatan 3;Hagaby-Ringstorp;2025-11-25;1;2026-01-28
3bddb485-b8fd-463f-8a85-b6fd1095c87a;Hemglass;Buffert;Singelvägen 14;Marieberg-Mosås;2019-01-03;3;2026-05-25
15e3967b-73bd-4cc3-a7aa-ea3b6f90f202;Hemköp Svampen;Butik;Mejerivägen 16C;Hagaby-Ringstorp;2017-04-20;10;2026-04-13
f0ceb7db-3827-42a8-8231-76e2c8082185;Hemma Hos Örebro;Restaurang;Köpmangatan 3;Örebro city;2023-09-21;4;2025-08-19
af8fb4fb-c617-495b-8934-e690c7624181;Hemmakväll;Butik;Drottninggatan 19;Örebro city;2017-09-20;3;2024-10-31
e485fa43-14c3-4ffe-9dcd-35a11f0e09b7;Henkas på Aspholmen;Restaurang;Skvadronvägen 11;Brunnsgärdet-Lindhult-Nasta;2021-02-02;10;2026-04-09
7d989e07-4ab6-4b08-81fa-7a95443bd393;Hidingsta gård B&B;Buffert;;;2020-02-18;2;2024-11-05
2ea87955-2415-4ed5-996c-fbaef9035972;Hjälmare Hus;Tillagning;Kaserngården 8B;Rynninge-Grenadjärstaden;2009-09-29;3;2025-12-03
5fd3aab5-4f71-476c-91a8-11c762699b4b;Hjälmarfrukt;Buffert;Norra vinön 148;Östernärke;2020-03-24;4;2024-08-07
746c205b-fcad-4ee2-bff7-a1fc94792527;Holmens Dagcenter;Tillagning;Ribbingsgatan 11;Örebro norr-CV;2008-12-03;3;2025-01-24
486884b5-c904-4275-9d47-73c7477f9821;Home Borgen;Restaurang;Klostergatan 1;Örebro city;2016-02-01;10;2026-08-26
66f1f809-d335-4004-a7ff-90c9eba71b62;Hos fru Fi Keramik;Café;Lindbacka 403;Latorp-Täby-Vintrosa;2025-04-17;1;2025-08-22
7bd7bbfb-3fca-4550-86a7-e6758fed7c50;Hot Dog Lab;Buffert;Enrisvägen 8;Brickeberg-Norra Bro;2026-05-20;0;
85201c74-f97e-4f79-a13b-587c26659860;Hotell Örebro;Restaurang;Storgatan 24;Örebro city;2009-03-25;8;2025-10-31
3788dfd9-16ee-4b08-98ec-7c1c80754867;Hovsta Livs;Butik;Lundhagsvägen 1A;Hovsta;2009-12-21;2;2024-10-07
636b64a4-7aa2-4564-8b61-718da4ec8459;Hovstagrillen;Pizzeria;Lundhagsvägen 1B;Hovsta;2009-09-01;10;2026-09-09
5761e3f6-0773-4214-bb43-ec341c0b73b0;Hovstaskolan;Tillagning;Lundhagsvägen 5;Hovsta;2007-08-29;8;2026-09-04
427b7be7-8912-4373-a2ee-33b9c073ef0e;HUSET Under Bar Himmel;Restaurang;Alsnäsgatan 11;Örebro öster;2025-03-20;1;2026-04-01
c6212e88-c72b-432a-bc4c-20752c41addd;Husets Café;Café;Slottsgatan 13A;Örebro city;2015-07-28;5;2026-03-19
277f709d-5ea4-4fd0-93bc-f19fcd42ea74;HYGGE;Restaurang;Pappersbruksallén 1A;Näsby-Norra Ormesta;2024-08-20;2;2025-09-29
4a67caf7-f88d-4d42-869f-95df47508da9;Häktet Örebro;Tillagning;Järnvägsgatan 3B;Örebro city;2007-08-28;5;2026-03-26
28345c3c-0d01-4b6f-a00f-65830c5f8e4c;Hälls Konditori;Café;Olaigatan 17A;Örebro city;2009-07-30;10;2025-09-26
70ff55f2-60cc-412c-821c-9f26ce6433c2;Hälsokosten;Butik;Säljarevägen 1;Marieberg-Mosås;2025-08-06;1;2025-10-03
610ba82b-22e2-407b-9711-87e4ef15661c;Hälsoträdgården;Tillagning;;;2021-02-04;4;2023-09-08
7ba646c3-ca9e-4f48-a979-4d3779d78c2a;Hästskon Förskola;Tillagning;Överstegatan 1;Hagaby-Ringstorp;2006-04-07;9;2026-05-06
460c7979-957c-46aa-b8ff-b971beb839f1;Höstsol Gruppboende;Tillagning;;;2015-05-04;6;2026-02-05
9c9438d8-7c01-4feb-ba2b-8951dfd47b08;Ica Cityhallen;Butik;Drottninggatan 29;Örebro söder;2022-05-01;8;2026-06-04
097db6ec-f221-4961-b106-34c754302af7;Ica Kvantum Örebro;Butik;Adolf Mörners Plan 4;Brunnsgärdet-Lindhult-Nasta;2007-07-24;10;2026-03-16
555a6153-b256-4ecd-8407-ce29b2850b9b;Ica Maxi Boglundsängen;Butik;Boglundsgatan 2;Lundby;2008-01-17;10;2026-08-07
e3945cb0-18c1-43ca-b687-c944806d63bf;Ica Maxi Universitetet;Butik;Sörbyängsvägen 24;Sörbyängen;2015-03-10;10;2026-02-27
fe48379f-6606-434f-8b09-4b02d3ffe60d;Ica Nära Eko;Butik;Irisgatan 80;Mellringe-Björkhaga;2024-08-13;5;2026-08-11
731d8c11-4255-45e3-b5a3-3e3a49206704;Ica Nära Glansen;Butik;Eldvallagatan 2;Glanshammar;2007-07-17;7;2025-07-10
6bf7749e-3b2e-44ca-b9b0-79014bd76ab6;Ica Nära Längbrotorg;Butik;Längbrotorg 10;Örebro norr-CV;2019-12-04;3;2024-09-20
1bb4499b-018d-43f9-9893-0f2abd709cd1;Ica Nära Oskarstorget;Butik;Oskarstorget 6;Örebro öster;2008-04-23;7;2026-05-11
1ba4e2b5-97ef-4103-b987-24bca80fed66;Ica Nära Stora Mellösa;Butik;Mällsavägen 13;Ekeby-Almby-Hidingsta-Stora Mellösa;2026-04-28;1;2026-06-25
643e0d03-c5f0-4447-979c-e336443170f8;Ica Nära Vintrosa;Butik;Skolgatan 4;Latorp-Täby-Vintrosa;2015-06-01;9;2025-10-28
1e84237a-ec85-4351-9691-7f7da9d02790;Ica Odenhallen;Butik;Valstavägen 1;Östernärke;2007-07-17;9;2026-05-21
2897c973-7e00-4cd5-9b23-8d6b729ce7f6;Ica Supermarket Ekersgatan;Butik;Ekersgatan 14;Örebro väster;2007-12-04;8;2025-12-16
cac1b6a9-d5ec-4d3a-8ea8-525b0b3bbe06;Ica Supermarket Ekersgatan - Nyregistrerad;Butik;Ekersgatan 14;Örebro väster;2026-06-24;0;
f9308bee-7e17-45bc-9da4-3e9790cc620f;Ica Supermarket Haga Centrum;Butik;Vaktelvägen 2;Västhaga-Solhaga;2026-03-24;1;2026-06-23
494d07a6-a556-4f8e-bf8d-aa4cd80e40a7;Ica ToGo Brickebacken;Butik;Granrisvägen 23;Brickebacken;2025-11-07;1;2026-03-11
99f20220-2bfd-4f51-bd7a-f08c9afcd334;Icecream & Coffee;Café;Floragatan 1A;Örebro öster;2022-03-02;3;2025-05-08
32386857-a5b6-46cf-8175-e1781587a071;Ikea Restaurang och Bistro;Restaurang;Kundvägen 2;Marieberg-Mosås;2007-07-17;10;2026-03-03
8832739e-3fa9-4c0a-878e-6a3135d22201;Immanuelkyrkan - Hildas;Café;Karlsdalsallén 35F;Ladugårdsängen;2022-11-11;2;2024-11-12
05d7692b-7ca4-4854-8aa7-646eb6fe050b;Impact Center;Restaurang;Törngatan 1;Hagaby-Ringstorp;2020-12-21;4;2025-04-16
9a1e7b98-1e96-4467-b252-152d353210cd;INDA.NU;Buffert;Adolfsbergsvägen 4;Brunnsgärdet-Lindhult-Nasta;2020-05-07;2;2024-11-01
cf4da4db-7a25-4b79-a30b-92e48fba2a32;Indisk sweet N spicy food Örebro;Butik;Storgatan 52C;Örebro norr-CV;2026-04-29;1;2026-06-26
f205859f-65e2-41b0-be55-9bbce2caa5cf;Ingeborgs;Restaurang;Engelbrektsgatan 20;Örebro city;2012-04-12;8;2026-03-26
6e9c8bdf-c27e-482e-9bde-098dd85ce4e9;IP Kiosken;Butik;Vivallaringen 24;Vivalla;2026-06-22;2;2026-08-31
a53f041d-6ce7-4364-b293-0c3692c76435;IrSham Food;Restaurang;Västmannagatan 18;Markbacken-Västra Mark;2025-03-10;0;
0a046350-a94e-46a2-9519-ada08c381505;ISS Direct KPMG;Buffert;Orvar bergmarks plats 1;Eklunda-Sörby;2020-12-15;2;2026-03-12
d00df649-02b6-47ff-bac7-cafb0dc876e7;ISS Trafikverket;Buffert;Östra bangatan 11;Örebro norr-CV;2022-10-25;1;2022-12-06
460214a2-be14-43a9-b9d9-4e3c5eb79642;Jennie´s Café & Butik;Café;Berglundavägen 20;Latorp-Täby-Vintrosa;2020-05-13;3;2025-11-04
9ba9f0b8-8203-4afb-8001-408f3f69a09f;Jennifers matlåda;Buffert;Kils-nytorp 515;Garphyttan-Närkes Kil;2025-04-14;1;2026-02-17
34ef2c6b-a90c-4255-a2ba-cad635d64b3d;Jensen Grundskola Örebro;Tillagning;Södra allén 43;Örebro söder;2025-06-13;1;2025-09-25
c33a15fa-584f-4be2-ac1c-78dd078572d7;Jensen Gymnasium Örebro;Tillagning;Kungsgatan 4;Örebro city;2025-06-05;2;2025-12-10
013f4f56-c163-44b0-b66a-e57bde42391e;Jeremiasgården Vårdboende;Tillagning;Sörbyängsvägen 6;Tybble;2011-04-18;10;2026-05-13
cd472f1d-f455-4966-a587-d5ce3dd0ed77;Jiaozi;Buffert;Arlavägen 6;Hagaby-Ringstorp;2024-12-30;1;2025-03-06
a16d9dbd-5bba-4d0b-8aaa-c5f757276814;Jimmie Karlsson Transport AB;Buffert;Johansdalsvägen 10;Marieberg-Mosås;2021-09-06;2;2025-08-25
6660f79e-146d-46ba-9bc8-62655c8ccfbe;JOBmeal;Buffert;Adolfsbergsvägen 2;Brunnsgärdet-Lindhult-Nasta;2020-06-24;2;2025-03-04
af4276f1-df9a-4c29-a893-7bf3f54a9045;Jonssons Gårdsbutik;Butik;Åkerby 506;Ekeby-Almby-Hidingsta-Stora Mellösa;2022-08-25;2;2025-11-12
1871a67d-656c-4398-a6f1-c687ebdd10f4;Jonssons presenter och ätbara ting;Butik;Åkerby 506;Ekeby-Almby-Hidingsta-Stora Mellösa;2022-08-25;2;2025-11-12
cd17b340-abd9-4be7-ba13-7c329bff3179;Jula;Butik;Varuvägen 10;Marieberg-Mosås;2017-09-15;2;2026-04-07
5998a36a-0d16-4653-afec-12bb91b6b202;JumpYard Örebro;Café;Skomaskinsgatan 2;Brunnsgärdet-Lindhult-Nasta;2021-09-16;4;2026-02-27
2af33ded-43c4-46f8-9106-ed5276afa204;Junibacken Förskola;Tillagning;Sturegatan 13;Örebro öster;2007-10-31;6;2025-09-19
7b6db471-493d-47c8-93dc-694828d87995;Järle Förskola;Tillagning;Järle Rönnbärsväg 7;Ervalla-Ölmbrotorp;2007-11-23;4;2023-08-16
c8cfbb75-a795-4e4e-8dce-03b76eb29172;Järle Stationscafé;Café;Järle stationsväg 2;Ervalla-Ölmbrotorp;2022-05-20;2;2026-06-18
0fe8f1a2-2b1b-4942-be1c-bb544b38a4f9;K Lager;Buffert;Virkesvägen 4;Hagaby-Ringstorp;2020-12-04;2;2025-08-22
8b39d679-936e-433d-8c10-1406f4c6ea68;Kabuls Hörn;Café;Järnvägsgatan 30;Örebro city;2022-02-16;3;2026-08-13
d336c83b-c451-4307-8828-3ca4209a272b;Kaffekompaniet;Buffert;Gamla Vägen 12B;Brunnsgärdet-Lindhult-Nasta;2018-08-20;1;2022-05-20
12814c49-1392-4d73-a0f1-81e274830dfa;Kaffemästaren;Butik;Drottninggatan 7;Örebro city;2012-07-06;2;2025-12-16
eddddd0a-5afa-4c32-8cad-26495ed91f78;Kafé Karsbjer;Café;Bertil waldéns gata 1;Örebro öster;2025-05-21;1;2025-08-18
ce0c8d4b-a758-4035-9f91-700544e71cfe;Kallingska Gården;Tillagning;Mogatan 17;Örebro öster;2008-02-28;3;2024-11-05
3a4ccbab-36e7-4c12-9b1e-b08a9beadb0c;Kameleontens Förskola;Tillagning;Sveavägen 4;Örebro öster;2013-03-01;6;2025-11-05
9c13574e-ac6d-44d5-bb20-830e34ff8a88;Kandyz;Butik;Adolfsbergsvägen 2;Brunnsgärdet-Lindhult-Nasta;2019-09-19;2;2024-10-10
de7889f9-462b-43b4-ae4b-685ba8e65110;Kappa bar;Restaurang;Oskarsparken 1;Örebro öster;2023-09-01;2;2025-09-10
10eca324-e753-4ffa-84d6-124ee09b1cca;Karlslunds Förskola;Tillagning;Gäddestavägen 16;Mellringe-Björkhaga;2015-08-01;5;2025-09-26
1442b2de-c380-4617-87c6-9fdad36e37a6;Karlslunds Herrgård;Restaurang;Diedens Allé 11;Västhaga-Solhaga;2007-04-11;7;2025-08-15
cd47247e-53c9-42e0-9a01-be499a249cc0;Karlslunds If Hfk Kif Arena;Café;Grindgatan 1;Västhaga-Solhaga;2008-05-27;4;2023-06-21
526bc94f-61e5-443d-bd64-90146300c972;Karlslundsgården;Tillagning;Gäddestavägen 2;Mellringe-Björkhaga;2019-01-21;7;2026-04-07
ed2c35a6-84d7-400e-9fc4-101ecb24412b;Karlslundsskolan;Tillagning;Hagagatan 57;Västhaga-Solhaga;2020-10-19;2;2022-11-09
82356071-97fd-473f-b89d-7697cec97c5f;Karolinska Gymnasiet;Tillagning;Olaigatan 25;Örebro city;2007-06-08;7;2025-11-25
cf732bbb-9a9e-480c-9f97-a35fa1abea6d;Kastanjens Förskola;Tillagning;Lundhagsvägen 5;Hovsta;2011-09-01;3;2024-10-07
366a0f28-0bad-48b2-bd04-8053679a5ce7;Katrinelund Gästgiveri & Sjökrog;Restaurang;Katrinelund 470;Ekeby-Almby-Hidingsta-Stora Mellösa;2011-04-01;10;2026-05-19
866750a7-d070-41b1-996a-eda6c3d1f2bc;Kebab restaurang;Pizzeria;Järnvägsgatan 13B;Örebro city;2025-06-25;3;2026-08-31
174c60f9-f20d-430b-81f8-1df6fa1ed423;Kebabcenter;Pizzeria;Ringgatan 21B;Örebro väster;2026-05-18;1;2026-06-18
191d7356-6e25-4746-bc98-a5ecb9ee7fb3;Kebabfabriken;Restaurang;Adolfsbergsvägen 6;Brunnsgärdet-Lindhult-Nasta;2019-03-26;10;2026-08-13
3d484c58-81d7-446c-8e8e-ee769a8ffeef;Kebabfabriken Arena;Restaurang;Rudbecksgatan 52B;Eklunda-Sörby;2025-03-07;3;2026-04-24
cc343c8a-e6e7-4c0c-976a-502f0bd81d78;Kebabhörnan;Restaurang;Kungsgatan 26;Örebro söder;2024-09-05;5;2026-06-10
983daca0-4e64-4a4c-a734-0b363ee08ead;KFC;Restaurang;Monologgatan 5;Lundby;2020-12-09;10;2026-08-17
024ec813-291a-4824-a812-187eb7d19538;Kfum Örebro Kanotcentralen;Butik;Hästhagsvägen 5;Västhaga-Solhaga;2008-11-18;2;2023-07-05
c1bdeab8-6d68-4e98-99e5-c56e5333a53f;Kga Logistik AB;Buffert;Bistagatan 8;Brunnsgärdet-Lindhult-Nasta;2019-03-13;5;2026-04-22
c6fc66ef-7c64-449a-9902-ee7de46b05db;Khana Kazana;Restaurang;Bromsgatan 3;Örebro norr-CV;2008-05-09;10;2025-10-30
e7f2a7e3-8b1e-4b92-a0d1-3785aa20bac8;Killevigge Förskola;Tillagning;Hammarbygatan 1;Garphyttan-Närkes Kil;2007-05-29;4;2023-11-28
152bcaee-9587-4e94-a6ca-1dd6d2cff100;Kilsbergens mat & catering;Restaurang;Bruksvägen 7;Garphyttan-Närkes Kil;2022-12-01;3;2026-03-19
e379226f-ed42-4297-a3f7-469e87444bd7;Kilsbergsgården;Tillagning;Garphyttan 340;Garphyttan-Närkes Kil;2014-05-12;6;2026-06-30
00ca5ec1-dd79-4df5-b674-d01d5a79f2ed;Kinamuren Restaurang;Restaurang;Drottninggatan 15;Örebro city;2006-07-03;10;2026-05-28
543f4462-ec3d-4cdd-9ea9-a5852757bc06;Kitchenette;Restaurang;Ågatan 3;Örebro city;2016-10-28;8;2025-11-18
7462cbf0-0ec7-4112-828e-74801f8ed2cc;Klockargården Förskola;Tillagning;Askersvägen 19;Östernärke;2007-04-26;6;2024-05-15
238695d5-7ec2-43eb-bc66-878f01f377c6;Klosterbacken Vårdboende;Tillagning;Ribbingsgatan 12;Örebro norr-CV;2023-11-03;5;2026-05-12
2fdcdb34-6269-4244-86cf-cd1a124d320b;Klöverängens Förskola;Tillagning;Rödklövervägen 164;Lillån;2014-11-03;6;2026-03-09
816337b9-7a2d-4207-91a9-7781f0f72c94;Knagglabacke Förskola;Tillagning;Bromsgatan 16;Örebro norr-CV;2008-02-04;2;2025-09-25
45ad4d1d-ede0-4061-afcc-929608d5c965;Knutssons Transport Örebro AB;Buffert;Transportgatan 7;Brunnsgärdet-Lindhult-Nasta;2024-09-30;1;2024-11-27
d0f4a5d4-37f0-475b-8c0f-8b1411c6553e;KolaDrottningen;Buffert;Skäpplandsgatan 1A;Västhaga-Solhaga;2025-11-05;1;2025-11-24
db12a612-7926-4b8b-8589-c4b6d3b75fe4;Kollektivboende Hedens Hus;Tillagning;Mellringevägen 108;Mellringe-Björkhaga;2007-12-14;5;2023-11-20
d84b03ac-78b3-43e9-82e3-554aa2c95bd3;Konditori Bullvivan;Café;Boställsvägen 10;Brunnsgärdet-Lindhult-Nasta;2012-07-09;10;2026-09-24
b06a4623-c512-465c-b2d6-543a7a7e1d9c;Konditori en bulle i ugnen;Café;Örebrovägen 20;Östernärke;2018-12-01;7;2026-05-21
830b2dad-64e9-4642-b80a-5e9fe9f0e05c;Konditori Kamar Alsham;Café;Drottninggatan 42;Örebro söder;2018-06-12;10;2026-02-26
7ff4bc62-93ce-48ef-8ae2-c5710d95e7b0;Konnässören;Restaurang;Nygatan 24;Örebro city;2026-07-29;1;2026-09-24
d1135e15-4e64-4b27-aac3-bda7e966699e;Kornellens kök och restaurang;Tillagning;Kornellvägen 38A;Hagaby-Ringstorp;2021-11-15;4;2025-08-08
6417ffe5-227c-47aa-a752-2cb661625ce1;Korvbrödsbagarn Lantmännen Unibake;Buffert;Sliparevägen 1;Lillån;2007-06-05;8;2026-06-09
1fd6984b-1638-4dfa-88e8-a6c66a5fe5f7;Kosheli Indian Street Food;Restaurang;Säljarevägen 1;Marieberg-Mosås;2016-10-13;10;2025-09-30
0325e701-82d0-4fe2-bbca-331850a9bafe;Kristinaskolans Förskola;Tillagning;Drottninggatan 61B;Örebro söder;2012-01-17;9;2025-11-11
2e972df4-55f1-4783-aba4-243fe0765a82;Krokusgatans LSS;Tillagning;Krokusgatan 20;Mellringe-Björkhaga;2021-03-01;4;2024-12-16
acb86b1b-11b7-4cfc-8e07-5a18963d217c;Kronans Apotek Örebro Adolfsberg;Butik;Lindhultsvägen 2;Brunnsgärdet-Lindhult-Nasta;2025-03-11;1;2025-05-06
ac435718-760f-4f36-bcd0-f4ad27052c28;Kronans Apotek Örebro Baronbackarna;Butik;Smidesgatan 1A;Baronbackarna;2013-10-31;2;2024-04-23
edc86d3e-0857-45d2-bf3f-fe3b323d4a9a;Kronans Apotek Örebro Eurostop;Butik;Boglundsgatan 2;Lundby;2025-03-03;1;2025-05-30
221eb9d0-5ae8-4268-a16b-b0be6053b962;Kronans Apotek Örebro Haga Centrum;Butik;Vaktelvägen 2;Västhaga-Solhaga;2025-03-05;1;2025-05-30
6d55e289-4fd5-41b8-b996-2b8e0bac9d3c;Kronans Apotek Örebro Krämaren;Butik;Drottninggatan 29;Örebro söder;2012-07-13;3;2026-04-10
c9a42fb2-894e-42a3-8d54-9ab645219062;Kronans Apotek Örebro Ladugårdsängen;Butik;Storbackavägen 21;Ladugårdsängen;2025-03-11;1;2025-05-06
67cc882a-9968-48d9-9009-3959f16844a2;Kronans Apotek Örebro Svampen;Butik;Mejeritorget 8A;Hagaby-Ringstorp;2019-03-26;2;2026-02-12
12651f3a-a528-4ffb-bd6e-84033a94e5e1;Kryddgården Förskola;Tillagning;Senapsvägen 69;Sörbyängen;2024-07-02;3;2024-10-29
5c0bf1a1-7699-4cb4-8784-ed2f3620997d;Kubens Förskola;Tillagning;Östra Vintergatan 1;Rosta-Örnsro;2013-01-01;10;2026-08-27
6256f50e-f35b-4ed8-b4a7-20d1c6ef4f16;Kullen Förskola;Tillagning;Lundhagsvägen 3B;Hovsta;2009-08-17;5;2026-09-04
eeeb586d-43c2-4ff0-88a5-a05b4b2b9389;Kullens Kvarn;Buffert;Kvarnbackevägen 1;Glanshammar;2019-03-28;3;2025-12-04
fa47411a-3a60-41f1-a77c-e688a5eb5131;Kulturbistron;Restaurang;Nygatan 1;Örebro city;2021-06-09;5;2025-04-02
1468cb0b-e3c2-4b01-9461-49bf0351f894;Kunskapsskolan;Tillagning;Åstadalsvägen 4;Almby-Ormesta;2010-08-17;3;2025-09-02
3ab28475-af41-4b8a-a83e-989c27da5c13;Kusinen by Sorella;Restaurang;Stortorget 11;Örebro city;2016-04-01;10;2026-04-22
98834ebe-46b9-40a6-af49-5ccb532445f1;Kvarteret & Co;Restaurang;Engelbrektsgatan 6;Örebro city;2019-10-10;8;2025-04-03
b2b6724a-a347-470a-b731-0593012ebfc5;Kvinnersta skolmatsal;Tillagning;Kvinnersta 533;Ervalla-Ölmbrotorp;2025-06-17;1;2025-09-09
d64680af-2bca-4584-92a3-8fc74711b601;Kvällsmys;Butik;Granrisvägen 23;Brickebacken;2023-11-30;7;2025-11-21
e507aa31-de39-421d-b42d-e0b629370013;Kårsta Golfrestaurang;Restaurang;Kårsta 811;Ervalla-Ölmbrotorp;2018-04-18;9;2025-10-14
ef175635-63e2-41eb-b6ff-63a405f519d3;Kårstaängens Förskola;Tillagning;Kårstavägen 42;Hovsta;2007-04-30;6;2023-05-31
c56ed35f-8538-48e4-bb61-7bf757f8d8c2;Köket Restaurang & Pizzeria;Restaurang;Smidesgatan 3C;Baronbackarna;2018-01-01;10;2026-09-18
d2df33b4-f3cb-4268-836c-7d482ae693fb;Köttbutiken Nr 1;Butik;Storgatan 22A;Örebro city;2024-04-04;8;2026-09-04
01575087-e880-4d40-9b4b-f23367df0bf7;L.e Vegetables Company AB;Buffert;Ytterby 616;Östernärke;2006-12-15;6;2026-02-26
fa9cec51-8ea4-4384-9921-111d93043d61;La Gondola City;Pizzeria;Rudbecksgatan 14;Örebro söder;2012-01-13;10;2026-02-12
d2f1c258-6579-40ef-96be-212fcb0cb4c9;La Gondola Pizzeria;Pizzeria;Järnvägsgatan 26;Örebro city;2018-02-22;10;2026-04-02
c5c01be2-9876-4855-a3ca-0a5517c10db9;La Pampa Steakhouse;Restaurang;Ringgatan 19;Örebro väster;2013-08-08;9;2026-02-19
f8a2eb3b-528d-4156-89dc-2bdc42730de4;La pasta;Café;Stenbackevägen 6;Ladugårdsängen;2026-02-11;1;2026-04-14
99482e4a-ae46-4e41-b23c-bc5af04297c0;La Pizza;Pizzeria;Rynningegatan 12;Örebro norr-CV;2013-07-01;10;2026-05-29
b51f28bb-3e3a-4c67-aac2-9adb4e7fb237;La vie;Café;Engelbrektsgatan 22;Örebro city;2025-08-22;1;2026-07-17
0682cf7e-d165-4d71-9ff8-cc4da801beb1;Lagan Förskola;Tillagning;Vallnäsvägen 7;Holmen-Hjärsta;2007-09-12;4;2023-09-18
01c9b890-2feb-47fb-9a6d-2134a4c76128;Lager Wolt Market;Buffert;Aspholmsvägen 5;Brunnsgärdet-Lindhult-Nasta;2025-02-26;2;2026-08-13
73cb9ade-f1ef-434e-823a-3e9fff1dc8de;Lagerhaus;Butik;Drottninggatan 17;Örebro city;2011-10-11;2;2025-09-23
2014108b-7310-4796-bae8-6605ded2bbf2;Lagerhaus AB;Butik;Säljarevägen 1;Marieberg-Mosås;2009-07-13;4;2025-06-23
3088a0f0-21ef-45e5-bfb7-36694246c410;Lakritskaféet;Café;Eldvalla 309;Glanshammar;2025-02-28;1;2025-06-17
3354ca9a-054a-4acb-b89e-5c63c34b6083;Lana's kolgrillsbar;Restaurang;Storgatan 5;Örebro city;2018-06-28;10;2026-05-04
f231b0c6-9cb4-4c84-b4eb-5d1a2601465c;Lantmännens Siloanläggning;Buffert;Industrivägen 4;Östernärke;2008-10-24;3;2025-11-06
574a002e-9c87-44ee-9438-3d3a08f5a008;Lars Wivallius Förskola;Tillagning;Lars Wivallius Väg 101;Baronbackarna;2009-10-28;3;2025-09-03
b2e4ba34-dc5c-4f36-9667-c4be28ae396d;Larsgården Förskola;Tillagning;Hjärstavägen 36;Baronbackarna;2007-11-26;5;2023-04-03
6a2a7789-9e3a-4b98-8aa9-31e55b9eed4c;Latorps Förskola;Tillagning;Åsvägen 17;Latorp-Täby-Vintrosa;2016-05-26;4;2025-10-03
182c51db-a65e-42ff-b2d5-ffa8a786654a;Latorps Skola;Tillagning;Åsvägen 17;Latorp-Täby-Vintrosa;2007-12-12;8;2025-10-03
378c9e45-bc8b-4f34-9b57-3c269e082a8d;Laurentiusgården;Tillagning;Norrbackavägen 1B;Örebro norr-CV;2007-07-26;5;2025-08-07
af3096bf-0107-4ae5-9e86-8851fc1abd75;Lavendelgårdens Förskola;Tillagning;Hemmansvägen 98;Tybble;2014-02-19;6;2025-09-11
82919038-caad-4466-a749-e592e4adb1b2;Laweka Gross AB;Buffert;Engelbrektsgatan 10A;Örebro city;2024-12-17;1;2025-03-03
33bec960-9133-486d-b5ec-d2bc60b9396c;Layali Beirut;Restaurang;Hjalmar bergmans väg 1A;Holmen-Hjärsta;2024-12-04;3;2026-05-15
b8e8ce6f-741c-4a80-84a0-badf6747a06a;LBS Kreativa gymnasiet;Tillagning;Isgatan 2;Eklunda-Sörby;2021-05-20;2;2025-05-14
5e0ef00e-1f0c-4234-b2ac-a66baf34bbee;Leffes Godis;Buffert;Mosjö 162;Marieberg-Mosås;2010-05-03;5;2024-10-15
9bfa642c-16a4-4040-bf4f-bb0e27b22c5c;Leif Perssons Konfektyr;Buffert;Björkrisvägen 1S;Brickebacken;2008-10-15;1;2022-04-20
3245f2e5-860d-4d43-8621-689379e66a76;Leklunden Förskola;Tillagning;Prinsgatan 2;Örebro väster;2015-02-02;6;2025-08-26
4be387c2-a46d-4463-a157-e5a10c029fc5;Leklustans Förskola;Tillagning;Eriksbergsgatan 3;Brunnsgärdet-Lindhult-Nasta;2017-09-19;8;2026-01-15
15be7046-b2e3-4e9b-ba2b-9884f12f1c78;Leo´s Lekland;Restaurang;Bolagsvägen 4C;Marieberg-Mosås;2017-10-27;7;2026-05-21
ef581787-7d16-479f-9976-b112a7496317;Lergöken Förskola;Tillagning;Mejramvägen 94;Sörbyängen;2007-03-27;5;2026-03-25
22331778-70e4-4774-a907-4086c78d31d5;Lia-Gymnasiet;Tillagning;Karlsgatan 32D;Markbacken-Västra Mark;2025-10-28;2;2026-04-16
647fbcc9-502c-4657-b4da-80f8f6068fa2;Liath Drinks AB;Buffert;Röksvampsvägen 4;Ekeby-Almby-Hidingsta-Stora Mellösa;2020-05-07;5;2024-12-18
f05b1f28-cd43-4182-841f-9f20bce1bb0b;Lidbergs Åkeri AB;Buffert;Gryt 404;Brickeberg-Norra Bro;2022-03-29;2;2025-07-31
abc8999f-1fa2-4626-a3b0-ec268123e05f;Lidl 127 Örebro (Rosta);Butik;Karlslundsgatan 61;Rosta-Örnsro;2009-03-16;7;2026-08-11
0a9ec6b9-d396-4508-b4cf-421ae5732bb6;Lidl 338 Örebro (Rynninge);Butik;Björkbacken 4;Rynninge-Grenadjärstaden;2018-01-17;6;2026-04-21
093e735c-c5fa-411d-be5b-13d182b0cad1;Lidl centrallager Örebro;Buffert;Vältgatan 1;Latorp-Täby-Vintrosa;2019-08-02;10;2026-06-24
620c22bc-919b-4f1f-a47a-91b07fe0207d;Lihnells;Restaurang;Hjälmarsberg 311;Ekeby-Almby-Hidingsta-Stora Mellösa;2025-07-11;1;2026-05-26
283db4d7-2a2b-4632-aac2-2e9dc28c1a26;Lill-Annas Brödförsäljning;Butik;Södra Grev Rosengatan 18B;Örebro city;2015-09-29;2;2026-02-05
77765362-dcee-4946-966e-6b32fcb8fc02;Lill-Annas Slottscafé;Café;Kansligatan 1;Örebro city;2018-11-13;8;2026-09-30
81c19878-89a8-448c-b697-1aa80afde95d;Lilla Grodans Loppis;Café;Bärsta 306;Ekeby-Almby-Hidingsta-Stora Mellösa;2021-05-12;2;2025-05-15
32b3aedf-e876-4078-af28-ec4174b968f6;Lilla Napoli;Restaurang;Forskarvägen 1;Adolfsberg;2025-09-11;1;2025-10-28
584e3bfe-a17b-4592-b277-1fe205f03744;Lilla Thai Restaurangen i Stora Mellösa;Restaurang;Mällsavägen 13;Ekeby-Almby-Hidingsta-Stora Mellösa;2021-06-30;9;2025-03-19
2e3e8a5e-21a6-4547-823d-5aaba343235b;Lilla Örebro;Restaurang;Köpmangatan 10;Örebro city;2018-07-04;10;2025-08-20
af94c306-a6b6-428f-870a-e995aa35c900;Lillkyrka Förskola;Tillagning;Kärsta 912;Glanshammar;2007-09-03;9;2026-09-04
60da920a-e03e-4951-99d5-96ad6e148082;Lillåns Förskola;Tillagning;Klockarängsvägen 13;Lillån;2019-01-14;5;2026-08-27
bbbd00ea-98c0-4e12-9596-f534ef9ce1c3;Lillåns grill och pizzeria;Pizzeria;Klockarängsvägen 1;Lillån;2025-05-28;2;2026-06-24
2670ed5f-3df2-468c-9b53-68f8784e3157;Lillåns Skola;Tillagning;Kyrkvägen 5;Lillån;2007-10-22;9;2026-05-18
9714b49f-682b-4ee2-a8cc-f01a6a447a5f;Lillåns Södra Skola;Tillagning;Åkervägen 37;Lillån;2009-01-21;7;2026-05-18
c1dbf6e0-467a-4b9e-b37a-e7574d55d108;Limoeurope AB;Buffert;Ormestagatan 1A;Näsby-Norra Ormesta;2011-04-06;2;2022-05-06
443899d0-db95-4682-9b0c-c049885678d0;Lindbacka Galleri;Café;Lindbacka 402;Latorp-Täby-Vintrosa;2020-07-08;4;2023-08-09
ac1e2a28-6ee6-49e9-bb7f-2a508466041d;Lindbacken gård;Buffert;Furunäsvägen 2;Ervalla-Ölmbrotorp;2024-12-06;2;2026-06-26
2a9f5fbe-9942-4560-88df-0ea7641b225b;Linden förskola;Tillagning;Visgatan 7;Vivalla;2024-09-17;3;2026-03-23
c1236161-50e4-4acc-80b2-398b369d9ebc;Lindhultsgården;Tillagning;Lindhultsvägen 2B;Brunnsgärdet-Lindhult-Nasta;2011-05-09;7;2026-05-07
da5ef769-2737-4d68-a728-0fade3ea4e7f;Linnéas;Café;Mosåsvägen 112;Brunnsgärdet-Lindhult-Nasta;2021-12-21;1;2022-02-01
01280c55-c2ad-47a7-805e-ae48c9acbc68;Lion Bar;Restaurang;Engelbrektsgatan 8;Örebro city;2009-04-26;4;2025-03-18
ca1b5701-a1bf-41f8-9d9f-bb117ce524bf;Livin Station;Café;Östra bangatan 3;Örebro city;2020-01-03;5;2024-11-08
e1a54873-17cf-46c2-a7ee-9d579ad0deb5;Ll' Amice;Restaurang;Storgatan 23;Örebro city;2023-03-07;5;2026-09-02
253325f6-e4b5-4234-8ad6-58d8f8ea8ffc;Lokus;Pizzeria;Näbbtorgsgatan 2;Örebro söder;2016-11-01;10;2026-05-26
3a923232-76df-4fda-a990-f877dada81a7;Longevience AB;Buffert;Kungsgatan 1;Örebro city;2025-04-25;3;2026-08-25
9141fec8-0162-4387-8875-670349412716;Lottas Naturevent Bergslagen;Café;Falla 220;Garphyttan-Närkes Kil;2021-11-10;2;2024-08-29
79bcfe68-6315-4274-9c34-ffc393374307;Lucullus Hemköp;Butik;Storgatan 13;Örebro city;2007-11-30;10;2026-08-21
a3182cb4-7377-4633-b039-827b8231526b;Lundby Grill & Festvåning;Restaurang;Bärnstensvägen 2;Lundby;2026-06-10;1;2026-08-28
0136a235-0d58-4fbc-a202-338cef1e488b;Lundbyskolan;Tillagning;Bärnstensvägen 4;Lundby;2008-10-30;10;2026-05-05
1b211d4d-83fe-4177-8f6b-b4a448f09b9e;Lundhagskyrkan;Café;Kårstavägen 31;Hovsta;2010-06-18;2;2025-02-28
cce53028-0fa2-47a3-80fa-5fe5506d6a07;Lundin Transport Örebro AB;Buffert;Transportgatan 4;Brunnsgärdet-Lindhult-Nasta;2021-03-23;2;2024-11-27
50174684-ee4f-41c1-b80d-d9c9faae3ad1;Lustiga Landet Café;Café;Säby 125;Latorp-Täby-Vintrosa;2020-01-13;5;2026-07-07
8a139f6e-e0f6-4f6a-ac3d-6dcc20029666;Löwenhjelmska Vårdboende;Tillagning;Harriet Löwenhjelms Väg 26;Mellringe-Björkhaga;2011-04-11;4;2025-10-13
9b03aa88-5204-418b-b72a-f903799e0d62;Mad Madz Hot Sauce;Buffert;Gryt 355;Brickeberg-Norra Bro;2019-03-22;1;2024-01-05
956774e1-5e57-4939-bd54-1a63ec31ed02;Magelungen Heldag Örebro;Tillagning;Skolgatan 24;Örebro city;2010-12-29;5;2025-10-01
21ded6f0-dca3-40ff-b40d-055591719433;Makeriet;Restaurang;Kungsgatan 3;Örebro city;2018-11-22;10;2026-03-27
dd6c949e-e09b-4b37-8d70-77845f6ddd7a;Malins Hembageri;Café;Engelbrektsgatan 70;Eklunda-Sörby;2014-12-31;7;2025-11-11
05d60fe3-e72e-41b9-aa98-3d430f02a804;Malvia;Buffert;Filarevägen 14;Lillån;2012-01-01;6;2026-06-12
3c058860-2c07-4bdb-8f95-eba3e5c16352;Mamma Mia pizzeria;Pizzeria;Trädgårdsgatan 3A;Örebro öster;2023-09-13;9;2026-04-08
1cfd2d2f-c369-4d1c-a3f6-cc1ddb9d9091;Mamma Mia Pizzeria - nyregistrerad;Pizzeria;Trädgårdsgatan 3A;Örebro öster;2025-12-17;0;
90844825-bf68-4456-8348-5478f21accb6;Manna;Restaurang;Östra via 234;Latorp-Täby-Vintrosa;2023-08-08;2;2023-12-22
7e4af9e1-3ab2-4f4d-8892-bb3cae300922;Margareta Festvåning;Restaurang;Drottninggatan 19;Örebro city;2024-04-24;2;2025-11-05
cb8efaec-475a-4299-9ce5-fe6040cfd335;Mariams Kiosk;Butik;Karlsdalsallén 40;Sörbyängen;2019-12-19;7;2025-04-09
c25b2fd2-8867-42df-9fc2-54eb77722a7c;Mariebergs Förskola;Tillagning;Drottning Kristinas Väg 4;Marieberg-Mosås;2011-02-22;6;2026-04-08
6411acfc-25e2-4d72-8f3a-1a50f2582e49;Mariebergsskolan;Tillagning;Drottning Kristinas Väg 4;Marieberg-Mosås;2007-11-19;7;2025-12-02
8d8bd99e-45af-4209-ac06-fc7a4e96152a;Mariedal;Buffert;Fällersta 417;Ekeby-Almby-Hidingsta-Stora Mellösa;2025-05-09;1;2025-06-26
62dff7dc-47c4-4d77-b23c-b04c4a49d9e1;Marin grill meze;Restaurang;Fredsgatan 5;Örebro city;2025-07-23;4;2026-06-23
7a215604-8541-42d4-a90a-a3c8a721ff64;Markbackens Dagrehab;Tillagning;;;2011-04-27;3;2023-10-31
d72448a7-82db-4e6a-95a0-1cd21b022cc8;Markbackens Tobak och Spel;Butik;Örnsköldsgatan 7;Markbacken-Västra Mark;2008-10-23;3;2025-11-18
e364f8ec-5d4e-4101-987f-271d45b7c355;Marklyckans Kök;Tillagning;Karlsgatan 24;Markbacken-Västra Mark;2008-03-03;9;2026-08-12
ad1dea2c-003a-44b6-adb0-4c495703553b;Maskin och Transport i Örebro AB;Buffert;Berglundavägen 10B;Latorp-Täby-Vintrosa;2014-10-01;2;2025-09-12
34d099c5-ffe5-417d-9b0e-29cb793068f0;Matmissionen;Butik;Storgatan 7;Örebro city;2025-05-16;2;2025-10-20
7a67035d-a656-4530-9eba-4e8b96fe58c1;Matmäklare S.A;Buffert;Västra vintergatan 166;Rosta-Örnsro;2026-07-29;0;
8b8d3ff6-1c7f-497c-b00b-049a2f692858;Matsmart (lager);Buffert;Vältgatan 8;Latorp-Täby-Vintrosa;2022-01-28;3;2026-06-18
8f5ae175-f037-4087-afc8-e88015fbd02a;Matverket;Restaurang;Nastagatan 13;Brunnsgärdet-Lindhult-Nasta;2026-05-11;1;2026-06-02
2c5574a5-33fe-4f8a-b2e4-5d6810e2415c;Matöppet Lövstahallen;Butik;Lövstagatan 22;Örebro väster;2015-09-01;10;2026-04-23
100df19e-427f-48ca-a62b-ae56fd166a84;Max Hamburgerrestaurang Behrn Arena;Restaurang;Rudbecksgatan 52E;Eklunda-Sörby;2006-07-13;9;2025-09-23
4aa397f3-5816-4ab4-b9eb-825b845ccf1e;Max Hamburgerrestaurang Eurostop;Restaurang;Boglundsgatan 2;Lundby;2006-12-04;10;2026-01-15
a090c75a-f7af-44d9-9c07-1adac1b9ad33;Max Hamburgerrestaurang Marieberg;Restaurang;Kundvägen 2;Marieberg-Mosås;2006-09-01;10;2026-08-27
05801741-9179-40bf-a339-35a894a9c505;Max Örebro-4 Lillån;Restaurang;Saluvägen 2;Lillån;2018-09-19;8;2025-04-16
7a09023b-bcc4-41e7-8522-477fe24d30f9;Mcdonalds Marieberg;Restaurang;Varuvägen 12;Marieberg-Mosås;2024-08-30;4;2026-08-27
03622de9-2b78-4f31-a0be-f0920548a497;Mcdonalds Södermalmsplan;Restaurang;Södermalmsplan 1;Örebro söder;2021-03-22;10;2026-09-17
4179cc37-c095-4cce-99ef-9d9cb18c932e;Mcdonalds Västhaga;Restaurang;Västhagagatan 3;Västhaga-Solhaga;2021-03-22;10;2025-10-31
96b155aa-350a-4969-bf7c-42d0e45f6978;Meals on Wheels;Buffert;Granrisvägen 4R;Brickebacken;2025-05-21;1;2025-08-15
f936ee9f-ef8c-4b2d-a323-34b5f674a7ab;Mega Kiosk Lillån;Butik;Kåvivägen 9C;Lillån;2022-02-03;5;2025-01-10
14a903d6-3312-4cbd-b02d-752b698d68f7;Meiwei;Restaurang;Stortorget 19A;Örebro city;2023-11-01;2;2026-04-07
2df04e5f-fad8-435b-974f-e59131bb0ac2;Mejeriets Förskola;Tillagning;Mejerivägen 30A;Hagaby-Ringstorp;2018-06-04;6;2026-01-09
616ae745-958d-43ca-b05f-e4bd7d371a27;Mellansvenska Konfektyrer;Buffert;Kristinebergsvägen 5C;Marieberg-Mosås;2014-02-17;5;2026-05-27
97ef503f-cb2b-495a-8c80-2b364ba2ef3f;Mellringe Café;Café;Irisgatan 80;Mellringe-Björkhaga;2025-11-19;2;2026-05-25
45d11642-f365-44fc-b8cd-1c656ab9ad7e;Mellringeskolans Kök;Tillagning;Återbruksvägen 11;Mellringe-Björkhaga;2007-08-14;8;2026-08-20
16ebb1a1-52a7-4c77-8d2e-5c564f1ed5b6;Meyer Logistics Sverige;Buffert;Vältgatan 1;Latorp-Täby-Vintrosa;2026-03-09;1;2026-03-26
e94bf90a-21c7-4187-b411-342fdacd4f78;MIJU - Asiatiska köket i Glanshammar;Restaurang;Gamla arbogavägen 1B;Glanshammar;2025-10-03;3;2026-09-10
83ee173a-2ca4-4460-b618-d2cb89ae5825;Mikaeligården Vårdboende;Tillagning;Barongatan 7;Holmen-Hjärsta;2023-10-20;4;2025-11-19
e74c2fd8-ed1a-4d4a-9e2c-6ce8c8ec09c0;Millbrooks World Wine & Spirits AB;Buffert;Näset 314;Marieberg-Mosås;2024-03-14;1;2024-04-30
716f0d94-6e5b-41ab-8776-1a83a8ff7356;Mitt i smeten;Café;Vaktelvägen 2;Västhaga-Solhaga;2024-03-08;4;2026-04-22
ed955d11-d6ec-4b37-93d5-fd5395844996;MJ Catering AB;Tillagning;Järnvägsgatan 25A;Örebro city;2026-02-26;1;2026-04-22
3380506e-325b-45b9-bf37-9ee0cf03d21f;MK Transport i Örebro AB;Buffert;Bäck 530;Latorp-Täby-Vintrosa;2025-05-08;1;2025-11-13
31d63ff7-d6e0-4910-8b4f-ff0e69c0e5fa;MM'S Café Med Mera;Café;Slottsgatan 6C;Örebro city;2026-03-18;1;2026-05-26
91ffd11b-2947-475a-ac4d-890cb7055126;Mobil Livsmedelsverksamhet AL;Buffert;Tornfalkgatan 21;Varberga-Oxhagen;2024-10-17;3;2025-05-27
dfab2c34-9c5f-45a8-96f6-52b8166a6d88;Mobil Livsmedelsverksamhet Edvins grill;Buffert;Varbergagatan 151;Varberga-Oxhagen;2023-07-25;7;2026-06-25
a1e0e36c-7096-4224-bccc-2f00179d5f9c;Mobil Livsmedelsverksamhet Felix hus;Buffert;Nygatan 71;Örebro öster;2023-03-03;1;2023-10-27
7cacc81d-003e-464b-8381-9e656bc2f872;Mobil Livsmedelsverksamhet Fine Deli;Buffert;Utmarksvägen 21;Hagaby-Ringstorp;2023-09-21;2;2024-09-11
4071539f-20dd-4e84-acaa-dc9ab1e9078a;Mobil Livsmedelsverksamhet JE;Buffert;Filipshyttan 512;Garphyttan-Närkes Kil;2021-11-02;2;2025-05-20
bb5182b4-075b-4a82-a00d-71fa5c7d7b42;Mobil Livsmedelsverksamhet MG;Buffert;Vivallaringen 12B;Vivalla;2025-05-26;3;2025-07-04
a14330c9-702a-47e0-b859-1fdef95f930a;Mobil livsmedelsverksamhet MH;Buffert;Drottninggatan 49;;2026-09-28;0;
65355798-97cf-496b-8cfb-6cd18df71896;Mobil Livsmedelsverksamhet NE Promotion AB;Buffert;Rinkaby 217;Glanshammar;2025-04-30;2;2025-09-16
a12948dc-1444-43c5-9ad8-f9a13f289ee3;Mobil Livsmedelsverksamhet Nerda jordgubbar;Buffert;Poesigatan 18K;Vivalla;2024-05-23;1;2024-06-13
446b56ac-5978-4c4a-b0a7-b66e786844ef;Mobil Livsmedelsverksamhet Outsider Classic Delikatesser;Buffert;Västra vintergatan 25;Rosta-Örnsro;2024-08-15;0;
c8fcae6d-3428-43be-8e97-f4fc29b4279f;Mobil Livsmedelsverksamhet Pannkakskyrkan;Buffert;Granrisvägen 23;Brickebacken;2016-01-21;2;2022-11-18
779fb2d7-2dc1-41b2-902b-b0f3c41907f8;Mobil Livsmedelsverksamhet Pizzavagnen i Närke AB;Buffert;Södra vägen 12;Brunnsgärdet-Lindhult-Nasta;2022-12-02;2;2025-10-15
611ebd05-5776-4920-847d-bacdbcfe50ef;Mobil Livsmedelsverksamhet PO;Buffert;Gamla gatan 13;Örebro city;2021-06-17;5;2026-09-25
65403728-7f7d-42f3-9e7c-510a6e65e1a5;Mobil Livsmedelsverksamhet Super Oliver;Buffert;Stödjegränd 2;Västhaga-Solhaga;2024-09-16;1;2024-11-15
f4d92538-caa6-4642-b1cc-3b338cd94e0b;Mobil Livsmedelsverksamhet Sweet box;Buffert;Tunnbindargränd 4;Örebro söder;2024-07-18;1;2024-10-18
074b65fa-8f9b-4987-94a6-96a8ee313dc9;Mocca Deli;Restaurang;Stortorget 7;Örebro city;2018-08-23;10;2025-09-23
db4a41f4-c0d9-47fe-a25c-f4050765697a;Mogetorps Wärdshus;Restaurang;Mogetorp 123;Ervalla-Ölmbrotorp;2011-11-15;10;2026-04-02
440b53c0-3dbd-4bac-af17-4c08ce3b6675;Mojo Hotel;Restaurang;Stortorget 12;Örebro city;2019-01-31;9;2025-08-19
6b686b5f-ced5-4fcb-b2d9-4dc76c84a8f4;Mojo Restaurang;Restaurang;Stortorget 12;Örebro city;2022-12-09;7;2026-03-04
15457314-6ac3-49c3-a0e1-333afa2735c5;Mona pizzeria;Pizzeria;Skolgatan 44B;Örebro norr-CV;2024-12-06;3;2026-05-20
e015e591-d988-4e7a-a15c-20dd506fa538;Mosjö Förskola;Tillagning;Prästgårdsvägen 22;Marieberg-Mosås;2008-01-01;2;2023-02-21
8bbb46be-d0d0-4bb5-9800-d252db3fa888;Mosjö Golfrestaurang;Restaurang;Mosjö 116;Marieberg-Mosås;2023-03-06;3;2026-09-28
735c1ee1-c2cf-47e0-bd8d-1b79a82e12c5;Mosjö Skola;Tillagning;Bodekullsvägen 14;Marieberg-Mosås;2008-01-28;6;2026-06-09
04451658-a156-48e0-b41d-0a2a3f7247eb;Mosås gruppbostad;Tillagning;;;2023-04-05;4;2026-02-23
48d6e42e-b27a-4077-8358-70808e1091ee;Mosås stationskafé;Café;Karlsrovägen 9;Marieberg-Mosås;2025-06-05;1;2025-08-14
df50b090-75e8-4c5b-90fd-94228c2448f0;Mosåsterminalen;Buffert;Paketvägen 6;Marieberg-Mosås;2015-03-01;2;2025-03-21
61c9242e-ea4c-4c93-be9f-7efe7df5a0fa;Mr Gusto;Restaurang;Termikgatan 49A;Ladugårdsängen;2026-08-18;0;
7bc1a78f-ac5a-4aed-b005-c320dcfffbac;Mr Marcus AB;Restaurang;Bertil waldéns gata 14;Örebro öster;2022-03-31;1;2022-06-21
f6baad4b-7b40-4ea4-be5d-f3c0bebb58b8;Mr. Fries;Buffert;Nytorpsvägen 38;Marieberg-Mosås;2024-05-02;3;2026-09-15
f994fa72-eb27-4663-b57a-b6954cb0470b;Mr. pizza;Pizzeria;Åstadalsvägen 1H;Almby-Ormesta;2020-12-16;8;2026-05-21
2b228cb0-cbe4-4b9a-b4c4-6be2ceab02e0;Multigruppen;Tillagning;;;2019-11-01;8;2026-05-27
1c9444c6-312d-4908-be0a-b37d339bd8b3;Murgrönan Förskola;Tillagning;Östra Vintergatan 3;Rosta-Örnsro;2006-11-01;4;2025-09-04
29c6d89b-cdba-4761-b53b-33b558ba5995;Must;Buffert;Hålahult 848;Garphyttan-Närkes Kil;2026-08-10;1;2026-09-15
1d58ecc1-d1b3-4821-9e61-b77419afa0c0;Mynta Österplan;Restaurang;Förmansgatan 15A;Örebro öster;2026-05-26;2;2026-05-27
007b6d7d-ecae-4974-aac1-5ee3db6b68fd;Myrö Gård;Restaurang;Myrö 912;Glanshammar;2012-08-23;2;2024-11-25
4683243a-f98e-4ff2-89d4-f062f4f77019;Nagomi sushi;Restaurang;Termikgatan 43;Ladugårdsängen;2025-10-02;1;2025-11-19
027b948c-fde0-4e24-8107-66e87b08c1da;Nattsudd;Restaurang;Drottninggatan 14;Örebro city;2016-01-01;10;2026-02-10
eb1ca96e-5ad0-467e-abe2-2a457df53771;Natu Sushi & Kitchen City;Restaurang;Drottninggatan 20;Örebro city;2024-09-20;3;2026-09-03
fb6be087-f2bd-43d2-b91f-6bf5d89a60a3;Natu Sushi & Kitchen Ekersgatan- Nyregistrerad;Restaurang;Ekersgatan 14;Örebro väster;2026-02-18;1;2026-03-18
9b900222-0ff6-4432-b460-6738a0ac380f;Natu Sushi & Kitchen Ladugårdsängen;Restaurang;Storbackavägen 8;Ladugårdsängen;2022-09-12;5;2025-05-13
b6140a03-7469-424f-bd0e-950b087c8434;Natu Sushi & Kitchen Ladugårdsängen - nyregistrerad;Restaurang;Storbackavägen 8;Ladugårdsängen;2026-09-16;0;
16bbb2b4-8954-4626-a989-faf7b3d67d13;Naturens Hus;Restaurang;Oljevägen 15;Örebro norr-CV;2006-08-10;9;2025-12-17
f458cee8-ca8b-4604-b435-c0e52185f467;Navets skola;Tillagning;Loftbodsgatan 1;Ladugårdsängen;2007-12-03;7;2025-05-20
ec1c83b0-26a5-48f0-aea8-e7bd34847e1c;Naya restaurang;Restaurang;Varuvägen 2A;Marieberg-Mosås;2026-03-20;3;2026-09-17
58928974-2fa3-4766-9691-2be94b2edeab;Naya Restaurang & Bar;Restaurang;Varuvägen 2A;Marieberg-Mosås;2018-05-15;10;2026-03-04
dd119161-59d4-4574-adc2-9f61255ef67b;Nejlikan Förskola;Tillagning;Nejlikegatan 1;Mellringe-Björkhaga;2007-03-19;2;2025-05-05
32591bfa-a937-4889-bad2-3ae96d637283;New China Trading;Butik;Köpmangatan 9;Örebro city;2021-07-30;3;2026-02-10
19931a7d-1ec1-405f-8e8b-bf5b66de2965;NHASYR;Buffert;Transportgatan 4;Brunnsgärdet-Lindhult-Nasta;2024-10-01;2;2024-11-28
0bb16316-f5be-4e0c-8d02-99531540a719;Njuta lounge & burgers;Restaurang;Storbackavägen 3;Ladugårdsängen;2022-04-22;10;2026-09-02
7b11009c-453e-454e-b5a6-36267ffd9b7e;Nobel;Restaurang;Västra nobelgatan 19B;Örebro väster;2024-07-25;5;2026-09-25
01dcca43-10a9-4331-a05c-cb02b9b0b358;Nollnitton Frakt Kyltransporter;Buffert;Handelsgatan 3;Brunnsgärdet-Lindhult-Nasta;2017-04-03;3;2026-05-05
0aa1f42a-2a50-4d5c-892e-25cb017c6c82;Nordic Wellness Adolfsberg;Café;Adolf mörners plan 4;Brunnsgärdet-Lindhult-Nasta;2024-02-27;3;2026-04-16
3e62578e-2272-4a38-a612-f86582a2d528;Nordic Wellness Arena;Café;Isgatan 7;Eklunda-Sörby;2021-09-23;2;2025-05-21
0cb3b0a7-d11f-4360-b5b7-7123e9d11fd8;Nordic Wellness City;Café;Köpmangatan 31;Örebro söder;2021-09-23;3;2025-03-24
b142851e-473f-4af4-ab7b-e605f8d2a021;Nordic Wellness Marieberg;Café;Säljarevägen 8D;Marieberg-Mosås;2021-09-23;2;2025-01-22
038cf755-3303-46be-a949-c69d23838ef1;Nordic Wellness Örebro central;Café;Östra bangatan 40;Örebro city;2025-11-19;1;2026-02-06
56cffaca-592b-41f3-8494-e6f7f57d2b31;Nordic Wellness Örnsro;Café;Idrottsvägen 31B;Rosta-Örnsro;2021-09-23;2;2025-04-29
17798133-1120-455a-9afe-65cd1c15bdcf;Nordic Wellness Österporten;Café;Förmansgatan 15A;Örebro öster;2024-02-27;3;2026-04-01
4134066b-b0dc-4de6-ae83-e465412085bd;Norlandia förskolor Forskaren;Tillagning;Universitetsgatan 17C;Almby-Ormesta;2021-01-28;5;2026-09-07
2a97768e-6a4c-4068-b79c-1071487691ee;Normal Krämaren;Butik;Drottninggatan 27;Örebro söder;2021-09-03;1;2021-12-09
6c69923f-7acc-43fa-a4b4-6e35dc367143;Normal Köpmangatan;Butik;Köpmangatan 12;Örebro city;2025-11-04;1;2026-01-20
b1049f74-8d13-4478-99c3-fae5449fd91b;Normal Marieberg;Butik;Säljarevägen 1;Marieberg-Mosås;2018-05-15;1;2022-06-29
09efb940-1712-4d76-87b5-498cae8b4dae;Norra Spelhörnan;Butik;Skolgatan 46A;Örebro norr-CV;2013-03-11;5;2026-05-08
1639c6a9-a398-4f71-a826-509a57ae9b84;Norra Ässundet;Restaurang;Skävesund 563;Glanshammar;2024-04-08;4;2026-06-17
7131f5ad-715f-41b6-a13a-0dfea1c437dc;Norrby Pizzeria;Pizzeria;Höglundagatan 10;Rynninge-Grenadjärstaden;2022-01-04;7;2026-09-24
2acb8e65-2cd0-4618-ac9f-a7ea831e75e4;Norrbyhemmet Kök;Tillagning;Höglundagatan 21A;Rynninge-Grenadjärstaden;2009-03-26;9;2026-03-26
c2d2316b-fe9a-4a4c-a975-731fe63f5650;Norrbyskolan;Tillagning;Majorsgatan 7;Hagaby-Ringstorp;2010-03-10;9;2026-03-09
0e228b3d-6ad9-40d9-8cf4-1f1f69dd8cc6;Norrgårdens;Butik;Gunnarsökna 428;Glanshammar;2025-05-30;1;2026-06-15
8913c27f-96b5-46af-a454-f10176c0ac2e;Northern Star Brewing Company AB;Buffert;Aspholmsvägen 14;Brunnsgärdet-Lindhult-Nasta;2025-08-18;1;2025-10-15
7c56b716-4781-4c0c-b497-0c7f0bd09387;Northlifeness;Buffert;Bondegatan 9A;Örebro söder;2024-11-07;1;2025-01-23
41703d09-c64f-417e-a136-c8d09203caf7;Notstugan;Tillagning;Notstugegatan 5;Näsby-Norra Ormesta;2022-12-06;3;2025-08-28
9beaddfb-3164-4960-903a-b5670916874b;Nya Sandbacken;Tillagning;;;2022-12-14;2;2025-08-29
5497e012-10e4-4499-8b95-a92b0ea8f867;Nya Väster Tobak;Butik;Ekersgatan 17B;Örebro väster;2009-12-18;1;2024-05-02
8d3c87fc-d0ce-4f62-baf3-2cac54628fc9;Nybackens Förskola;Tillagning;Dolomitvägen 122;Lundby;2021-12-16;1;2022-02-28
3a9a2bd6-db86-4c6d-9f82-09fd12a8f6fe;Nyckelpigan Förskola;Tillagning;Ullavigatan 31A;Holmen-Hjärsta;2008-02-05;8;2023-02-20
5ba1b5d7-12df-42ed-8dc6-8c563ae79cc3;Nygårds Rökeri & Delikatesser;Buffert;Norra vinön 416;Östernärke;2019-05-22;5;2025-06-24
286163ac-6823-464f-ad57-4d67249457be;Närke Kulturbryggeri;Buffert;Beväringsgatan 2B;Rynninge-Grenadjärstaden;2006-06-12;3;2025-03-10
b178116b-2835-48c8-8eaf-5cd30b6ea246;Närkefrakt Ekonomisk Förening, Pilängen;Buffert;Pilängsgatan 15;Latorp-Täby-Vintrosa;2019-08-15;3;2025-12-03
e97c1bef-5f19-4368-b576-b22781cd9d52;Närkefrakt Holmberg transport AB;Buffert;Pilängsgatan 15;Latorp-Täby-Vintrosa;2025-05-26;1;2025-06-17
3ce10ce6-fb63-4f2c-b8be-edb1e375267b;Närkefrakt Opiboy Logistik AB;Buffert;Pilängsgatan 15;Latorp-Täby-Vintrosa;2025-05-13;1;2025-07-16
b2166154-6a29-4e89-ba54-325b2791bfae;Närkes Kils Skola;Tillagning;Hammarbygatan 4;Garphyttan-Närkes Kil;2007-03-27;5;2025-11-12
b07bd48f-2ba2-4512-a549-6950c2d5e07f;Näsby Förskola;Tillagning;Ormestagatan 11;Näsby-Norra Ormesta;2009-07-10;9;2025-03-04
df8da654-dfa6-4c31-b068-efd5b6070304;Nästegårdsvägens LSS;Tillagning;Nästegårdsvägen 33;Lillån;2021-03-01;5;2025-05-20
f8f28edd-5a66-4ff4-88a2-5d6a7601624f;Odd Fellow;Restaurang;Köpmangatan 7;Örebro city;2020-04-03;5;2026-02-20
00f2c46c-e826-45b0-a880-7d09a33986bf;Odenskolan;Tillagning;Örebrovägen 27;Östernärke;2011-08-22;8;2026-06-03
4fc5d4ad-8722-46cc-9aea-620e1cc6a9ee;Okq8 Hagmarksgatan;Butik;Hagmarksgatan 45;Almby-Ormesta;2020-09-18;4;2024-06-25
45ed37fd-a704-44a0-a338-1dd81fbbc8ab;Okq8 Södermalmsplan;Butik;Södermalmsplan 3;Örebro söder;2008-04-23;5;2025-08-15
3f331ff9-cd48-4ccb-80fe-20d16f39a72e;Okq8 Västhaga;Butik;Västhagagatan 7;Västhaga-Solhaga;2007-12-07;3;2023-06-27
ed9815c4-4a28-49c7-8248-0192d42f8302;Olaus Kiosken;Butik;Storgatan 55;Hagaby-Ringstorp;2025-08-28;1;2025-10-16
d134f61c-79d6-4512-af9d-cd9081cf90a7;Olaus Petri församling;Café;Sofiagatan 2A;Örebro norr-CV;2018-06-12;3;2025-02-05
3016f431-c4dd-4d34-beff-6d372bdc2167;Olaus Petriskolan City Kök;Tillagning;Oskarsparken 2;Örebro öster;2018-08-13;10;2026-04-10
4ed1b916-375c-4070-a966-d266f2b20159;Olaus Petriskolan Norr;Tillagning;Mäster Larsgatan 1;Örebro norr-CV;2006-11-07;9;2026-08-10
b7480949-4658-4308-8bbe-b2c162ddf555;Old road and friends;Buffert;Gryt 420;Ekeby-Almby-Hidingsta-Stora Mellösa;2018-08-22;2;2026-03-10
d2649704-e130-423a-84a6-21ce25e07ca4;Oliv Och Te;Butik;Köpmangatan 15A;Örebro city;2019-06-05;2;2026-06-24
29cfdd25-997a-4544-8c74-57585f743a03;Oliver Med Mera;Buffert;Industrivägen 4;Östernärke;2025-10-24;1;2026-05-19
212d303a-9c8f-41cc-a47a-1a34faf49da0;Olssons Magasin i Sjögesta;Butik;;;2020-02-26;2;2023-06-22
6b82d0a8-909f-423a-905c-9a734540ccd8;Område 6 Gräsgatan 1;Tillagning;;;2009-06-17;3;2025-08-14
cb31aec9-2059-45e2-9429-4136a5a5540b;Område 6 Gräsgatan 7A-B;Tillagning;;;2008-01-29;2;2025-08-14
b9c74c5e-2be2-4cb3-ba07-bbe4a4ba011d;Opalen Förskola;Tillagning;Varbergagatan 176;Varberga-Oxhagen;2007-03-07;5;2026-03-04
d7e137e5-7c3b-4b14-ad67-e969063df05a;Orient Gate Gross AB;Buffert;Transportgatan 4;Brunnsgärdet-Lindhult-Nasta;2025-10-22;1;2025-12-19
8ffe3b96-8913-4675-b0b8-21424bc35483;Oriental Farhan Livs;Butik;Storgatan 11;Örebro city;2019-08-08;10;2025-11-11
46930297-a031-4843-a78b-698f3380f928;Ormesta Glasscafé;Café;Ormesta 505;Almby-Ormesta;2021-11-09;2;2025-06-10
c5872541-f463-4a2b-8662-2737e16688d8;Oskarstorgets Förskola;Tillagning;Oskarstorget 11;Örebro öster;2008-03-18;4;2023-05-02
2f244463-76da-400e-b5e5-e04456c7f417;Osteria D'Alfonso;Restaurang;Storgatan 18;Örebro city;2024-07-18;3;2026-02-27
ab405251-be13-47d1-91b3-a1f922bd19b9;OT-gruppen;Tillagning;;;2019-11-26;4;2025-10-10
b5e8bca5-dcae-4009-b0aa-104d921ae66d;Ovolin AB;Café;Kvarnfallsvägen 8;Västhaga-Solhaga;2021-02-08;2;2025-06-04
0e223228-e2f3-4744-83ed-3259aa9e87db;Oxhagens Matcenter;Butik;Tornfalkgatan 25;Varberga-Oxhagen;2008-05-15;10;2026-01-14
7abcbc2a-b362-41e8-8aad-c96006a7c9d5;P:s Deli;Restaurang;Nygatan 26;Örebro city;2026-06-22;0;
7d1e2c5f-f642-42f5-9cf7-4f81a76c3d94;Paco's Marieberg Örebro;Restaurang;Säljarevägen 1;Marieberg-Mosås;2024-06-11;6;2026-09-15
67b117b0-dcda-4b6b-afe4-f468df63915e;Paladar;Buffert;Änggatan 18A;;2026-09-28;0;
ccaa1634-4b22-4917-8ba2-fafb876bf3b9;Paloma Restaurang;Restaurang;Längbrogatan 1A;Örebro norr-CV;2009-03-09;10;2026-02-12
57086c78-0eba-4655-a00c-c7fd8b4bdc7e;Parkteatern;Tillagning;Brunnsparken 7;Brunnsgärdet-Lindhult-Nasta;2020-07-08;10;2026-09-14
ebba8aae-0480-4115-b966-c641376bf2c6;Pasta La Vista;Restaurang;Åstadalsvägen 3;Almby-Ormesta;2024-06-25;5;2026-05-15
bf488374-a26f-4b0b-931b-7f3f79cf124e;Pennybridge Roasters;Buffert;Idrottsvägen 31B;Rosta-Örnsro;2015-09-25;2;2025-10-08
1503ac8f-f62e-42db-99d2-b41e79815dc0;Per-Andersgården Förskola;Tillagning;Per Anders Väg 8;Östernärke;2006-10-30;4;2023-04-12
2d0f6a4c-5240-47c3-a81a-d0c6b52f12bb;Pilgrim Supplements;Buffert;Karlsdalsallén 53;Sörbyängen;2025-09-30;1;2026-04-02
fe718a90-1e20-4e8f-90f1-6505cb7c37f7;Pinchos;Restaurang;Drottninggatan 38;Örebro söder;2014-11-17;10;2026-09-24
7eb401ee-6be0-4541-97cb-d75ba43fe5fd;Pitchers;Restaurang;Engelbrektsgatan 8;Örebro city;2008-03-12;10;2026-08-19
49e7dc1f-e25f-4bc3-8f29-b38aef66948b;Pizza Café Kruthuset;Pizzeria;Beväringsgatan 12;Rynninge-Grenadjärstaden;2011-11-18;10;2026-03-05
b5a9cbd3-7dcf-4979-9fe9-c2934a4ab475;Pizza Garden;Pizzeria;Moréns väg 2;Marieberg-Mosås;2025-02-28;3;2026-08-27
b9e92a38-1846-4214-81af-711caeeeec5c;Pizza Hut;Restaurang;Hagagatan 49;Västhaga-Solhaga;2008-11-05;10;2026-04-07
4085317b-3cb5-4bbd-8be0-0305f105a5f0;Pizza Time;Pizzeria;Änggatan 26A;Örebro söder;2022-09-08;9;2026-09-02
92b43859-492a-48e6-9392-1e52ab44fb80;Pizzabud Hawaii;Pizzeria;Ånstagatan 17B;Rosta-Örnsro;2015-06-01;7;2025-09-17
05893a3b-da1d-4a96-b04f-c64ab0e93fda;Pizzabutik Athena;Pizzeria;Lövstagatan 31E;Holmen-Hjärsta;2014-02-10;10;2026-01-22
75da336b-f0a0-4b27-ad5d-bb49cc0070ea;Pizzeria Ekeby Almby;Pizzeria;Gamla hjälmarvägen 48;Ekeby-Almby-Hidingsta-Stora Mellösa;2021-10-15;6;2025-02-28
97512720-bebd-4d6f-b057-9f2fa2cb8d7a;Pizzeria Express;Pizzeria;Lövstagatan 9A;Örebro väster;2018-07-05;10;2026-05-27
525661b7-6ba2-4f42-ad40-a47104eaf54c;Pizzeria Falken;Pizzeria;Skolgatan 4;Latorp-Täby-Vintrosa;2016-02-29;10;2025-12-19
91f48cf9-0f00-4c4d-be8c-baec16fc6416;Pizzeria Garpen;Pizzeria;Kvarnvägen 3;Garphyttan-Närkes Kil;2023-03-09;6;2026-03-18
e5fbf117-cc46-44d2-96f2-aea4072e3828;Pizzeria light;Pizzeria;Vasatorget 6;Örebro väster;2025-10-16;5;2026-07-15
caa0a1fe-59aa-493c-8d8a-56d9a968040d;Pizzeria Loveteria;Pizzeria;Engelbrektsgatan 31A;Örebro öster;2025-12-19;1;2026-01-27
57d4a82e-b9c3-4adc-8c84-11b05e6aed06;Pizzeria Mellösa;Pizzeria;Parkvägen 2B;Ekeby-Almby-Hidingsta-Stora Mellösa;2019-08-20;8;2026-05-19
478a2f32-bb5b-45b2-a7ac-6bdcfdf25b17;Pizzeria Milano;Pizzeria;Engelbrektsgatan 25A;Örebro öster;2022-03-24;10;2026-03-24
eed66089-ac69-4fd4-bc8e-79da3a06cd54;Pizzeria Palette;Pizzeria;Köpmangatan 6;Örebro city;2011-12-13;10;2026-08-10
ebf2e22f-9db9-413a-8465-728294200bf3;Pizzeria Tre Kronor;Pizzeria;Folkungagatan 5B;Rosta-Örnsro;2025-02-13;3;2026-09-17
7020cfc9-cfca-48a0-9c14-133deb1d6295;Pizzeria viking & salladsbar;Pizzeria;Oskarstorget 8B;Örebro öster;2025-02-14;3;2026-01-23
ba636864-3e67-47fe-a556-3392155c2f70;Pj Inredning & Design och 24sju;Café;Ölmbrovägen 4;Ervalla-Ölmbrotorp;2017-09-19;7;2026-08-20
c164d231-0999-4050-8a0f-97110159a5d6;Plantagen;Butik;Monologgatan 2;Lundby;2018-08-22;1;2024-04-09
50426630-c423-4045-b8f3-85d291eab2cf;Polfärskt Bröd Närke;Buffert;Adolfsbergsvägen 4;Brunnsgärdet-Lindhult-Nasta;2011-04-07;2;2024-09-24
4a4fcb42-f127-41ab-94a4-b5b4c0d6c5c7;Pops Academy Karl Johan;Tillagning;Älvtomtagatan 56;Markbacken-Västra Mark;2023-06-08;3;2026-09-23
145dc31e-89b6-4a41-9140-41f017b2b768;Porten/Crossroads;Tillagning;Köping-hultgatan 6;Örebro norr-CV;2022-05-24;1;2022-07-06
a72839c5-6331-4366-bbe5-049d6216f6e4;Positivet;Tillagning;;;2022-12-02;2;2025-09-02
2bac8255-ad4c-4b2b-bf82-1dccd6e8286a;Praktiska Gymnasiet;Tillagning;Hagagatan 51;Västhaga-Solhaga;2023-08-10;1;2023-10-26
e1c2e13c-843b-4b7c-9167-019cd89e6bb5;Pranzo;Pizzeria;Vasatorget 2;;2025-07-17;2;2026-08-12
c1a4e454-67c8-4fe4-969a-0edb9efdef27;Preem Baronbackarna;Butik;Lars Wivallius Väg 2;Baronbackarna;2019-07-10;6;2026-08-21
165bfc4f-eab0-4644-9624-eef1da89c16c;Prego Örebro;Café;Fakultetsgatan 1;Almby-Ormesta;2022-10-05;2;2024-09-16
eefd282b-9cd1-4297-bf29-3d4e01389365;Pressbyrån 4050155 (USÖ, A-Huset);Butik;Södra Grev Rosengatan 24A;Örebro city;2014-01-29;9;2026-03-02
c8d5cdb5-cd79-4aca-9c7b-19598590a5b2;Pressbyrån Centralstationen;Butik;Östra Bangatan 1;Örebro city;2013-06-07;6;2025-10-07
60a1f037-5c8e-4c6b-90a0-b1fa582624f0;Pressbyrån Drottninggatan;Butik;Drottninggatan 14;Örebro city;2021-05-10;3;2026-06-09
83b8c106-c097-429b-aaf3-c451c9970af6;Pressbyrån Järntorget;Butik;Storgatan 3;Örebro city;2024-05-23;2;2025-11-18
76fc035a-6bc2-439e-b48a-c21e6e331c41;Pressbyrån Satellit L-huset;Butik;Södra Grev Rosengatan 24A;Örebro city;2023-11-27;3;2026-03-02
7464884c-c5b6-4197-b184-2328910ca8a4;Pressbyrån Universitetet;Butik;Åstadalsvägen 3;Almby-Ormesta;2021-07-02;4;2026-02-24
43c96963-4130-47fe-8957-474dea3a5f12;Pressbyrån Våghustorget;Butik;Drottninggatan 34;Örebro city;2024-06-07;2;2025-09-16
8416d36f-e942-4d48-a06b-9ec7a1f5e7e2;Princess Konditori;Café;Storgatan 47;Örebro norr-CV;2006-06-28;4;2024-10-23
fab1544a-ff55-4c21-982b-4b88bc92ade6;Proffsgymnasiet;Tillagning;Berglundavägen 3B;Latorp-Täby-Vintrosa;2020-08-04;2;2022-10-20
e67950e6-754e-426d-9586-6805088087c9;PrylOasen AB;Buffert;Mariavägen 4;Ekeby-Almby-Hidingsta-Stora Mellösa;2026-07-16;0;
8c759ee5-0cea-45f2-a7ea-4396c9c7d033;Prästebolsblomster;Café;Lännäs 525;Östernärke;2026-05-12;1;2026-06-05
90b0e10b-5f09-495c-8191-b69fa372c5f7;Psykosvårdens avdelning Karlahuset;Tillagning;Folkungagatan 33;Rosta-Örnsro;2019-02-15;5;2026-08-27
cb030cca-823b-4468-a11a-46e0b8722938;Punta Nera;Pizzeria;Järntorgsgatan 5;Örebro city;2024-05-23;2;2026-06-03
bc27f3d0-4ae1-4b81-adf9-9525f5b25998;Pär Mobile Coffee;Buffert;Lagmansgatan 24A;Örebro öster;2021-07-16;1;2021-08-31
97be4d51-cbec-42db-a680-697d1dfc1710;Pärlans Förskola/viktoriaskolan;Tillagning;Björkrisvägen 30;Brickebacken;2009-04-30;3;2023-04-12
7fb7a955-21d4-4be8-9958-74c6bf49b8ec;Quality Lounge;Café;Hertig karls allé 10;Örebro väster;2022-07-25;2;2025-10-29
95ba855d-1616-419c-ad3a-99bd2b03d61c;R.O.O.M. 55 City Vågen;Butik;Köpmangatan 21;Örebro city;2025-09-09;1;2025-10-21
5736c38a-e5c3-4fb4-9977-ece0dac155f9;R.O.O.M. 55 i Marieberg;Butik;Bolagsvägen 7A;Marieberg-Mosås;2022-03-25;2;2026-03-03
cef8c663-b4ab-4309-8ef5-0729f0dd552a;Rasmusbyn AB;Tillagning;Torpa 222;Ervalla-Ölmbrotorp;2017-02-21;5;2026-06-11
12cf3d3c-967d-4de8-9c61-588c47782d4e;Realgymnasiet Örebro;Tillagning;Aspholmsvägen 4;Brunnsgärdet-Lindhult-Nasta;2024-12-20;2;2025-02-25
dc283657-c7b8-472e-8830-041b24bee9d5;Regionhuset;Café;Klostergatan 23;Örebro city;2024-10-28;1;2025-01-28
4d69cb4d-7670-4841-9898-1ab7d4fa3e8d;Regnbågens Förskola;Tillagning;Kornellvägen 19;Hagaby-Ringstorp;2017-05-23;10;2026-01-09
66f3b8c7-ce2b-4ff7-bf99-ef98a3bbf649;Rejmes Personalrestaurang;Restaurang;Bettorpsgatan 4;Hagaby-Ringstorp;2006-11-09;10;2026-04-28
da3814e9-f552-453c-bb00-bf4e9e10d8dd;Residenset landshövdingen;Restaurang;Kansligatan 1;Örebro city;2026-03-18;1;2026-08-27
2563e1b7-f45a-4f02-bc3e-b7f4e833c9d5;Restaurang & Pizzeria Kanalen;Pizzeria;Industrivägen 8;Östernärke;2017-03-29;10;2026-09-23
c6fa8468-e329-477d-81b9-d7e0f86c52f2;Restaurang 29;Restaurang;Salamandervägen 29;Brunnsgärdet-Lindhult-Nasta;2016-11-25;10;2026-03-12
f3dc9f41-96b4-4336-b679-e0033e211c29;Restaurang Amici;Restaurang;Köpmangatan 11;Örebro city;2023-09-18;4;2026-09-22
2b30eda1-cbd2-4038-af4d-94948d0bd411;Restaurang Avos;Restaurang;Klerkgatan 21;Örebro söder;2021-05-19;10;2026-06-17
e14a126c-cad3-49f7-a614-99d9a441b3f6;Restaurang Baronen;Pizzeria;Hjalmar Bergmans Väg 50;Baronbackarna;2010-02-23;10;2026-09-22
401f8932-7937-4500-907c-f25f08d23a2c;Restaurang Bellini;Restaurang;Säljarevägen 1;Marieberg-Mosås;2008-11-21;10;2026-03-12
b233ece4-fe23-4d9e-939d-988c53881bfc;Restaurang Campus;Restaurang;Hagagatan 53;Västhaga-Solhaga;2016-08-15;8;2026-04-17
3abb6cf0-a993-4278-bfc3-ae403029c248;Restaurang Chili & Wok;Restaurang;Säljarevägen 1;Marieberg-Mosås;2009-10-07;10;2026-09-15
b6e39316-2735-4ca8-a0dd-64a688cb14e6;Restaurang China;Restaurang;Järnvägsgatan 10;Örebro city;2020-10-15;10;2026-09-23
2a860558-3e36-4760-b6e7-41ca3b588e87;Restaurang Coco Thai;Restaurang;Storgatan 13;Örebro city;2008-01-18;10;2026-03-20
67cbda69-d42f-4c7f-8b2c-16280578401c;Restaurang Eat;Restaurang;Studentgatan 7;Almby-Ormesta;2017-12-01;5;2026-03-11
9c7b0da7-a4fe-41b9-9aff-a440a1919936;Restaurang Efesos;Restaurang;Rudbecksgatan 28;Örebro söder;2012-06-29;10;2026-09-23
76569c3a-a959-4c3e-a016-4be5419b04ae;Restaurang Erbi;Restaurang;Drottninggatan 39;Örebro söder;2025-04-30;3;2026-02-03
f79a4aa0-c2eb-4147-86a2-b34eb3e5c45b;Restaurang Eyra;Restaurang;Gällerstavägen 117;Brickeberg-Norra Bro;2021-05-19;2;2023-09-15
164cf667-ae46-42e3-bf3d-579b634f9ec8;Restaurang Eztrad;Restaurang;Sommarrovägen 20;Adolfsberg;2016-10-01;6;2026-08-19
c6b3be49-4aa7-4628-8e0e-5ec4c8757189;Restaurang Falcken;Restaurang;Elementvägen 5;Brunnsgärdet-Lindhult-Nasta;2013-01-07;10;2026-03-19
fe4e64ee-5744-49a8-9336-1d6bcad04002;Restaurang Forum;Restaurang;Fakultetsgatan 1;Almby-Ormesta;2021-10-28;7;2026-08-25
e5504c6f-8764-489f-94b2-01c35c37fa47;Restaurang Glansen;Pizzeria;Eldvallagatan 2A;Glanshammar;2024-05-02;2;2025-11-18
9ce66b4e-b90a-4c98-b790-bf28bec01f16;Restaurang Hanoi New Center;Restaurang;Östra Bangatan 42B;Örebro city;2008-01-11;8;2026-08-26
eb533cce-5355-422a-8ca3-459dcf845455;Restaurang Holmen;Restaurang;Tackjärnsgatan 8;Baronbackarna;2021-05-19;2;2023-04-04
a2c99da4-60b5-41bf-abf8-fa05058b3f84;Restaurang Kraka;Restaurang;Fakultetsgatan 1;Almby-Ormesta;2017-12-01;8;2026-08-25
588d4265-1b7e-4286-97ce-168b02014951;Restaurang Lilla Svalan;Restaurang;Kulvägen 8;Hagaby-Ringstorp;2022-08-16;5;2025-12-11
6b68fd66-2690-48a7-944c-f1cfccae775a;Restaurang Maria;Pizzeria;Karlsdalsallén 63;Sörbyängen;2024-06-04;3;2025-10-31
7120f7a3-65d0-4f29-8cf9-fa6302be502c;Restaurang Maxim;Restaurang;Rudbecksgatan 20;Örebro söder;2016-11-15;10;2026-05-21
09c6dc60-d72b-4cf9-b9f5-36909d9f684e;Restaurang Mersmak;Tillagning;Bettorpsgatan 10;Hagaby-Ringstorp;2017-06-26;10;2026-03-09
e3f3a4b8-2b1a-4be5-ac11-459b17216dda;Restaurang Mii Soo;Restaurang;Stortorget 16;Örebro city;2008-03-06;10;2026-08-19
1ffdc672-6bf9-486f-a36e-a868e6addd41;Restaurang Mingus;Pizzeria;Loftbodsgatan 2A;Ladugårdsängen;2013-06-01;10;2026-04-07
5e53a373-5434-4976-84d1-9663624d448e;Restaurang Mona Vera;Restaurang;Västhagagatan 3;Västhaga-Solhaga;2014-08-14;10;2026-03-19
2431a7c9-e495-4480-90de-bb1a796d071f;Restaurang Monza;Pizzeria;Universitetsallén 24;Almby-Ormesta;2012-02-21;10;2026-05-21
5b9a58fb-0b20-40c4-bbb0-8dedaa7cd0d9;Restaurang Nobel;Restaurang;Västra nobelgatan 19B;Örebro väster;2026-06-16;0;
cc07ce96-a8b9-4257-9214-04028439444b;Restaurang Parken;Restaurang;Adolf Mörners Plan 6;Brunnsgärdet-Lindhult-Nasta;2015-09-01;10;2026-02-18
0330cc21-cf0d-416b-b88f-0a62bc670823;Restaurang Plankton;Restaurang;Trädgårdsgränd 3B;Örebro city;2025-02-07;2;2026-09-10
ac446435-ca0a-449a-852d-4b34ed486c5f;Restaurang Ponna;Restaurang;Rudbecksgatan 52B;Eklunda-Sörby;2025-03-07;2;2026-02-10
100d8934-9798-4902-985e-d2c64a3a4946;Restaurang Pulsen;Restaurang;Södra grev rosengatan 18B;Örebro city;2025-10-03;1;2025-12-05
a94c9300-d895-4d63-8bc6-868a2a81a419;Restaurang Rosta;Restaurang;Västra vintergatan 9;Rosta-Örnsro;2023-10-05;9;2026-03-25
302baf59-ba7a-4cd2-a7fe-00c3b87bb2d7;Restaurang Sipan;Restaurang;Bettorpsgatan 26;Hagaby-Ringstorp;2021-04-14;10;2026-06-22
1ab41e21-ca29-498d-978e-d067d8315a7f;Restaurang Smedjan;Restaurang;Idrottsvägen 18;Rosta-Örnsro;2021-10-06;7;2026-03-18
aa1fc2d3-e780-4ad6-9dd6-d0e315847af1;Restaurang Svalan;Restaurang;Brunnsparken 3;Brunnsgärdet-Lindhult-Nasta;2007-09-12;10;2026-05-19
62e236eb-ec58-4629-a69b-c5e824147893;Restaurang Svampen;Restaurang;Dalbygatan 4;Hagaby-Ringstorp;2009-12-14;10;2026-04-10
d064e298-b302-40b1-9e8a-3f29c18c9246;Restaurang Södra Vattentornet;Restaurang;Gustavsviksvägen 7;Örebro söder;2024-10-18;3;2026-03-27
319c6f86-8a9a-46c0-9737-471e79c12790;Restaurang Tre Syskon;Restaurang;Bettorpsgatan 8;Hagaby-Ringstorp;2008-04-23;7;2026-04-17
f1e28b1a-ee8e-4355-bd28-2bc3e001abc7;Restaurang Tybble;Restaurang;Drakenbergsgatan 1C;Tybble;2007-07-24;10;2026-05-28
fd8a90d2-4fcb-4668-ac9f-09c26d165247;Restaurang Venus;Restaurang;Varberga Torg 3;Varberga-Oxhagen;2019-01-25;10;2026-09-17
f526a19b-35b3-4d5a-8dc5-2ce3160052be;Restaurang Veto;Restaurang;Oskarstorget 9;Örebro öster;2024-08-27;3;2026-09-10
5008afbb-602a-4210-ab0a-09de7bee589d;Rice & Noodles;Restaurang;Västhagagatan 3;Västhaga-Solhaga;2019-11-22;10;2026-03-10
8c6c6e07-9865-42c6-af4c-3ab270ad7a7e;Rice & Noodles Almby;Restaurang;Universitetsallén 26;Almby-Ormesta;2012-10-23;10;2026-03-11
d5a60da5-b503-4545-a10f-e450354f26e6;Richards BBQ foodtruck;Buffert;Travbanevägen 10;Marieberg-Mosås;2024-01-25;1;2025-01-30
f3858e38-8a4c-4734-9e0d-5dcb2236efa4;RIMA Seafood AB;Buffert;Evedalsvägen 8;Brunnsgärdet-Lindhult-Nasta;2022-02-18;3;2025-08-26
0e6b2308-152f-488f-bca0-1c0ecb886bb5;Ringblommans Förskola;Tillagning;Ringvägsplan 1;Glanshammar;2008-10-21;6;2025-10-02
730eb4fa-b3dd-472c-b998-9258f4e04ac8;Rinkaby Förskola;Tillagning;Rinkaby 216;Glanshammar;2009-10-09;4;2026-09-04
abfd4dcb-f6a8-4693-b0da-0b4c8dd48d0b;Ritz Nightclub;Restaurang;Nikolaigatan 4A;Örebro city;2009-09-11;3;2026-02-04
c1048481-1fa4-493e-9b65-380322659cbd;Rocca;Restaurang;Engelbrektsgatan 45;Örebro öster;2024-11-28;4;2026-05-08
d487dcd0-c48b-40c7-9e13-8e8a5f039cdc;Rockbar;Restaurang;Kyrkogatan 2;Örebro city;2018-06-26;10;2025-11-13
e3c1d1c1-bea7-47d0-8437-6c616144c587;Ronnie & Lottas lilla gård;Buffert;Västra via 118;Latorp-Täby-Vintrosa;2020-12-02;2;2025-11-17
8b1cd45e-922d-4cc4-847b-a667afbd8272;Rosalis Deli Drive Aspholmen;Restaurang;Rörvägen 1B;Brunnsgärdet-Lindhult-Nasta;2009-03-09;10;2026-07-15
1d0e996a-2557-4057-9aee-d548b9b3a3e6;Rosta Bageri;Buffert;Västra Vintergatan 37;Rosta-Örnsro;2014-05-12;6;2026-02-11
8009f996-bc8b-4403-af95-602c60b0e49d;Rosta Café;Café;Västra Vintergatan 9;Rosta-Örnsro;2018-11-21;7;2025-05-05
887f7361-be38-4dd6-b9f4-024a4edaf7f5;Rostahemmet Kök;Tillagning;Rostagatan 34;Rosta-Örnsro;2007-07-03;8;2025-11-18
07b7b95d-906c-4704-865e-48ae94e17961;Rostahemmet Vårdboende;Tillagning;Rostagatan 34;Rosta-Örnsro;2011-04-19;7;2026-02-25
15c08e75-bc5c-43e9-b9fd-e298834146ef;Rostaskolan;Tillagning;Otto E Andersens Gata 5;Rosta-Örnsro;2008-05-14;6;2026-03-12
0d888161-e05b-4074-b4d5-09015ad92625;Rosängen;Restaurang;Sommarrovägen 20;Adolfsberg;2009-12-18;10;2025-12-15
c80594bd-b045-47b1-876a-854f81adcf26;Royal Arms West;Restaurang;Ekersgatan 20A;Örebro väster;2008-05-15;10;2026-02-16
a55fc5fe-e30e-4db0-ae61-5a8b8e9fd4c7;Royal bar & restaurang;Restaurang;Drottninggatan 40B;Örebro söder;2024-09-06;4;2026-09-16
79f94512-ca4a-459f-9aa4-bee5f5e76dd5;Rudbecksgymnasiet;Tillagning;Kungsgatan 31;Örebro söder;2007-08-23;7;2025-04-29
6af8de98-0660-48b6-a226-588312475d8e;Rulles pizzeria;Pizzeria;Älvtomtagatan 42A;Markbacken-Västra Mark;2025-10-03;4;2026-09-09
7c60c130-f0ca-4876-ac89-be0420201193;Runnaby Entreprenad, Thaimarket;Buffert;Grusmarksvägen 8;Mellringe-Björkhaga;2009-06-04;2;2025-11-05
04291fb8-52f8-4555-8ee7-94ca3a5b16cb;Runnagården;Tillagning;Lingonstigen 2B;Nya Hjärsta-Nyponlunden;2007-07-10;7;2026-05-26
b83ca659-cc22-476d-8fc3-1d11c2136d95;Rusta Eurostop;Butik;Prologgatan 2A;Lundby;2015-01-19;3;2025-03-31
777b1428-7eec-4fca-97f1-a0044e42af99;Rusta Örebro/ Marieberg;Butik;Firmavägen 2D;Marieberg-Mosås;2009-07-24;3;2025-03-17
5920b0df-8260-43a5-9c9a-7d63735a5a05;Rustik Catering Örebro;Tillagning;Södra allén 9;Örebro söder;2022-05-20;4;2025-05-27
54d385a9-10a1-4092-b687-eb0534adefe6;Rustik Catering Örebro Wadköping;Tillagning;Wadköpingsvägen 10;Örebro öster;2022-05-23;2;2023-08-21
e28f8381-59dd-4c5c-8503-1124261c2e4a;Rynninge Ik Grenadjärvallen;Butik;Grenadjärgatan 4;Rynninge-Grenadjärstaden;2001-08-21;1;2023-06-08
5e392b3b-eea9-43cf-886a-5d44e052f6d5;Rynningegården;Tillagning;Rynningegatan 21;Örebro norr-CV;2008-02-28;3;2024-09-24
20800a0c-9218-4a30-bb27-4b948a0cedd6;Rynningeviken;Tillagning;Hindergårdsgatan 41;Rynninge-Grenadjärstaden;2019-09-19;4;2024-12-04
362a578c-e4b9-45f2-bcc0-5f1a02d241eb;Rynningeåsens Förskola;Tillagning;Hindergårdsgatan 2;Rynninge-Grenadjärstaden;2008-08-21;10;2025-01-21
9272f8b0-60e7-42c8-b7a9-32e95bee2e00;Rytmus;Tillagning;Isgatan 2;Eklunda-Sörby;2021-05-20;2;2025-05-14
23f7a00b-2ba2-44f4-8847-0bf239789166;Rättspsykiatri Avdelning 6;Tillagning;Återbruksvägen 5;Mellringe-Björkhaga;2019-02-15;3;2023-09-13
7c9dd9e3-d98e-486a-9f74-ae48f2ae2557;Rättspsykiatri Avdelning 7;Tillagning;Återbruksvägen 5;Mellringe-Björkhaga;2019-02-15;4;2023-09-13
4f29c2f2-e9b2-48e0-95e6-8874144f05d5;Rättspsykiatri Avdelning 8;Tillagning;Återbruksvägen 5;Mellringe-Björkhaga;2019-02-15;6;2025-03-19
27ba3e00-63d7-4181-aa89-b6bb4f3242ae;Rättspsykiatri Avdelning 9;Tillagning;Folkungagatan 33;Rosta-Örnsro;2021-06-16;2;2023-10-24
0f8112fd-40cd-418b-9c3e-3d8601ab1271;Råberga Ekoprodukter AB;Buffert;Råberga 205;Latorp-Täby-Vintrosa;2022-02-10;2;2025-12-11
5e59e674-e1cd-4084-a159-8937449db55b;Röhammars Gårdsbutik;Butik;Röhammar 222;Ekeby-Almby-Hidingsta-Stora Mellösa;2022-04-06;2;2025-09-04
1aac634f-27f3-4d3c-bff7-b00ee32c19f3;S Blom & Smörgåsexpress AB;Buffert;Eker 388;Ervalla-Ölmbrotorp;2023-06-16;1;2023-07-31
13c52c89-67ed-43a8-8cc5-e46c91d76ddc;Sagan Förskola;Tillagning;Hjalmar Bergmans Väg 10A;Baronbackarna;2006-07-07;6;2026-04-09
980aeb3c-06e7-4f8f-b624-1d0ae35e04db;Saigon City;Restaurang;Rudbecksgatan 18;Örebro söder;2009-02-06;10;2026-03-04
2b6d728e-6f9c-4fc4-bf67-e11e8e2f7b24;Saigon Holmen;Restaurang;Smidesgatan 3A;Baronbackarna;2013-09-25;10;2026-04-14
61c8ece6-7886-4e3e-b9b0-be3e520c56bd;Sallad Inn;Restaurang;Järnvägsgatan 10;Örebro city;2025-03-01;2;2026-08-31
a3629673-1c27-45ea-ad8f-70537dc11ba6;Sallad&;Restaurang;Drottninggatan 22;Örebro city;2026-07-06;2;2026-08-04
549eed09-a9f4-4066-9cf5-e738a6c43e6a;Saluhallen / Bella Italia, Chilango, Rosali, Saluhallsbaren, Brus, Carne;Restaurang;Kungsgatan 15;Örebro city;2016-06-13;8;2026-03-12
dcb5e621-9677-4a43-ad55-ec44e829338c;Saluhallen / Fisk i Hallen;Butik;Kungsgatan 15;Örebro city;2013-04-25;9;2026-02-23
fb632460-81c5-4f56-813f-cd3d534debde;Saluhallen / Zao Street Kitchen, Street Sushi;Restaurang;Kungsgatan 15;Örebro city;2015-01-26;10;2026-07-21
9914aed5-6598-4b1c-b551-d2b0edfaa2aa;Samax;Butik;Ekersgatan 20B;Örebro väster;2025-11-19;1;2026-03-19
154d267e-8158-4859-bdbd-a96ba355a44d;Samhall AB;Buffert;Skomaskinsgatan 6;Brunnsgärdet-Lindhult-Nasta;2017-07-05;3;2025-10-02
e56306bf-d8c7-4249-ac94-61501ccd00b8;Sandtäppevägens LSS;Tillagning;Sandtäppevägen 10;Marieberg-Mosås;2021-03-01;4;2025-02-27
8ff06384-f98d-41b2-a87d-897a8762a457;Sannakroa Café;Restaurang;Vintrosa-sanna 306;Latorp-Täby-Vintrosa;2025-08-12;1;2025-10-20
a876e093-964a-407a-b7e1-d0ef9ea74860;Sara Restaurang;Restaurang;Verkstadsgatan 8;Brunnsgärdet-Lindhult-Nasta;2015-08-15;10;2025-11-25
d2eba52f-0b5a-4ba5-9697-82b4a1c29210;Saras Ekobod;Buffert;Latorp 329;Latorp-Täby-Vintrosa;2022-10-10;1;2022-12-06
9713d61b-c2db-495e-8e79-9b1a9bd5ed95;Sashimi;Restaurang;Rudbecksgatan 145;Almby-Ormesta;2017-12-01;10;2025-03-13
9437ad5d-f7d7-4d17-87c7-32a7eae660de;Satellitens Förskola;Tillagning;Rostagatan 28;Rosta-Örnsro;2018-08-17;8;2026-04-01
7a75b664-7bf6-44f9-860c-0b867eafe1f7;Satin;Restaurang;Stortorget 14;Örebro city;2009-07-15;10;2026-08-19
2aab79fe-9c86-48c7-b450-5459706e7910;Saxons dagverksamhet;Tillagning;Saxons väg 42;Brickebacken;2026-05-26;0;
6269f31e-6776-4d20-9189-361db6ec3092;Saxons särskilda boende;Tillagning;Saxons väg 42;Brickebacken;2025-11-18;1;2026-06-02
5dfb3cf3-d8e0-4648-b141-ca9237c6c4f3;Saxons särskilda boende kök;Tillagning;Saxons väg 42;Brickebacken;2026-01-26;1;2026-06-02
e5d4e747-2730-4f20-9487-a66ef2d8354c;Say Cheese;Butik;Isgatan 5;Eklunda-Sörby;2025-07-09;1;2026-05-07
c0f5bce1-0f92-4469-849b-0596ebb8b3b7;Sayam Thai Kitchen;Restaurang;Västra bangatan 11;Örebro väster;2020-02-13;8;2026-09-11
d9c80e6a-1cfa-42ef-9bcf-a09a61e345d0;Scandic Hotell Grand;Restaurang;Fabriksgatan 23;Örebro söder;2009-11-17;10;2026-08-25
97e290dd-c3b3-49f3-bb3f-cb6f778c6a34;Scandic Örebro Central;Restaurang;Östra bangatan 9;Örebro norr-CV;2021-11-30;10;2026-03-12
66facd67-7724-4392-934d-2837cf0f61ad;Scandic Örebro Väst;Restaurang;Västhagagatan 1B;Västhaga-Solhaga;2007-02-19;10;2026-09-04
76f9d67e-54f5-41a8-bb3f-791d65a6b637;Schreibers Garage;Restaurang;Kåvivägen 15;Lillån;2022-06-09;2;2025-10-07
4770a8ae-16d4-4b4f-a717-73f9a67acb38;Second Chance;Café;Lövstagatan 4;Örebro väster;2024-08-27;1;2024-09-27
dacce88b-a4f0-4c5e-b3c1-f938f5cf5f14;Selecta;Buffert;Argongatan 88;Lundby;2006-10-16;1;2025-02-11
111baab4-bd86-407d-a661-b39bf8402008;Sesam Bryggan;Restaurang;Studentgatan 2;Almby-Ormesta;2019-05-02;3;2025-01-29
49f9b2f8-2357-4d81-8084-e39642bd0edf;Sibylla Bettorp;Restaurang;Kyrkogårdsvägen 3;Hagaby-Ringstorp;2024-03-27;4;2026-09-01
008fa6ab-59dc-4b4f-8be6-ea9013d97bab;Sibylla Rosängen;Restaurang;Sommarrovägen 5;Adolfsberg;2017-03-23;9;2026-05-21
6ef3584d-1c9a-47b6-9a1e-184f213ebe35;Sibylla Wienergrillen;Restaurang;Järnvägsgatan 8;Örebro city;2019-06-27;9;2026-08-26
a594ab63-e873-4595-b9ed-9f60400a29f7;Sibylla Österplan;Restaurang;Målgatan 15;Eklunda-Sörby;2026-04-16;1;2026-05-29
bd0fd267-a22a-4d6d-bc76-598adac10494;Singh's Indian Palace;Restaurang;Änggatan 28A;Örebro söder;2020-10-15;10;2026-08-19
602065f8-70b4-446f-813f-5a7d419c310b;Sirishof Vårdboende;Tillagning;Sturegatan 5A;Örebro öster;2010-12-06;6;2025-10-02
00a2c455-28fb-47b4-9309-cfb610446553;Sjögården Förskola;Tillagning;Sjömansvägen 2;Östernärke;2008-05-23;3;2024-05-15
c695f943-fcca-433d-94f0-e596eab2b09b;Sjögården, Regnbågen (dragspelsförskola);Tillagning;Ruddammsvägen 11;Östernärke;2020-09-21;3;2024-05-15
0920f63e-8913-439c-bb66-e03242a8e8cb;Skabäcken;Buffert;Kärsta 503;Glanshammar;2024-12-30;1;2025-02-28
4ff0baa6-7f73-4de6-a0b0-110572eadc3a;Skaldjursbaren;Restaurang;Köpmangatan 4;Örebro city;2025-06-05;0;
39aaad9b-5030-4a54-ba07-f5071ffcf8f3;Skatepark Café/Brädcentralen;Café;Fabriksgatan 43;Örebro söder;2023-07-18;2;2026-07-15
15363ec1-24bb-4def-92a2-51490732b700;Skebäcks Dagrehab;Tillagning;;;2011-05-09;4;2023-05-24
0fee1f26-ffad-4521-8446-ee3c77b11eb2;Skebäcksgården Kök;Tillagning;Slussgatan 14;Örebro öster;2008-08-05;10;2026-04-10
ff4d4460-d380-40e5-8c26-b3aa234651e8;Skebäcksgården Vårdboende;Tillagning;Slussgatan 12;Örebro öster;2014-09-04;5;2025-07-24
32154ddf-05c0-4ecf-aa2a-9df1ae7785e5;Skeppets Förskola;Tillagning;Ronnebygatan 1A;Brunnsgärdet-Lindhult-Nasta;2014-01-20;8;2026-09-02
042f05f6-3d55-41c7-9501-60c1d3d7d403;Skogsbrynet Förskola;Tillagning;Rågvägen 2;Hovsta;2007-04-04;8;2026-08-25
420bd85c-4480-4b39-87cd-b60758df7bf1;Skolcaféet;Café;Östra nobelgatan 9;Örebro norr-CV;2026-08-12;0;
e400438c-a17a-4066-b620-f68b189bf4f9;Skutan Förskola;Tillagning;Ronnebygatan 1A;Brunnsgärdet-Lindhult-Nasta;2006-03-13;6;2025-02-25
9e301e64-254f-4231-8ada-a955e75d6ac3;Skäpplandsgården Vårdboende;Tillagning;Skäpplandsgatan 27;Västhaga-Solhaga;2010-10-06;6;2026-01-22
7346285a-6181-4c30-8e63-2c85ff75d7eb;Skånesmörgåsar;Café;Ekersgatan 9;Örebro väster;2008-12-30;9;2025-03-12
510cd73e-14b7-4e98-8964-37544de54aae;Sliced;Pizzeria;Olaigatan 11B;Örebro city;2025-10-31;1;2026-02-02
f9e21854-04d3-4dff-a609-247f02a6b438;Sliced Stallbacken;Restaurang;Engelbrektsgatan 12;Örebro city;2026-04-27;1;2026-07-13
8410ba66-e5df-49f7-891d-28a766141387;Smash & Roots;Buffert;Poesigatan 24;Vivalla;2026-03-20;1;2026-05-29
f266c71f-416d-44fb-88db-b1bac2f659f5;Smedjan BBQ;Restaurang;Skogsslingan 4;Östernärke;2018-06-07;4;2023-07-07
7e3dcf95-6770-4d88-a42f-30d0e9b41cfa;Smilee African Livs;Butik;Rudbecksgatan 11;Örebro söder;2026-08-14;0;
066c1fbb-13d1-4025-b3cb-80fb1688ee8b;Smultrongården;Café;Södra dylta 505;Ervalla-Ölmbrotorp;2022-04-25;4;2026-06-18
48cabacb-5e62-41b8-9cf5-307ce76d2d23;Små praliner i Örebro;Buffert;Hagmarksgatan 23A;Eklunda-Sörby;2022-03-29;2;2024-06-03
c4c9d984-9c80-4292-a730-a85811735458;Smörgåsbutiken;Café;Drottninggatan 42;Örebro söder;2014-02-25;9;2026-06-04
4bc975a4-39e5-4c47-a172-1e8ffe6a7357;Smörgåsbutikens Bageri;Buffert;Västra Nobelgatan 17A;Örebro väster;2014-03-20;7;2025-09-26
5153a2d1-08db-4645-8b71-54368651aa61;Snabbgross Örebro;Buffert;Adolfsbergsvägen 6B;Brunnsgärdet-Lindhult-Nasta;2025-11-07;1;2026-01-21
ca0400d1-dbfd-4cca-9947-7426dfcfe870;Snökristallens Barnakademi;Tillagning;Boosegatan 8;Almby-Ormesta;2016-11-01;2;2022-10-18
3848794a-c685-48dc-9155-8d19c4cd1e66;Sobi Behrn arena;Restaurang;Orvar Bergmarks Plats 1;Eklunda-Sörby;2017-05-18;10;2026-08-25
2f390f63-5101-4163-986b-d48d6aa2ff96;Sobi Bromsplan;Restaurang;Bromsplan 4;Örebro norr-CV;2023-02-07;7;2026-07-02
d0d6bc02-e12f-42d0-b0ee-704d53cf68e5;Sockerkicken;Butik;Drottninggatan 39;Örebro söder;2023-07-04;6;2026-04-10
d2c634b2-e04d-45c8-9428-308c9028229e;Sofias Choklad;Butik;Drottninggatan 38;Örebro söder;2024-06-04;3;2026-08-26
a9f8a42e-1938-4ab5-b0de-bed1d878d6a9;Solbackens dagverksamhet;Tillagning;Smedjevägen 8;Östernärke;2025-04-03;2;2025-06-23
4a406f8d-8cdd-4071-a259-e58d1c4071a4;Sollidens Kursgård;Restaurang;Långbyn 217;Ervalla-Ölmbrotorp;2006-09-15;3;2025-10-14
fff19042-cb93-473e-bd7b-4cafd2a4fc51;Solskenet Förskola;Tillagning;Postgatan 8;Mellringe-Björkhaga;2007-04-30;5;2025-10-16
1ee1be7b-3e4b-4985-8742-1e096ea774e4;Somlivs;Buffert;Evedalsvägen 8;Brunnsgärdet-Lindhult-Nasta;2023-10-23;1;2023-10-02
22829ebf-9472-47e6-8622-2b407cada393;Sommargubben;Buffert;Näsbyvägen 42A;Näsby-Norra Ormesta;2026-04-09;1;2026-06-12
27c36926-3206-46ed-a432-0ff177556a74;Sommarro Värdshus;Restaurang;Sommarrovägen 30;Adolfsberg;2011-08-22;10;2025-06-12
39b56aef-7613-4aa0-babb-772f77c96640;Sommestad & Malmnäs AB;Buffert;Bistagatan 8;Brunnsgärdet-Lindhult-Nasta;2024-10-15;2;2026-02-06
7c543aa9-b9d8-48d3-ba70-e22d6853e619;Sotterngårdens Förskola;Tillagning;Vallvägen 1;Östernärke;2020-08-05;5;2026-05-19
2c193534-e29a-4faf-964c-6642b183342f;Spanish Food;Butik;Lindbacka 401;Latorp-Täby-Vintrosa;2023-04-11;2;2025-11-21
11292ab5-be02-48b5-ac3c-43410ce5e0b1;Spanjoren;Restaurang;Köpmangatan 3;Örebro city;2024-10-14;4;2026-04-01
6543e0e1-3c17-4698-9cbd-2b845fbcb104;Spicy kitchen;Restaurang;Åstadalsvägen 1H;Almby-Ormesta;2018-09-20;10;2026-05-20
44e81c79-2dda-4b6f-8579-95a71cf67262;Spretiga Ladan café Folk och hund;Café;Fällersta 323;Ekeby-Almby-Hidingsta-Stora Mellösa;2022-08-12;4;2026-07-30
ff7c6a02-daec-45ad-bfb3-65e7ac5c68bd;Stadsträdgården;Restaurang;Floragatan 1;Örebro öster;2007-07-11;10;2026-03-17
db349d18-94a7-4244-9930-d4d55241eddb;Stallbacken Förskola;Tillagning;Fatbursgatan 17;Ladugårdsängen;2006-12-12;4;2026-08-20
1b7005ef-f198-41f2-a14b-987f0e36b7e1;Stalltipset;Butik;Landbotorpsallén 38A;Ladugårdsängen;2025-05-23;2;2025-09-03
5af0346e-610a-42fb-add9-31eb7a8035ba;Stallyktan;Restaurang;Södra Strandgatan 3B;Örebro city;2014-09-01;10;2026-06-24
69449f44-29b6-499a-bfa3-c28ce9146e2b;STEFFO;Café;Kungsgatan 9;Örebro city;2024-02-16;4;2026-03-05
3dc4573d-a834-4145-aed9-b34b3d6feb80;Stora Hjortstorps gård;Restaurang;Venan 413;Glanshammar;2022-03-17;7;2026-06-05
f7a70f61-c03d-4b1c-afd2-4c6d020c2d7a;Stora Holmen Kiosk;Butik;Fredsgatan 39;Örebro city;2012-07-13;4;2026-06-24
7665ba77-9630-4df6-9d14-19e8ace48ec6;Stora Hotellet, Paolos & Bishops Arms;Restaurang;Drottninggatan 1;Örebro city;2007-06-15;10;2025-10-02
57249146-290b-4b96-b9a2-c1f97c2f9d03;Stora Mellösa Församlingshem;Café;Göksholmsvägen 4;Ekeby-Almby-Hidingsta-Stora Mellösa;2016-04-01;2;2023-09-26
be8dac56-1c7b-4dc6-b31d-e7651b7ebc4a;Stora Mellösa Skola;Tillagning;Skolvägen 11;Ekeby-Almby-Hidingsta-Stora Mellösa;2007-04-19;8;2025-03-19
8f7dbfd8-39cf-402c-ae9c-f4c24bc2c65d;Stora Örebro;Restaurang;Stortorget 4;Örebro city;2016-12-01;10;2026-09-15
fd12c760-488e-45a2-8547-84f26f87980f;Strike & co Örebro;Restaurang;Nastagatan 11;Brunnsgärdet-Lindhult-Nasta;2021-08-10;8;2026-04-09
ff308ded-ebf3-4b8b-8801-08773233cda8;Strömparterren;Restaurang;Strömparterren 1;Örebro city;2008-12-08;3;2026-06-24
1c1bdb68-371f-4da0-a453-d6ce17806cf1;Strömsborg;Café;Strömsborg 1;Brunnsgärdet-Lindhult-Nasta;2026-04-20;1;2026-06-02
1d21f569-2bad-47ed-9288-3cc6ccd1a650;Sturecafét;Café;Sturegatan 2;Örebro öster;2020-11-26;5;2025-12-16
df542f1b-776a-4324-b872-aa7cd2850042;sTå Pintxos;Restaurang;Slottsgatan 6D;Örebro city;2019-02-05;9;2026-09-02
0ce03a0c-f56c-4ad3-893a-4a8e913588c2;Stålbrands Ölbryggning;Buffert;Aspholmsvägen 14;Brunnsgärdet-Lindhult-Nasta;2025-06-27;1;2025-10-15
318f6c00-a59c-4525-9323-ec07ac1195da;Subs and wraps Krämaren;Restaurang;Drottninggatan 27;Örebro söder;2010-04-12;6;2026-09-29
a7af7c5c-0e5c-4f76-a2e7-e65cac375ed6;Subway Drottninggatan;Restaurang;Drottninggatan 22;Örebro city;2024-11-14;1;2025-02-26
6aafafb7-670b-4d0d-b4d7-dc3f5a4b8d7d;Subway Storgatan;Restaurang;Storgatan 10A;Örebro city;2024-09-04;1;2024-10-18
f85fbd38-439d-481b-9587-7a74c4df5cc9;Subway Västhaga;Restaurang;Västhagagatan 3;Västhaga-Solhaga;2023-10-31;5;2026-01-05
2b6c42d0-f23c-4904-9ed1-c905ba12c8e4;Sushi Fresh;Restaurang;Peppargatan 9;Sörbyängen;2021-04-23;5;2025-04-14
8d9dddac-94b4-4026-a6d9-305c2cf752d2;Sushi Yama;Restaurang;Stortorget 8;Örebro city;2022-07-14;10;2026-08-25
b8c38285-050a-494f-8ee7-ed2865a8f4f5;Sushi Yama Marieberg;Restaurang;Säljarevägen 1;Marieberg-Mosås;2022-07-14;10;2026-04-17
8c772774-50e0-48db-843b-9f856a0e318e;Sushibar Örebro;Restaurang;Köpmangatan 27;Örebro söder;2023-08-21;7;2026-09-24
878ad1a5-bc38-41ff-9430-5feaf0974ff6;Suttarboda;Tillagning;Suttarboda 815;Garphyttan-Närkes Kil;2020-04-23;2;2022-08-25
ae754c6b-c817-4180-9433-81e679c6b9e3;Svampens Gatukök;Pizzeria;Dalbygatan 8;Hagaby-Ringstorp;2020-04-27;10;2026-09-17
7d1f8e02-32b7-40d1-a68e-2a3d404675d5;Svea Cater, Kungsgatan;Tillagning;Kungsgatan 3;Örebro city;2018-04-13;3;2023-04-28
d8dadee7-4c26-4341-9bad-709be36c979e;Svealundsskolan;Tillagning;Hagmarksgatan 1;Eklunda-Sörby;2021-08-09;6;2026-03-31
0b0a595b-5b1c-46bd-bdbe-da114fdfcaa5;Svensk Cater;Buffert;Stångjärnsgatan 5;Baronbackarna;2008-08-12;3;2025-09-30
20f29b1d-2ef8-499e-bc6c-159179e59e5f;Svenssons Smörgåsverkstad;Café;Storgatan 29C;Örebro norr-CV;2015-04-13;8;2026-04-01
177f5fad-0607-43ff-b4fe-80df3ee22b84;Sweets To Go;Buffert;Kaprisvägen 2;Sörbyängen;2025-04-17;1;2025-06-12
f2b90ddd-0be7-48ed-9d1c-f005039f1a49;Swift Delivery;Buffert;Transportgatan 4;Brunnsgärdet-Lindhult-Nasta;2025-09-09;1;2025-10-30
e7dd2012-b3db-49c0-847f-15531394b9ff;Syrianska Kulturcentret;Restaurang;Varbergagatan 258;Mellringe-Björkhaga;2009-12-07;4;2025-05-25
1115f3a8-3c99-4381-a627-a4284f10dcc9;Sändebudet i Sverige AB;Buffert;Norra belltorpsvägen 11;Brunnsgärdet-Lindhult-Nasta;2024-10-15;1;2024-11-21
9196da05-9c30-421b-9230-038495fe4876;Så mycket mer;Café;Klostergatan 2;Örebro city;2024-06-04;4;2026-03-06
1eb2ebf7-bfaa-47d0-b2e8-6f7f60734bf3;Södermalms Dagvård;Tillagning;Skomakaregatan 4;Örebro söder;2011-05-17;7;2026-09-15
bea36f75-8070-404f-8f1b-7268fd122934;Södermalmshemmet Vårdboende;Tillagning;Skomakaregatan 4;Örebro söder;2011-01-17;10;2025-12-02
a4f7acd7-0fd4-458f-9ae4-f34f65beaf82;Södermalmshemmets Kök;Tillagning;Skomakaregatan 6;Örebro söder;2009-05-11;5;2026-06-24
800df9fa-9ab3-40ac-9d56-949fbb5e10d6;Södra Gårdens Förskola;Tillagning;Djäknegatan 4;Almby-Ormesta;2006-11-13;3;2025-09-04
5add11aa-d5ae-4e04-aa62-fe68c4a02ff8;Södras Pizza;Restaurang;Storbackavägen 6;Ladugårdsängen;2026-02-09;2;2026-05-07
830e3dd8-38ee-4f18-bafd-29ffdc1a8588;Sörby Grill & Pizzeria;Restaurang;Mejramvägen 113;Sörbyängen;2024-07-02;4;2026-01-28
d884ae65-5adf-46f0-a03b-935782ef2486;Sörby Vinhandel;Buffert;Ragnevägen 16;Eklunda-Sörby;2012-11-14;3;2026-02-25
007cd58a-f71f-42a2-b546-a3a1f54ce383;Sörbybacken Aktivitetscenter;Café;Sörbybacken 2;Adolfsberg;2018-01-17;3;2025-06-12
fef1b403-af67-4dbe-a219-45c1cd335e36;Sörbykyrkan;Tillagning;Senapsvägen 24;Sörbyängen;2009-02-09;3;2025-11-10
0a5c2c43-4909-4a1b-b719-c69b25fefd2f;Sörens Vedugn;Restaurang;Sörbybacken 2;Adolfsberg;2020-05-13;9;2026-05-05
27d39633-4aaf-4a10-afab-23e086f71e11;Sötvaruhuset;Butik;Bolagsvägen 7A;Marieberg-Mosås;2001-06-12;4;2025-02-28
814c003b-842c-4cd9-ba7e-9b7fa9bb19ad;Søstrene Grene;Butik;Drottninggatan 28;Örebro city;2025-04-04;1;2025-05-28
1d1da881-bdba-40e2-80fd-c7914ebe538b;Taco Bar;Restaurang;Stortorget 6;Örebro city;2013-02-19;10;2026-04-01
a6f7d4e6-5f9d-4ce7-be10-76ea21893625;Taims Donuts;Buffert;Kulvägen 5A;Hagaby-Ringstorp;2024-02-28;3;2025-01-30
666d150e-a957-4710-93ec-d1ea122f0058;Tango Kiosk & Pizzeria;Pizzeria;Kemivägen 8;Glanshammar;2009-01-19;9;2025-11-18
2109884c-3642-44dd-8089-4dcc548c03e4;Tant Gredelin;Café;Kungsgatan 48A;Örebro söder;2026-07-16;0;
2109884c-3642-44dd-8089-4dcc548c03e4;Tant Gredelin;Butik;Kungsgatan 48A;Örebro söder;2026-07-16;0;
2d38bf32-a37e-4b00-9119-cfb0f8947ed7;Tant Grön Och Hela Härligheten;Café;Västra Tomta 324;Latorp-Täby-Vintrosa;2014-03-27;7;2026-09-08
845dc171-a22d-472f-ba6b-a6a612b96b8b;Tant Norra;Restaurang;Östra Vagngatan 8A;Latorp-Täby-Vintrosa;2018-02-20;5;2026-03-03
daa47da9-5e78-45b2-9b4b-ca782e5cc6af;Tasty Bros;Restaurang;Stortorget 6;Örebro city;2024-10-03;2;2026-09-03
47a0d6cc-0d2a-4d07-935c-cfcffb725348;Tasty N go;Restaurang;Köpmangatan 9;Örebro city;2024-04-04;4;2026-03-25
ef85bda0-77e8-41d3-99bb-8c1aea95ea22;TED & TOBBE;Café;Järnvägsgatan 9;Örebro city;2026-09-07;0;
6ac8a889-241b-4a85-a9a7-a497902b0ee8;Tegelbacken 1 & 2 elevboende;Tillagning;;;2021-09-02;2;2025-11-10
306bee1e-2d67-4f2a-bb69-1a875a7bd917;Tegelbruket Café;Café;Lertagsgatan 2;Markbacken-Västra Mark;2015-12-14;6;2025-02-24
6ed8db44-4056-475e-bf00-c28d6a5ef7de;Tegnérskolan;Tillagning;Ullavigatan 27B;Holmen-Hjärsta;2009-06-15;3;2025-09-11
56f86fc5-4ff2-4198-b958-e4a42b945551;Tehuset;Butik;Köpmangatan 1;Örebro city;2012-01-01;2;2026-02-05
8e137a2a-8c39-478c-b06a-164c8ba63635;Tempo Vivalla;Butik;Poesigatan 20B;Vivalla;2020-07-23;10;2026-09-23
fbd04e35-4679-44d8-93a9-a887e98d895f;Terazza;Café;Drottninggatan 45;Örebro söder;2025-03-25;3;2026-06-04
d993aa80-f34f-492d-bc17-1bf9bdcc6970;Ternicol Sweden AB;Buffert;Östra vagngatan 6;Latorp-Täby-Vintrosa;2019-10-21;4;2025-12-11
602087c0-18d5-4e20-bd10-7a5b0142d2a3;Texas Longhorn;Restaurang;Kungsgatan 4;Örebro city;2014-05-16;10;2026-09-16
7f1cc97f-b73c-4a4e-bc41-c87293ac80e8;The Coffee;Café;Varuvägen 10;Marieberg-Mosås;2009-08-25;8;2026-08-27
8f4d2f97-93d7-41b8-91d7-94ab1af8fc4c;The House Of Taste;Butik;Bertil Waldéns Gata 6;Örebro öster;2018-10-19;3;2025-11-27
53d9bef3-76c0-4a57-928d-c10e6da0b051;The ice cream biker;Buffert;Kungsgatan 27;Örebro city;2015-05-08;1;2023-07-27
74f24342-1f4c-4fd7-9d48-948e7754377a;The London Inn;Restaurang;Stortorget 7;Örebro city;2020-02-13;10;2026-02-23
d9623f8c-8ea0-4557-a292-6cb8156c7ec7;The Nut House;Butik;Storgatan 19A;Örebro city;2020-12-02;6;2026-09-09
548e97da-b271-48a6-b624-6e27b705849f;The Organic Labs;Buffert;Lövstagatan 12A;Örebro väster;2024-11-28;1;2024-12-11
adb218f8-b84d-4e56-9ce2-6d4e7ade77cd;Thessalon Imp-Exp;Buffert;Rävgräva 304;Marieberg-Mosås;2016-02-04;4;2023-12-21
fce3dc5c-7667-4578-b79b-2fc939bec43d;Tillsammans;Restaurang;Rudbecksgatan 52C;Eklunda-Sörby;2007-02-21;10;2026-03-04
119a29f2-9e4f-438b-937f-23c59cdcc688;Tinget matbar;Restaurang;Klostergatan 29B;Örebro city;2025-09-29;1;2025-10-20
4141445d-98cc-4f5a-a5ed-3333f5fa7a08;Tobak City;Butik;Drottninggatan 6;Örebro city;2019-02-15;3;2025-10-17
b1f1121d-eb3b-4958-a9a4-13479f263dfd;Tomp Beer Wine & Spirits AB;Buffert;Drottninggatan 11;Örebro city;2017-09-04;3;2026-02-24
cf39ae85-4768-44aa-9c45-31d6c7b2b973;Travkrogen;Restaurang;Travbanevägen 10;Marieberg-Mosås;2016-10-01;6;2026-08-12
d0e64cba-ce7a-411a-b326-ee039d67a66a;Treats by fay;Café;Fabriksgatan 18;Örebro söder;2026-09-09;0;
70da7842-e63f-421d-bc38-85117d0e5c86;Trollbacken Förskola;Tillagning;Örnsköldsgatan 91;Markbacken-Västra Mark;2021-07-14;3;2023-03-27
09bbd664-ebef-4f97-80b2-c8c3cb99cab7;Trädgårdarna;Tillagning;Hedgatan 55;Lundby;2016-04-18;8;2026-06-11
8df37779-988e-41a2-841e-4b4f20e7416e;Trädgårdarna tillagningskök;Tillagning;Hedgatan 55;Lundby;2018-03-09;8;2026-06-11
00c7fb69-dcb8-42e7-a051-20a87c2e42e6;Trädgårdshallen Sverige AB;Buffert;Krangatan 7;Brunnsgärdet-Lindhult-Nasta;2021-06-22;4;2026-03-27
8353d8c8-512c-496d-b130-d92681fe01a3;Trängen Ip;Café;Karlsgatan 62;Markbacken-Västra Mark;2006-03-23;4;2025-03-27
b97b7096-9913-4a88-8271-c948fc6347e3;Tuleträffen;Tillagning;Tulegatan 12;Örebro väster;2011-05-18;2;2023-05-22
189816e5-3fef-446a-a9b2-abb750420bc1;Tullhuset;Tillagning;Södra Grev Rosengatan 4;Örebro city;2014-09-24;7;2026-06-16
b685e473-a577-4d7c-8604-cc420fd0ecb1;Tullhuset korttidsboende avd 40 A;Tillagning;Södra Grev Rosengatan 24B;Örebro city;2025-06-16;1;2025-06-18
f26fa59b-2d93-43bf-833f-daad4cd24cda;Tullängsgymnasiet;Tillagning;Tullängsgatan 7;Örebro söder;2007-05-14;7;2025-05-20
90047ab4-f3d5-41d9-8a05-bfae6b81e03c;Tybblekiosken;Butik;Drakenbergsgatan 1D;Tybble;2015-11-27;4;2025-11-13
a16b4011-fa45-43c6-8cf4-98c89a22ec04;Tybblelundsskolan;Tillagning;Tybblelundsvägen 7;Almby-Ormesta;2018-04-23;9;2026-09-21
2212a5c8-c654-48f8-a278-d4a625d50262;Tysslinge Friskola;Tillagning;Tysslinge 256;Garphyttan-Närkes Kil;2009-05-04;4;2025-09-23
00ee9100-6f44-482f-8df4-582f7ef046eb;Törsjö förskola;Tillagning;Hellbyvägen 2;Marieberg-Mosås;2022-05-19;3;2024-12-05
4e84f8f6-2cc2-469d-bda0-6d2eefa3ec24;Törsjöväxt AB;Buffert;Törsjö 421;Marieberg-Mosås;2021-01-07;5;2025-03-26
0f1dc631-80e9-4bf8-b5f7-52d028543509;U-sa Thaikök;Buffert;Södra gårdens väg 10;Brickeberg-Norra Bro;2025-02-21;1;2025-03-26
3d35eb08-0526-4440-992e-21d2cb4fba1e;Ullavi;Tillagning;Ullavigatan 42;Holmen-Hjärsta;2022-12-14;2;2025-08-26
7868d7ce-9173-498b-920a-c5d9a0f581dd;Ungdomsfritids Köpmangatan 64;Tillagning;;;2014-04-02;2;2021-12-14
676dbb9d-d657-4ebd-9403-78eda0253631;Ungdomsfritids Köpmangatan 70;Tillagning;;;2017-12-13;1;2022-10-26
03b03baa-260b-42c6-bee8-482c168dcf4a;Unika Norra Bro;Tillagning;;;2018-01-15;3;2025-02-07
b0ad5f52-c4d2-41d9-92ae-54d1c446693d;Usö Avdelningskök Akutvårdsavdelningen, L-Hus;Tillagning;Södra Grev Rosengatan 36;Örebro city;2007-04-05;7;2025-05-07
9ac9aa2b-0e90-489c-b55f-eedf01832f86;Usö Avdelningskök Avd. 12, L-Hus;Tillagning;Södra Grev Rosengatan 36;Örebro city;2007-12-21;2;2022-09-29
48bbe401-5a1e-4d40-8d86-0a9e4a4d4ae2;Usö Avdelningskök Avd. 2 Allmänpsykiatrisk, P-Hus;Tillagning;Södra Grev Rosengatan 40;Örebro city;2019-03-19;5;2025-05-07
67c0bcad-bf79-4c04-bc28-a808a5e136f8;Usö Avdelningskök Avd. 2, P-Hus;Tillagning;Södra Grev Rosengatan 40;Örebro city;2019-03-07;4;2023-10-05
808cf685-ec43-4abd-acc6-1e907b089efb;Usö Avdelningskök Avd. 23, B-Hus;Tillagning;Södra Grev Rosengatan 26A;Örebro city;2007-04-05;2;2022-09-28
1f104681-90d3-417e-90d2-1be4b25889e3;Usö Avdelningskök Avd. 25, B-Hus;Tillagning;Södra Grev Rosengatan 26A;Örebro city;2007-12-21;1;2021-05-27
df1b1fff-b8a5-42f2-a1aa-a90dd6518de3;Usö Avdelningskök Avd. 26, B-Hus;Tillagning;Södra Grev Rosengatan 26A;Örebro city;2007-12-13;3;2022-09-28
2ebb63db-9f09-40d8-b2d1-ff6eeb581632;Usö Avdelningskök Avd. 3 Allmänpsykiatrisk, P-Hus;Tillagning;Södra Grev Rosengatan 40;Örebro city;2019-03-19;10;2025-09-24
1c334132-52f4-431d-98d6-16e38045e593;Usö Avdelningskök Avd. 37 A och B, B-Hus;Tillagning;Södra Grev Rosengatan 26A;Örebro city;2007-12-13;3;2025-05-06
34b05c99-0c4c-4938-b0d1-e7dfa4367393;Usö Avdelningskök Avd. 38, B-Hus;Tillagning;Södra Grev Rosengatan 26A;Örebro city;2007-12-13;6;2025-05-06
783aa2d6-1689-4dd2-9b8f-d3ee2dfbf46d;Usö Avdelningskök Avd. 39, B-Hus;Tillagning;Södra Grev Rosengatan 26A;Örebro city;2007-12-13;4;2025-05-06
c30edcf7-8df5-46dc-b1a2-23f3d9396e5b;Usö Avdelningskök Avd. 40B, A-Hus;Tillagning;Södra Grev Rosengatan 24B;Örebro city;2007-12-13;4;2025-05-06
87d388d2-f912-4554-bc1c-e56728ba3214;Usö Avdelningskök Avd. 42, H-hus;Tillagning;Södra Grev Rosengatan 22A;Örebro city;2021-03-09;2;2023-10-05
25cb6330-ae11-4555-8696-cdcbb737c086;Usö Avdelningskök Avd. 49, H-Hus;Tillagning;Södra Grev Rosengatan 22A;Örebro city;2021-03-11;2;2023-10-05
73f6153a-92aa-49a4-98bf-feacd847a78c;Usö Avdelningskök Avd. 5, P-Hus;Tillagning;Södra Grev Rosengatan 40;Örebro city;2021-05-24;4;2025-03-07
e0d519b4-0f0e-4a3d-8d69-142d9d969d05;Usö Avdelningskök Avd. 53, L-Hus;Tillagning;Södra Grev Rosengatan 36;Örebro city;2007-12-19;7;2025-05-07
f1125a56-b409-4e73-823b-76d14e58f797;Usö Avdelningskök Avd. 63, L-Hus;Tillagning;Södra Grev Rosengatan 36;Örebro city;2007-12-21;3;2025-05-07
69d90f67-7d82-42c5-8551-558eeaa531e3;Usö Avdelningskök Avd. 82, M-Hus;Tillagning;Södra Grev Rosengatan 18B;Örebro city;2007-12-21;4;2025-09-24
bff2db71-36a0-445a-9c4e-f3bc74772d94;Usö Avdelningskök Avd. 83, M-Hus;Tillagning;Södra Grev Rosengatan 18B;Örebro city;2007-12-21;4;2025-05-06
ac32b3c5-dbe3-44b5-8ae1-fc376a912bea;Usö Avdelningskök Avd. 84, M-Hus;Tillagning;Södra Grev Rosengatan 18B;Örebro city;2007-12-19;5;2025-09-24
f50d1a62-3759-4802-ba8c-3c29ced2daca;Usö Avdelningskök Avd. 85, M-Hus;Tillagning;Södra Grev Rosengatan 18B;Örebro city;2007-12-19;4;2025-05-06
e3da3261-3548-41e4-b910-e2c65cd96902;Usö Avdelningskök Avd. 92, M-Hus;Tillagning;Södra Grev Rosengatan 18B;Örebro city;2016-10-28;3;2022-09-27
25b07660-06f7-48d0-897c-ca561ad7d9c2;Usö Avdelningskök Avd. 93, M-Hus;Tillagning;Södra Grev Rosengatan 18B;Örebro city;2007-12-19;3;2025-09-24
7e015fca-a820-4839-ac6f-474afc57a0c0;Usö Avdelningskök Avd. 94, M-Hus;Tillagning;Södra Grev Rosengatan 18B;Örebro city;2007-12-19;2;2023-10-05
ae4a7281-8edd-4d7b-bf57-06f244f36012;Usö Avdelningskök Avd. 96, M-Hus;Tillagning;Södra Grev Rosengatan 18B;Örebro city;2007-12-19;2;2022-09-27
0f092f66-5f9c-40ca-8b42-c49bf33abe58;Usö Avdelningskök Avd. Beroendecentrum, P-Hus;Tillagning;Södra Grev Rosengatan 40;Örebro city;2019-07-01;3;2023-10-05
d13876bc-f104-4744-9e88-35651a7b2bea;Usö Avdelningskök Avd. Onkologmedicinska behandlingsmottagningen, M-Hus;Tillagning;Södra Grev Rosengatan 18B;Örebro city;2007-12-19;2;2023-10-05
2018888e-e76c-4e48-b0f4-a04447d80460;Usö Avdelningskök Dialysen, M-Hus;Tillagning;Södra Grev Rosengatan 18B;Örebro city;2007-12-21;2;2022-09-27
253aa025-bb0e-41ed-8c7b-83b8e1abf4bb;Usö Avdelningskök Förlossningen, B-Hus;Tillagning;Södra Grev Rosengatan 26A;Örebro city;2007-12-19;2;2022-09-28
b3942d32-4b8f-417b-8a94-1702dad33f6b;Usö Centralköket;Tillagning;Södra grev rosengatan 18A;Örebro city;2006-11-22;10;2026-04-23
4275faa3-499b-4ef9-8929-6d4b000ccad4;Varberga Servicebutik;Butik;Varberga Torg 7;Varberga-Oxhagen;2014-01-24;5;2025-04-24
f19ee80c-494c-4a3c-baa3-6a289f599473;Varu Källa;Buffert;Varbergagatan 30;Varberga-Oxhagen;2025-05-09;3;2026-08-13
75dcd93f-7d14-40c6-b202-4fb06838b20f;Vasa Konditori Marieberg;Café;Varuvägen 10;Marieberg-Mosås;2008-03-11;7;2025-09-30
848b65a8-9cda-4249-bf95-a509565e3115;Vasa Konditori Stortorget;Café;Stortorget 15;Örebro city;2024-12-17;1;2025-02-26
7131ebe9-84e8-4f3a-b99e-fb236f52f35c;Vasakonditoriet;Café;Vasagatan 15;Örebro city;2007-03-09;10;2026-07-01
4bf9c774-0130-461a-803b-4f8a8200f5c7;Vedlunds Livs;Butik;Vallbyvägen 15;Garphyttan-Närkes Kil;2023-05-11;3;2026-04-07
a6bd799c-d2ff-4b1b-b909-bbfb624d4ad8;Vegohuset pizzeria;Pizzeria;Kristinagatan 10;Örebro öster;2024-10-14;3;2026-07-22
25779794-6700-4b81-b1e0-defdfbe29620;Velta´s;Restaurang;Nastagatan 11;Brunnsgärdet-Lindhult-Nasta;2025-08-27;3;2026-09-11
f7f4668a-da7b-4571-abe7-1d65afd5c954;Vesslans kök och restaurang;Tillagning;Engelbrektsgatan 23;Örebro öster;2021-02-09;7;2026-08-06
f506043d-5ef0-4952-9b92-76a26c61995c;Viktoria Grillköket;Pizzeria;Valstavägen 1;Östernärke;2016-02-01;10;2026-05-21
c99d15d7-fb84-4c26-beff-edf97150a626;Viktoriagrillen;Pizzeria;Ekersgatan 20A;Örebro väster;2026-04-28;1;2026-06-17
99387876-301f-470f-9154-d5a930a6ead6;Viktoriaskolan;Tillagning;Granrisvägen 33;Brickebacken;2009-04-08;3;2023-04-12
e22a71fa-728d-4e65-8d98-e3d19f4b8179;Villatorpet;Tillagning;;;2018-08-17;2;2025-10-09
b851df6b-688e-4a2f-ba9f-a854c80589ba;Villekulla Förskola;Tillagning;Berggatan 46;Örebro norr-CV;2007-03-23;10;2026-02-10
c21844f0-3b67-4f8f-beac-d2a8982935a1;Vina Phö;Restaurang;Ekersgatan 22;Örebro väster;2018-03-23;9;2026-09-15
d0da13a6-7db5-461f-8be6-e9fc5ef8c45a;Vingens förskola;Tillagning;Vinggatan 4;Örebro söder;2018-09-13;4;2024-09-24
3fcb527a-26a7-4930-8594-229126a72d54;Vintrosa Förskola;Tillagning;Skolgatan 32;Latorp-Täby-Vintrosa;2007-10-12;3;2023-03-07
7fffa229-b27e-451b-ae0b-4da07f3ee4a5;Vintrosa Ridskola Sophiefik;Buffert;Södra valla 350;Garphyttan-Närkes Kil;2025-05-27;1;2025-08-25
e484c3f3-54fe-4caf-b68b-4310884d176d;Vintrosa Skola;Tillagning;Skolgatan 32;Latorp-Täby-Vintrosa;2008-01-25;7;2026-02-13
18d94131-32ac-47b1-9a50-69a197ea3b2e;Vintrosahemmet;Tillagning;Dalstadsvägen 2;Latorp-Täby-Vintrosa;2008-12-02;6;2026-05-12
af391117-21e8-4567-847f-669e83eac1ca;Vinöbagarn;Café;Norra vinön 153;Östernärke;2026-03-18;1;2026-06-12
fb6d35fd-3184-48c7-a55d-a849b07a8260;Vinöns glassbar;Café;Södra vinön 129;Östernärke;2025-10-29;2;2026-07-01
a890f2ae-b178-4c36-a8f0-c2c5f033fb9b;Vinöns Värdshus;Restaurang;Södra vinön 129;Östernärke;2023-01-25;5;2026-06-24
5476abd7-c299-43bc-a182-c219f4257ee3;Virginska Gymnasiet Bageri;Tillagning;Fabriksgatan 46;Örebro söder;2008-11-06;5;2026-09-11
78fdcf17-3885-44a3-bfb6-602b63ccbd24;Virginska Gymnasiet Livsmedelsbutik;Butik;Fabriksgatan 46;Örebro söder;2008-11-06;6;2025-05-22
ac340bd4-ee4a-491f-9f5b-c258d6e3e137;Virginska Gymnasiet Restaurang;Restaurang;Drottninggatan 46;Örebro söder;2008-11-06;10;2026-05-05
9f33a2c1-4a03-4340-a241-ecedcf5f14ef;Virginska Gymnasiet Skolmåltid;Tillagning;Fabriksgatan 46;Örebro söder;2008-11-05;10;2025-11-13
36898e89-bf7e-43ea-bfcc-07417861809a;Virginska Gymnasiet Storkök;Tillagning;Fabriksgatan 46;Örebro söder;2008-11-06;7;2026-09-11
ee69d9c2-4dfc-4f2f-bf14-ca6fe5372251;Vittra Örebro;Tillagning;Karlsgatan 30;Markbacken-Västra Mark;2022-05-25;1;2022-09-14
62cdb631-6ee3-4e39-934a-e73e6e32b3c1;Vivalla Frukt och Grönt;Butik;Poesigatan 20A;Vivalla;2013-04-01;10;2026-09-23
9cf9c199-bfc3-4689-9271-d156c4201d85;Vivalla Servicebutik;Butik;Poesigatan 20A;Vivalla;2024-04-11;3;2026-02-27
eb9ffdcd-b8c2-4a79-a236-4bdabac9d98e;Vivallaskolan;Tillagning;Diktargatan 25;Vivalla;2007-03-27;9;2026-02-03
0dceac72-8173-4f63-9906-88c97a68f9f6;Voidas Tobak;Butik;Nygatan 27;Örebro city;2014-02-25;1;2022-06-07
1c7ed8e5-5660-4bda-8c96-2ac63d333797;Väringsbricka sommargård;Restaurang;Opphammarvägen 15A;Glanshammar;2025-07-09;1;2025-08-13
55f01364-2643-43e2-b6fb-52222fb23803;Väster Park Förskola;Tillagning;Karlsgatan 32U;Markbacken-Västra Mark;2007-01-17;7;2026-04-28
3122bf84-6eb4-4b8f-b935-3ca224fccf07;Västerbackens Dagvård;Tillagning;Lertagsgatan 6A;Markbacken-Västra Mark;2015-02-16;4;2026-05-26
290a222a-0c11-4f4e-836a-db802845c523;Västergrillen;Pizzeria;Ekersgatan 16;Örebro väster;2016-05-01;10;2025-12-19
b13cdfdc-52de-4b82-a4bb-7f79cf041140;Västerpark vårdboende;Tillagning;Karlsgatan 58A;Markbacken-Västra Mark;2022-03-31;4;2026-06-10
29f774e5-2b06-4bfc-8758-e843e87b3018;Västerport Konditori;Café;Ekersgatan 21;Örebro väster;2007-05-11;5;2025-06-24
562b4636-6a36-42ad-b713-898ee208c477;Västra Engelbrektsskolan;Tillagning;Fridgatan 4;Holmen-Hjärsta;2007-09-18;8;2025-10-13
8d924f3e-e0b3-4526-b0f8-4ba77a9375a5;Vårsol;Tillagning;;;2022-12-06;2;2025-08-22
2a5302f8-4ae9-43a5-a07b-19fcab4c39e1;Wadköpings Förskola;Tillagning;Bertil Waldéns Gata 9;Örebro öster;2011-11-29;3;2024-10-11
a4368757-3279-41b1-8d92-4b5a619f3bd4;Wadköpings handelsbod;Butik;Bertil Waldéns Gata 1A;Örebro öster;2016-10-01;4;2026-08-20
adc10368-64e1-4f78-8550-60c3282b706a;Waldorfförskolan Linden;Tillagning;Stentorpsvägen 2;Adolfsberg;2007-10-25;5;2025-10-03
769185f0-7323-4242-a0c1-568f3c0af306;Wallerska skolan;Tillagning;Färdemansgatan 103;Nya Hjärsta-Nyponlunden;2026-06-09;1;2026-08-24
bd9fe648-4e70-4926-a8f0-12afce602b9d;Wannfors Catering;Buffert;Led 348;Östernärke;2011-03-16;7;2026-07-03
699d4d60-46da-4343-9096-6bfcd21234ab;Wasa Källar´n;Restaurang;Ringgatan 10;Örebro väster;2016-04-14;8;2026-05-21
91d2cee0-7f52-49ee-8dc9-7e55b4b25c3d;Wasabees Sushi;Restaurang;Köpmangatan 36;Örebro söder;2022-11-30;5;2026-03-19
86ee2b74-0316-4358-bdef-2905864ff395;Wasahus Elevkollektiv;Tillagning;Västra Bangatan 7A;Örebro väster;2010-09-30;6;2025-11-25
8135155b-06dd-44c8-bb7f-1f258a61b749;Way Cup USÖ;Restaurang;Södra Grev Rosengatan 18B;Örebro city;2023-10-05;5;2026-04-29
f4edfb07-293d-4f6c-8322-3d2ed3c79099;Weiderman White;Buffert;Johansdalsvägen 14;Marieberg-Mosås;2011-05-31;3;2025-10-10
ef948a7f-b99d-4ad6-906b-532335fb9b9d;Wessan;Buffert;;;2021-02-01;3;2025-08-07
8ad94a1c-5e84-455d-806e-c898ec3b22a6;West Pub;Restaurang;Kilsgatan 8;Örebro väster;2015-12-28;10;2026-05-21
d4795fee-1a4a-4af5-a65c-be73943de4e8;Willys Almby;Butik;Tingslagsgatan 7;Almby-Ormesta;2009-01-23;10;2026-08-27
5f86df96-bbb5-48e6-a225-12288aee1894;Willys Baronbackarna;Butik;Smidesgatan 2;Baronbackarna;2019-09-03;10;2026-04-28
b71008d5-3b61-4d23-a47b-8d1633b2ff24;Willys Hemma Örebro City;Butik;Stortorget 15;Örebro city;2011-11-23;5;2025-11-18
5c7305db-833d-42f4-b758-1d452a308f53;Willys Hemma Örebro Varberga;Butik;Varberga torg 11;Varberga-Oxhagen;2025-03-25;2;2026-04-21
90033e7a-9494-4f31-8be1-e3f8f89a4a71;Willys Marieberg;Butik;Kundvägen 4;Marieberg-Mosås;2007-10-01;10;2026-08-21
3db1474d-7ebe-4227-8d21-b3417f5a0647;Willys Västhaga;Butik;Tunnlandsgatan 2;Västhaga-Solhaga;2008-04-03;10;2026-08-18
6cbb9880-61cc-4a1a-9a49-268c7ad23f9a;Wist AB;Buffert;Ekängsgatan 13;Örebro söder;2026-05-06;0;
79e6e7ec-2d6d-41d2-bb9f-25fc2c90dfb0;Wongs Restaurang;Restaurang;Olaigatan 19;Örebro city;2008-02-27;10;2026-08-06
46c615d6-4a30-49c0-8c37-b00eecad64e9;X:-tra Haga;Butik;Vaktelvägen 4;Västhaga-Solhaga;2026-02-10;1;2026-04-22
9bd7aec9-d5e5-4c75-8893-1b7a207b2278;X:-tra Markbacken;Butik;Lertagsgatan 1A;Markbacken-Västra Mark;2026-02-10;1;2026-04-29
4c6cbf70-5202-4b98-b402-9508eccfa36f;XO Streetfood;Restaurang;Åstadalsvägen 1E;Almby-Ormesta;2025-05-28;2;2025-09-16
f1f71b87-6ffe-456a-b543-a4b9bd8f4dc8;Xxl Sport & Vildmark Lager;Buffert;Pilängsgatan 9;Latorp-Täby-Vintrosa;2013-11-25;3;2026-05-26
de2c3e6f-b6cd-4717-9f02-b4aef94fff16;Xxl Sport & Vildmark Marieberg;Butik;Säljarevägen 10B;Marieberg-Mosås;2013-01-22;2;2025-10-17
68672ac8-bf8a-45be-855b-a70591fba0db;Yara Grossist AB;Buffert;Stångjärnsgatan 2;Baronbackarna;2024-09-20;3;2026-09-15
0acba531-ed47-45d6-9dad-98a1e3cc8b26;Yerevan Mangal;Restaurang;Järntorgsgatan 6;Örebro city;2016-09-01;9;2025-04-10
04e8b10e-e5be-45a4-af4f-5e1651077e4c;YG fiket;Café;Stubbengatan 2;Rosta-Örnsro;2018-08-22;5;2025-01-29
df0cc846-03d9-48ae-9764-5e9d42938a6a;Zio;Pizzeria;Vaktelvägen 6;Mellringe-Björkhaga;2025-12-10;3;2026-06-26
2c93023a-7893-4355-b5d7-7e0a0fb575c1;Zushi fresh;Restaurang;Peppargatan 7;Sörbyängen;2026-02-03;1;2026-09-30
82418a78-8f77-4041-bde8-2e4f6cb26e56;Ädelstenen Förskola;Tillagning;Ädelstensvägen 1;Lundby;2006-03-10;5;2023-01-31
184bf1d5-c1d6-4663-bb22-56208e1f7eaf;Ängen Pizzeria;Pizzeria;Ladugatan 1;Ladugårdsängen;2026-04-21;1;2026-06-08
745ee815-4004-4fd9-affa-d7686fc76f8d;Ängens Dagrehab;Tillagning;Boskärsgatan 48B;Ladugårdsängen;2011-06-16;2;2024-10-29
6745a314-fb8d-4def-bbe3-6b74c1a03e99;Ängens Vårdboende;Tillagning;Boskärsgatan 48B;Ladugårdsängen;2011-04-27;9;2026-08-28
9a5f93d8-0637-467a-a101-d95c591b7f06;Änglandaskolan;Tillagning;Termikgatan 101;Ladugårdsängen;2018-05-18;7;2026-02-12
0ec32f02-4719-448e-abf4-ea57d2b3497f;Äventyrets Förskola;Tillagning;Gyrogatan 6;Ladugårdsängen;2018-04-17;6;2026-03-31
4a47cb53-3b81-4134-8c88-e4437dda3ecc;Ånnaboda;Restaurang;Ånnaboda 320;Garphyttan-Närkes Kil;2018-06-15;10;2026-07-31
f01c0078-46a8-4f37-b85a-a6dfb4bf1b81;Ö Granhammar Lillstuga;Butik;Östra granhammar 164;Latorp-Täby-Vintrosa;2025-04-29;1;2025-06-26
650c33bd-a5b6-4729-a67f-318c1c168a2a;ÖGS-Bolaget;Buffert;Pikullagatan 2;Latorp-Täby-Vintrosa;2011-02-28;3;2026-08-27
49d59028-982d-42bf-a57f-8c9f25ef94af;Ökna förskola;Tillagning;Prosagatan 23;Vivalla;2015-02-16;5;2025-08-14
dfe4f2d2-8471-4a6e-86ed-520a0576d3c9;Ökna Gård;Café;Gällersta-ökna 345;Ekeby-Almby-Hidingsta-Stora Mellösa;2025-06-24;1;2025-08-07
b06bec4e-4e9e-4b62-8522-69d151f7000d;Ölbryggning;Buffert;Aspholmsvägen 4;Brunnsgärdet-Lindhult-Nasta;2020-02-04;3;2025-02-24
3f139308-06a1-4c83-8e20-8f7293245470;Ölmbrogården;Tillagning;Skolvägen 2;Ervalla-Ölmbrotorp;2007-12-14;4;2025-09-04
16638493-322c-42ba-b7f0-aa32e1532335;Ölstugan Tullen Örebro;Restaurang;Stortorget 7;Örebro city;2026-01-30;2;2026-08-04
0836de8a-9a20-41f1-9fff-23b995af8250;Öob Marieberg;Butik;Säljarevägen 10A;Marieberg-Mosås;2011-09-14;5;2025-08-15
16fe0a9d-3bcc-4241-abfc-61c4a2aa9d95;Öob Örebro;Butik;Österängsgatan 2D;Örebro öster;2009-03-03;4;2026-06-16
3cdbcab8-3ed3-446a-9154-fe280fabe396;Örebro bryggeriaktiebolag;Buffert;Landins väg 7;Marieberg-Mosås;2022-05-11;2;2025-02-18
be8087d2-5768-47e5-8d23-9a7ff801f1a9;Örebro Brygghus i Nerike;Buffert;Aspholmsvägen 14;Brunnsgärdet-Lindhult-Nasta;2016-04-07;6;2025-02-24
41ca359c-0c66-48c5-8dab-0f543b4373dd;Örebro Bröd och kakor AB;Buffert;Myrmalmsgatan 12;Baronbackarna;2026-07-15;0;
5d45211f-aecf-400b-a9f2-b6339f6d84d9;Örebro Cake art;Café;;;2021-07-15;3;2023-08-31
43fc1eb4-5e3e-44d9-922a-06c3c89d012a;Örebro cakeart;Café;Prosagatan 6E;Vivalla;2026-09-21;0;
694ede7a-dd08-42c1-a730-f4e7363bb047;Örebro Cocktails AB;Buffert;Landstormsvägen 19;Eklunda-Sörby;2024-11-28;2;2025-01-22
7334b5f1-492f-4026-bd65-572d1be2565c;Örebro Flyttningsbyrå AB;Buffert;Transportgatan 5;Brunnsgärdet-Lindhult-Nasta;2018-10-17;2;2025-09-11
3aa71e40-1137-40bb-907e-c34ce12b9c43;Örebro Fältrittklubb Cafeterian;Café;Diedens Allé 2;Västhaga-Solhaga;2006-06-29;3;2023-06-13
80857758-9afc-42e5-8d56-9cb99ebe8758;Örebro Hamnkrog;Restaurang;Båtsmansgatan 12;Näsby-Norra Ormesta;2016-06-01;10;2026-08-25
66e20da1-fe17-4d62-a4b4-5960b112d9aa;Örebro Kaffe & Pralin;Butik;Bondegatan 9;Örebro söder;2008-01-02;10;2026-05-06
dab5f30a-f6e9-4224-9b9f-d350b24e320b;Örebro kommun Hemvårdsgrupper;Tillagning;Östra bangatan 7A;Örebro norr-CV;2018-06-20;3;2025-02-11
dd8b8cc1-35f1-47e9-9fc3-c44a0201849f;Örebro Kårhus;Restaurang;Fakultetsgatan 3;Almby-Ormesta;2014-08-11;10;2026-08-28
a11270e5-eb80-44bc-ba7b-6fe293b3f495;Örebro Kötthandlarn;Butik;Smidesgatan 3B;Baronbackarna;2016-06-27;10;2026-05-25
238f1e83-61d8-49a1-a611-233a2b3cdfe0;Örebro Livsmedel och Restaurang;Restaurang;Myrmalmsgatan 12;Baronbackarna;2025-05-22;9;2026-08-12
8f6d377c-66c8-4e1a-addb-9b6d13622343;Örebro Ost;Butik;Kungsgatan 9;Örebro city;2016-06-15;5;2026-06-10
091ce316-e520-4bdd-aae9-97e35400e188;Örebro tennis och badmintonhall;Restaurang;Landbotorpsallén 1;Ladugårdsängen;2020-03-12;8;2025-06-25
0339901d-fabc-4afc-b451-d2cee1486391;Örebro Tobak;Butik;Drottninggatan 32;Örebro city;2020-12-15;3;2025-09-26
6b3185ed-d5a7-4990-849d-fa1f165e3a92;Örebro Waldorfskola;Tillagning;Glomman 94;Adolfsberg;2007-09-05;9;2025-08-26
8eccdfff-7b64-4c5f-ae94-cdd03cd4fb48;Örebro Ölhall;Restaurang;Klostergatan 11;Örebro city;2006-04-07;10;2026-04-27
1bf753ac-dfea-4b40-8945-ac3b3ed6268d;Örebrobiljarden;Restaurang;Järntorgsgatan 6;Örebro city;2012-01-01;4;2026-09-25
fde94bc8-1e6c-4768-b48b-40f0e59cb376;Örebrokiosken;Butik;Storgatan 17;Örebro city;2021-09-15;8;2025-09-26
7e3e83ee-cd0d-453c-8356-1fbe687d1639;Östers krog & pizzeria;Pizzeria;Sancta Birgittagatan 7A;Örebro öster;2020-02-26;8;2025-11-06
9fc482fb-9adf-4818-9f0f-66f1e200a780;Österängens förskola;Tillagning;Förmansgatan 6;Örebro öster;2020-08-13;7;2026-02-16
977e509b-c83f-4f60-a3ab-3d704a60e128;Östra servicebutik;Butik;Östra bangatan 42A;Örebro city;2026-04-01;1;2026-06-03
