nyckeltal_id;nyckeltal;enhet;kod;namn;ar;varde
N11732;Barn i förskolan;st;1880;Örebro;2016;8238
N11732;Barn i förskolan;st;1880;Örebro;2017;8215
N11732;Barn i förskolan;st;1880;Örebro;2018;8237
N11732;Barn i förskolan;st;1880;Örebro;2019;8274
N11732;Barn i förskolan;st;1880;Örebro;2020;8186
N11732;Barn i förskolan;st;1880;Örebro;2021;8034
N11732;Barn i förskolan;st;1880;Örebro;2022;7849
N11732;Barn i förskolan;st;1880;Örebro;2023;7632
N11732;Barn i förskolan;st;1880;Örebro;2024;7483
N11732;Barn i förskolan;st;1880;Örebro;2025;7158
N11732;Barn i förskolan;st;0380;Uppsala;2016;10485
N11732;Barn i förskolan;st;0380;Uppsala;2017;10741
N11732;Barn i förskolan;st;0380;Uppsala;2018;10927
N11732;Barn i förskolan;st;0380;Uppsala;2019;11026
N11732;Barn i förskolan;st;0380;Uppsala;2020;10923
N11732;Barn i förskolan;st;0380;Uppsala;2021;10822
N11732;Barn i förskolan;st;0380;Uppsala;2022;11000
N11732;Barn i förskolan;st;0380;Uppsala;2023;11051
N11732;Barn i förskolan;st;0380;Uppsala;2024;10295
N11732;Barn i förskolan;st;0380;Uppsala;2025;10450
N11732;Barn i förskolan;st;0580;Linköping;2016;7806
N11732;Barn i förskolan;st;0580;Linköping;2017;8097
N11732;Barn i förskolan;st;0580;Linköping;2018;8186
N11732;Barn i förskolan;st;0580;Linköping;2019;8088
N11732;Barn i förskolan;st;0580;Linköping;2020;8012
N11732;Barn i förskolan;st;0580;Linköping;2021;7907
N11732;Barn i förskolan;st;0580;Linköping;2022;7776
N11732;Barn i förskolan;st;0580;Linköping;2023;7705
N11732;Barn i förskolan;st;0580;Linköping;2024;7574
N11732;Barn i förskolan;st;0580;Linköping;2025;7308
N11732;Barn i förskolan;st;1980;Västerås;2016;7408
N11732;Barn i förskolan;st;1980;Västerås;2017;7435
N11732;Barn i förskolan;st;1980;Västerås;2018;7650
N11732;Barn i förskolan;st;1980;Västerås;2019;7797
N11732;Barn i förskolan;st;1980;Västerås;2020;7813
N11732;Barn i förskolan;st;1980;Västerås;2021;7952
N11732;Barn i förskolan;st;1980;Västerås;2022;7905
N11732;Barn i förskolan;st;1980;Västerås;2023;7719
N11732;Barn i förskolan;st;1980;Västerås;2024;7518
N11732;Barn i förskolan;st;1980;Västerås;2025;7245
N11732;Barn i förskolan;st;0581;Norrköping;2016;7707
N11732;Barn i förskolan;st;0581;Norrköping;2017;7760
N11732;Barn i förskolan;st;0581;Norrköping;2018;7755
N11732;Barn i förskolan;st;0581;Norrköping;2019;7619
N11732;Barn i förskolan;st;0581;Norrköping;2020;7577
N11732;Barn i förskolan;st;0581;Norrköping;2021;7391
N11732;Barn i förskolan;st;0581;Norrköping;2022;7354
N11732;Barn i förskolan;st;0581;Norrköping;2023;7230
N11732;Barn i förskolan;st;0581;Norrköping;2024;6975
N11732;Barn i förskolan;st;0581;Norrköping;2025;6670
N11732;Barn i förskolan;st;0680;Jönköping;2016;6903
N11732;Barn i förskolan;st;0680;Jönköping;2017;6922
N11732;Barn i förskolan;st;0680;Jönköping;2018;7134
N11732;Barn i förskolan;st;0680;Jönköping;2019;7190
N11732;Barn i förskolan;st;0680;Jönköping;2020;7204
N11732;Barn i förskolan;st;0680;Jönköping;2021;7183
N11732;Barn i förskolan;st;0680;Jönköping;2022;7231
N11732;Barn i förskolan;st;0680;Jönköping;2023;7184
N11732;Barn i förskolan;st;0680;Jönköping;2024;7013
N11732;Barn i förskolan;st;0680;Jönköping;2025;6802
N11732;Barn i förskolan;st;1283;Helsingborg;2016;7324
N11732;Barn i förskolan;st;1283;Helsingborg;2017;7516
N11732;Barn i förskolan;st;1283;Helsingborg;2018;7684
N11732;Barn i förskolan;st;1283;Helsingborg;2019;7707
N11732;Barn i förskolan;st;1283;Helsingborg;2020;7648
N11732;Barn i förskolan;st;1283;Helsingborg;2021;7638
N11732;Barn i förskolan;st;1283;Helsingborg;2022;7626
N11732;Barn i förskolan;st;1283;Helsingborg;2023;7541
N11732;Barn i förskolan;st;1283;Helsingborg;2024;7196
N11732;Barn i förskolan;st;1283;Helsingborg;2025;7026
N11732;Barn i förskolan;st;2480;Umeå;2016;6336
N11732;Barn i förskolan;st;2480;Umeå;2017;6301
N11732;Barn i förskolan;st;2480;Umeå;2018;6504
N11732;Barn i förskolan;st;2480;Umeå;2019;6542
N11732;Barn i förskolan;st;2480;Umeå;2020;6615
N11732;Barn i förskolan;st;2480;Umeå;2021;6634
N11732;Barn i förskolan;st;2480;Umeå;2022;6493
N11732;Barn i förskolan;st;2480;Umeå;2023;6428
N11732;Barn i förskolan;st;2480;Umeå;2024;6248
N11732;Barn i förskolan;st;2480;Umeå;2025;5837
N11732;Barn i förskolan;st;0000;Hela Sverige;2015;493609
N11732;Barn i förskolan;st;0000;Hela Sverige;2016;501013
N11732;Barn i förskolan;st;0000;Hela Sverige;2017;509784
N11732;Barn i förskolan;st;0000;Hela Sverige;2018;517670
N11732;Barn i förskolan;st;0000;Hela Sverige;2019;521885
N11732;Barn i förskolan;st;0000;Hela Sverige;2020;517405
N11732;Barn i förskolan;st;0000;Hela Sverige;2021;513038
N11732;Barn i förskolan;st;0000;Hela Sverige;2022;508842
N11732;Barn i förskolan;st;0000;Hela Sverige;2023;501193
N11732;Barn i förskolan;st;0000;Hela Sverige;2024;484754
N11732;Barn i förskolan;st;0000;Hela Sverige;2025;468070
N11102;Barn per anställd i förskolan;st;1880;Örebro;2015;5,25
N11102;Barn per anställd i förskolan;st;1880;Örebro;2016;5,24
N11102;Barn per anställd i förskolan;st;1880;Örebro;2017;5,24
N11102;Barn per anställd i förskolan;st;1880;Örebro;2018;5,13
N11102;Barn per anställd i förskolan;st;1880;Örebro;2019;5,39
N11102;Barn per anställd i förskolan;st;1880;Örebro;2020;5,38
N11102;Barn per anställd i förskolan;st;1880;Örebro;2021;5,22
N11102;Barn per anställd i förskolan;st;1880;Örebro;2022;5,15
N11102;Barn per anställd i förskolan;st;1880;Örebro;2023;5,08
N11102;Barn per anställd i förskolan;st;1880;Örebro;2024;4,86
N11102;Barn per anställd i förskolan;st;1880;Örebro;2025;4,86
N11102;Barn per anställd i förskolan;st;0380;Uppsala;2015;5,49
N11102;Barn per anställd i förskolan;st;0380;Uppsala;2016;5,31
N11102;Barn per anställd i förskolan;st;0380;Uppsala;2017;5,25
N11102;Barn per anställd i förskolan;st;0380;Uppsala;2018;5,22
N11102;Barn per anställd i förskolan;st;0380;Uppsala;2019;5,26
N11102;Barn per anställd i förskolan;st;0380;Uppsala;2020;5,14
N11102;Barn per anställd i förskolan;st;0380;Uppsala;2021;5,14
N11102;Barn per anställd i förskolan;st;0380;Uppsala;2022;5,43
N11102;Barn per anställd i förskolan;st;0380;Uppsala;2023;5,42
N11102;Barn per anställd i förskolan;st;0380;Uppsala;2024;5,29
N11102;Barn per anställd i förskolan;st;0380;Uppsala;2025;5,55
N11102;Barn per anställd i förskolan;st;0580;Linköping;2015;5,27
N11102;Barn per anställd i förskolan;st;0580;Linköping;2016;5,05
N11102;Barn per anställd i förskolan;st;0580;Linköping;2017;4,86
N11102;Barn per anställd i förskolan;st;0580;Linköping;2018;4,87
N11102;Barn per anställd i förskolan;st;0580;Linköping;2019;5,1
N11102;Barn per anställd i förskolan;st;0580;Linköping;2020;4,98
N11102;Barn per anställd i förskolan;st;0580;Linköping;2021;5,15
N11102;Barn per anställd i förskolan;st;0580;Linköping;2022;5,14
N11102;Barn per anställd i förskolan;st;0580;Linköping;2023;5,15
N11102;Barn per anställd i förskolan;st;0580;Linköping;2024;5,3
N11102;Barn per anställd i förskolan;st;0580;Linköping;2025;5,13
N11102;Barn per anställd i förskolan;st;1980;Västerås;2015;5,06
N11102;Barn per anställd i förskolan;st;1980;Västerås;2016;5,23
N11102;Barn per anställd i förskolan;st;1980;Västerås;2017;4,91
N11102;Barn per anställd i förskolan;st;1980;Västerås;2018;5
N11102;Barn per anställd i förskolan;st;1980;Västerås;2019;5,03
N11102;Barn per anställd i förskolan;st;1980;Västerås;2020;4,99
N11102;Barn per anställd i förskolan;st;1980;Västerås;2021;4,97
N11102;Barn per anställd i förskolan;st;1980;Västerås;2022;5,09
N11102;Barn per anställd i förskolan;st;1980;Västerås;2023;5,01
N11102;Barn per anställd i förskolan;st;1980;Västerås;2024;5,09
N11102;Barn per anställd i förskolan;st;1980;Västerås;2025;5,19
N11102;Barn per anställd i förskolan;st;0581;Norrköping;2015;5,69
N11102;Barn per anställd i förskolan;st;0581;Norrköping;2016;5,29
N11102;Barn per anställd i förskolan;st;0581;Norrköping;2017;5
N11102;Barn per anställd i förskolan;st;0581;Norrköping;2018;4,95
N11102;Barn per anställd i förskolan;st;0581;Norrköping;2019;5,03
N11102;Barn per anställd i förskolan;st;0581;Norrköping;2020;4,89
N11102;Barn per anställd i förskolan;st;0581;Norrköping;2021;4,86
N11102;Barn per anställd i förskolan;st;0581;Norrköping;2022;5,09
N11102;Barn per anställd i förskolan;st;0581;Norrköping;2023;5,15
N11102;Barn per anställd i förskolan;st;0581;Norrköping;2024;5,14
N11102;Barn per anställd i förskolan;st;0581;Norrköping;2025;5,11
N11102;Barn per anställd i förskolan;st;0680;Jönköping;2015;4,78
N11102;Barn per anställd i förskolan;st;0680;Jönköping;2016;4,74
N11102;Barn per anställd i förskolan;st;0680;Jönköping;2017;4,58
N11102;Barn per anställd i förskolan;st;0680;Jönköping;2018;4,75
N11102;Barn per anställd i förskolan;st;0680;Jönköping;2019;4,85
N11102;Barn per anställd i förskolan;st;0680;Jönköping;2020;5,02
N11102;Barn per anställd i förskolan;st;0680;Jönköping;2021;5,09
N11102;Barn per anställd i förskolan;st;0680;Jönköping;2022;4,9
N11102;Barn per anställd i förskolan;st;0680;Jönköping;2023;4,78
N11102;Barn per anställd i förskolan;st;0680;Jönköping;2024;4,81
N11102;Barn per anställd i förskolan;st;0680;Jönköping;2025;4,81
N11102;Barn per anställd i förskolan;st;1283;Helsingborg;2015;5,36
N11102;Barn per anställd i förskolan;st;1283;Helsingborg;2016;5,21
N11102;Barn per anställd i förskolan;st;1283;Helsingborg;2017;5,07
N11102;Barn per anställd i förskolan;st;1283;Helsingborg;2018;5,17
N11102;Barn per anställd i förskolan;st;1283;Helsingborg;2019;5,14
N11102;Barn per anställd i förskolan;st;1283;Helsingborg;2020;5,15
N11102;Barn per anställd i förskolan;st;1283;Helsingborg;2021;5,31
N11102;Barn per anställd i förskolan;st;1283;Helsingborg;2022;5,33
N11102;Barn per anställd i förskolan;st;1283;Helsingborg;2023;5,49
N11102;Barn per anställd i förskolan;st;1283;Helsingborg;2024;5,38
N11102;Barn per anställd i förskolan;st;1283;Helsingborg;2025;5,55
N11102;Barn per anställd i förskolan;st;2480;Umeå;2015;4,67
N11102;Barn per anställd i förskolan;st;2480;Umeå;2016;4,92
N11102;Barn per anställd i förskolan;st;2480;Umeå;2017;5,12
N11102;Barn per anställd i förskolan;st;2480;Umeå;2018;5,22
N11102;Barn per anställd i förskolan;st;2480;Umeå;2019;5,04
N11102;Barn per anställd i förskolan;st;2480;Umeå;2020;5,2
N11102;Barn per anställd i förskolan;st;2480;Umeå;2021;5,16
N11102;Barn per anställd i förskolan;st;2480;Umeå;2022;4,97
N11102;Barn per anställd i förskolan;st;2480;Umeå;2023;4,88
N11102;Barn per anställd i förskolan;st;2480;Umeå;2024;4,95
N11102;Barn per anställd i förskolan;st;2480;Umeå;2025;5,15
N11102;Barn per anställd i förskolan;st;0000;Hela Sverige;2015;5,24
N11102;Barn per anställd i förskolan;st;0000;Hela Sverige;2016;5,15
N11102;Barn per anställd i förskolan;st;0000;Hela Sverige;2017;5,09
N11102;Barn per anställd i förskolan;st;0000;Hela Sverige;2018;5,11
N11102;Barn per anställd i förskolan;st;0000;Hela Sverige;2019;5,15
N11102;Barn per anställd i förskolan;st;0000;Hela Sverige;2020;5,14
N11102;Barn per anställd i förskolan;st;0000;Hela Sverige;2021;5,11
N11102;Barn per anställd i förskolan;st;0000;Hela Sverige;2022;5,05
N11102;Barn per anställd i förskolan;st;0000;Hela Sverige;2023;5,07
N11102;Barn per anställd i förskolan;st;0000;Hela Sverige;2024;5,13
N11102;Barn per anställd i förskolan;st;0000;Hela Sverige;2025;5,09
N11701;Barn per barngrupp;st;1880;Örebro;2016;14,4
N11701;Barn per barngrupp;st;1880;Örebro;2017;13,8
N11701;Barn per barngrupp;st;1880;Örebro;2018;16,1
N11701;Barn per barngrupp;st;1880;Örebro;2019;16,2
N11701;Barn per barngrupp;st;1880;Örebro;2020;12,6
N11701;Barn per barngrupp;st;1880;Örebro;2021;15,1
N11701;Barn per barngrupp;st;1880;Örebro;2022;15,8
N11701;Barn per barngrupp;st;1880;Örebro;2023;15,2
N11701;Barn per barngrupp;st;1880;Örebro;2024;15,7
N11701;Barn per barngrupp;st;1880;Örebro;2025;15,2
N11701;Barn per barngrupp;st;0380;Uppsala;2016;13,9
N11701;Barn per barngrupp;st;0380;Uppsala;2017;13,7
N11701;Barn per barngrupp;st;0380;Uppsala;2018;14,2
N11701;Barn per barngrupp;st;0380;Uppsala;2019;13,1
N11701;Barn per barngrupp;st;0380;Uppsala;2020;12,9
N11701;Barn per barngrupp;st;0380;Uppsala;2021;12,2
N11701;Barn per barngrupp;st;0380;Uppsala;2022;14
N11701;Barn per barngrupp;st;0380;Uppsala;2023;14,7
N11701;Barn per barngrupp;st;0380;Uppsala;2024;14,9
N11701;Barn per barngrupp;st;0380;Uppsala;2025;14,5
N11701;Barn per barngrupp;st;0580;Linköping;2016;9,3
N11701;Barn per barngrupp;st;0580;Linköping;2017;7,8
N11701;Barn per barngrupp;st;0580;Linköping;2018;8,7
N11701;Barn per barngrupp;st;0580;Linköping;2019;8
N11701;Barn per barngrupp;st;0580;Linköping;2020;8
N11701;Barn per barngrupp;st;0580;Linköping;2021;8,2
N11701;Barn per barngrupp;st;0580;Linköping;2022;16,6
N11701;Barn per barngrupp;st;0580;Linköping;2023;17,1
N11701;Barn per barngrupp;st;0580;Linköping;2024;17,5
N11701;Barn per barngrupp;st;0580;Linköping;2025;17,2
N11701;Barn per barngrupp;st;1980;Västerås;2016;15,9
N11701;Barn per barngrupp;st;1980;Västerås;2017;15,4
N11701;Barn per barngrupp;st;1980;Västerås;2018;15,5
N11701;Barn per barngrupp;st;1980;Västerås;2019;13,6
N11701;Barn per barngrupp;st;1980;Västerås;2020;12,2
N11701;Barn per barngrupp;st;1980;Västerås;2021;12
N11701;Barn per barngrupp;st;1980;Västerås;2022;12,6
N11701;Barn per barngrupp;st;1980;Västerås;2023;13,3
N11701;Barn per barngrupp;st;1980;Västerås;2024;13,3
N11701;Barn per barngrupp;st;1980;Västerås;2025;13,5
N11701;Barn per barngrupp;st;0581;Norrköping;2016;16,6
N11701;Barn per barngrupp;st;0581;Norrköping;2017;15,7
N11701;Barn per barngrupp;st;0581;Norrköping;2018;14,4
N11701;Barn per barngrupp;st;0581;Norrköping;2019;14
N11701;Barn per barngrupp;st;0581;Norrköping;2020;14,2
N11701;Barn per barngrupp;st;0581;Norrköping;2021;13,7
N11701;Barn per barngrupp;st;0581;Norrköping;2022;16,2
N11701;Barn per barngrupp;st;0581;Norrköping;2023;16,3
N11701;Barn per barngrupp;st;0581;Norrköping;2024;15,7
N11701;Barn per barngrupp;st;0581;Norrköping;2025;16,4
N11701;Barn per barngrupp;st;0680;Jönköping;2016;14,2
N11701;Barn per barngrupp;st;0680;Jönköping;2017;14,5
N11701;Barn per barngrupp;st;0680;Jönköping;2018;14,7
N11701;Barn per barngrupp;st;0680;Jönköping;2019;14,4
N11701;Barn per barngrupp;st;0680;Jönköping;2020;14,7
N11701;Barn per barngrupp;st;0680;Jönköping;2021;14,7
N11701;Barn per barngrupp;st;0680;Jönköping;2022;14,9
N11701;Barn per barngrupp;st;0680;Jönköping;2023;14,9
N11701;Barn per barngrupp;st;0680;Jönköping;2024;14,9
N11701;Barn per barngrupp;st;0680;Jönköping;2025;14,6
N11701;Barn per barngrupp;st;1283;Helsingborg;2016;16,8
N11701;Barn per barngrupp;st;1283;Helsingborg;2017;15,8
N11701;Barn per barngrupp;st;1283;Helsingborg;2018;15,5
N11701;Barn per barngrupp;st;1283;Helsingborg;2019;15,4
N11701;Barn per barngrupp;st;1283;Helsingborg;2020;15
N11701;Barn per barngrupp;st;1283;Helsingborg;2021;14,9
N11701;Barn per barngrupp;st;1283;Helsingborg;2022;15,2
N11701;Barn per barngrupp;st;1283;Helsingborg;2023;14,6
N11701;Barn per barngrupp;st;1283;Helsingborg;2024;14,7
N11701;Barn per barngrupp;st;1283;Helsingborg;2025;14,8
N11701;Barn per barngrupp;st;2480;Umeå;2016;16,2
N11701;Barn per barngrupp;st;2480;Umeå;2017;15,7
N11701;Barn per barngrupp;st;2480;Umeå;2018;16,3
N11701;Barn per barngrupp;st;2480;Umeå;2019;16,4
N11701;Barn per barngrupp;st;2480;Umeå;2020;16,7
N11701;Barn per barngrupp;st;2480;Umeå;2021;16,5
N11701;Barn per barngrupp;st;2480;Umeå;2022;16,1
N11701;Barn per barngrupp;st;2480;Umeå;2023;15,8
N11701;Barn per barngrupp;st;2480;Umeå;2024;15,8
N11701;Barn per barngrupp;st;2480;Umeå;2025;16
N11701;Barn per barngrupp;st;0000;Hela Sverige;2016;15,9
N11701;Barn per barngrupp;st;0000;Hela Sverige;2017;15,3
N11701;Barn per barngrupp;st;0000;Hela Sverige;2018;15,4
N11701;Barn per barngrupp;st;0000;Hela Sverige;2019;15
N11701;Barn per barngrupp;st;0000;Hela Sverige;2020;14,8
N11701;Barn per barngrupp;st;0000;Hela Sverige;2021;14,6
N11701;Barn per barngrupp;st;0000;Hela Sverige;2022;15,2
N11701;Barn per barngrupp;st;0000;Hela Sverige;2023;15,3
N11701;Barn per barngrupp;st;0000;Hela Sverige;2024;15,3
N11701;Barn per barngrupp;st;0000;Hela Sverige;2025;15,3
N11808;Legitimerade förskollärare;%;1880;Örebro;2016;44
N11808;Legitimerade förskollärare;%;1880;Örebro;2017;44
N11808;Legitimerade förskollärare;%;1880;Örebro;2018;43
N11808;Legitimerade förskollärare;%;1880;Örebro;2019;42
N11808;Legitimerade förskollärare;%;1880;Örebro;2020;42
N11808;Legitimerade förskollärare;%;1880;Örebro;2021;41
N11808;Legitimerade förskollärare;%;1880;Örebro;2022;40
N11808;Legitimerade förskollärare;%;1880;Örebro;2023;41
N11808;Legitimerade förskollärare;%;1880;Örebro;2024;41
N11808;Legitimerade förskollärare;%;1880;Örebro;2025;43,5
N11808;Legitimerade förskollärare;%;0380;Uppsala;2016;37
N11808;Legitimerade förskollärare;%;0380;Uppsala;2017;35
N11808;Legitimerade förskollärare;%;0380;Uppsala;2018;34
N11808;Legitimerade förskollärare;%;0380;Uppsala;2019;34
N11808;Legitimerade förskollärare;%;0380;Uppsala;2020;36
N11808;Legitimerade förskollärare;%;0380;Uppsala;2021;36
N11808;Legitimerade förskollärare;%;0380;Uppsala;2022;36
N11808;Legitimerade förskollärare;%;0380;Uppsala;2023;37
N11808;Legitimerade förskollärare;%;0380;Uppsala;2024;37
N11808;Legitimerade förskollärare;%;0380;Uppsala;2025;37,6
N11808;Legitimerade förskollärare;%;0580;Linköping;2016;36
N11808;Legitimerade förskollärare;%;0580;Linköping;2017;33
N11808;Legitimerade förskollärare;%;0580;Linköping;2018;32
N11808;Legitimerade förskollärare;%;0580;Linköping;2019;34
N11808;Legitimerade förskollärare;%;0580;Linköping;2020;35
N11808;Legitimerade förskollärare;%;0580;Linköping;2021;37
N11808;Legitimerade förskollärare;%;0580;Linköping;2022;37
N11808;Legitimerade förskollärare;%;0580;Linköping;2023;36
N11808;Legitimerade förskollärare;%;0580;Linköping;2024;37
N11808;Legitimerade förskollärare;%;0580;Linköping;2025;37,3
N11808;Legitimerade förskollärare;%;1980;Västerås;2016;43
N11808;Legitimerade förskollärare;%;1980;Västerås;2017;39
N11808;Legitimerade förskollärare;%;1980;Västerås;2018;38
N11808;Legitimerade förskollärare;%;1980;Västerås;2019;38
N11808;Legitimerade förskollärare;%;1980;Västerås;2020;39
N11808;Legitimerade förskollärare;%;1980;Västerås;2021;39
N11808;Legitimerade förskollärare;%;1980;Västerås;2022;39
N11808;Legitimerade förskollärare;%;1980;Västerås;2023;38
N11808;Legitimerade förskollärare;%;1980;Västerås;2024;39
N11808;Legitimerade förskollärare;%;1980;Västerås;2025;42,4
N11808;Legitimerade förskollärare;%;0581;Norrköping;2016;43
N11808;Legitimerade förskollärare;%;0581;Norrköping;2017;38
N11808;Legitimerade förskollärare;%;0581;Norrköping;2018;38
N11808;Legitimerade förskollärare;%;0581;Norrköping;2019;41
N11808;Legitimerade förskollärare;%;0581;Norrköping;2020;42
N11808;Legitimerade förskollärare;%;0581;Norrköping;2021;42
N11808;Legitimerade förskollärare;%;0581;Norrköping;2022;45
N11808;Legitimerade förskollärare;%;0581;Norrköping;2023;46
N11808;Legitimerade förskollärare;%;0581;Norrköping;2024;48
N11808;Legitimerade förskollärare;%;0581;Norrköping;2025;52,7
N11808;Legitimerade förskollärare;%;0680;Jönköping;2016;56
N11808;Legitimerade förskollärare;%;0680;Jönköping;2017;55
N11808;Legitimerade förskollärare;%;0680;Jönköping;2018;56
N11808;Legitimerade förskollärare;%;0680;Jönköping;2019;54
N11808;Legitimerade förskollärare;%;0680;Jönköping;2020;57
N11808;Legitimerade förskollärare;%;0680;Jönköping;2021;56
N11808;Legitimerade förskollärare;%;0680;Jönköping;2022;55
N11808;Legitimerade förskollärare;%;0680;Jönköping;2023;54
N11808;Legitimerade förskollärare;%;0680;Jönköping;2024;56
N11808;Legitimerade förskollärare;%;0680;Jönköping;2025;56,8
N11808;Legitimerade förskollärare;%;1283;Helsingborg;2016;40
N11808;Legitimerade förskollärare;%;1283;Helsingborg;2017;39
N11808;Legitimerade förskollärare;%;1283;Helsingborg;2018;39
N11808;Legitimerade förskollärare;%;1283;Helsingborg;2019;40
N11808;Legitimerade förskollärare;%;1283;Helsingborg;2020;42
N11808;Legitimerade förskollärare;%;1283;Helsingborg;2021;45
N11808;Legitimerade förskollärare;%;1283;Helsingborg;2022;45
N11808;Legitimerade förskollärare;%;1283;Helsingborg;2023;47
N11808;Legitimerade förskollärare;%;1283;Helsingborg;2024;50
N11808;Legitimerade förskollärare;%;1283;Helsingborg;2025;52,7
N11808;Legitimerade förskollärare;%;2480;Umeå;2016;54
N11808;Legitimerade förskollärare;%;2480;Umeå;2017;53
N11808;Legitimerade förskollärare;%;2480;Umeå;2018;52
N11808;Legitimerade förskollärare;%;2480;Umeå;2019;52
N11808;Legitimerade förskollärare;%;2480;Umeå;2020;52
N11808;Legitimerade förskollärare;%;2480;Umeå;2021;51
N11808;Legitimerade förskollärare;%;2480;Umeå;2022;49
N11808;Legitimerade förskollärare;%;2480;Umeå;2023;48
N11808;Legitimerade förskollärare;%;2480;Umeå;2024;49
N11808;Legitimerade förskollärare;%;2480;Umeå;2025;51,9
N11808;Legitimerade förskollärare;%;0000;Hela Sverige;2016;41
N11808;Legitimerade förskollärare;%;0000;Hela Sverige;2017;40
N11808;Legitimerade förskollärare;%;0000;Hela Sverige;2018;40
N11808;Legitimerade förskollärare;%;0000;Hela Sverige;2019;40
N11808;Legitimerade förskollärare;%;0000;Hela Sverige;2020;41
N11808;Legitimerade förskollärare;%;0000;Hela Sverige;2021;41
N11808;Legitimerade förskollärare;%;0000;Hela Sverige;2022;41
N11808;Legitimerade förskollärare;%;0000;Hela Sverige;2023;41
N11808;Legitimerade förskollärare;%;0000;Hela Sverige;2024;43
N11808;Legitimerade förskollärare;%;0000;Hela Sverige;2025;44,7
N11800;Barn 1–5 år i förskola;%;1880;Örebro;2015;86,3
N11800;Barn 1–5 år i förskola;%;1880;Örebro;2016;87,5
N11800;Barn 1–5 år i förskola;%;1880;Örebro;2017;86,66
N11800;Barn 1–5 år i förskola;%;1880;Örebro;2018;87,38
N11800;Barn 1–5 år i förskola;%;1880;Örebro;2019;87,31
N11800;Barn 1–5 år i förskola;%;1880;Örebro;2020;87,56
N11800;Barn 1–5 år i förskola;%;1880;Örebro;2021;88,09
N11800;Barn 1–5 år i förskola;%;1880;Örebro;2022;87,65
N11800;Barn 1–5 år i förskola;%;1880;Örebro;2023;87,29
N11800;Barn 1–5 år i förskola;%;1880;Örebro;2024;88,39
N11800;Barn 1–5 år i förskola;%;1880;Örebro;2025;87,89
N11800;Barn 1–5 år i förskola;%;0380;Uppsala;2015;77,85
N11800;Barn 1–5 år i förskola;%;0380;Uppsala;2016;81,94
N11800;Barn 1–5 år i förskola;%;0380;Uppsala;2017;81,8
N11800;Barn 1–5 år i förskola;%;0380;Uppsala;2018;82,19
N11800;Barn 1–5 år i förskola;%;0380;Uppsala;2019;81,58
N11800;Barn 1–5 år i förskola;%;0380;Uppsala;2020;81,1
N11800;Barn 1–5 år i förskola;%;0380;Uppsala;2021;82,01
N11800;Barn 1–5 år i förskola;%;0380;Uppsala;2022;82,68
N11800;Barn 1–5 år i förskola;%;0380;Uppsala;2023;84,25
N11800;Barn 1–5 år i förskola;%;0380;Uppsala;2024;80,14
N11800;Barn 1–5 år i förskola;%;0380;Uppsala;2025;83,53
N11800;Barn 1–5 år i förskola;%;0580;Linköping;2015;83,97
N11800;Barn 1–5 år i förskola;%;0580;Linköping;2016;82,83
N11800;Barn 1–5 år i förskola;%;0580;Linköping;2017;84,57
N11800;Barn 1–5 år i förskola;%;0580;Linköping;2018;86,3
N11800;Barn 1–5 år i förskola;%;0580;Linköping;2019;85,72
N11800;Barn 1–5 år i förskola;%;0580;Linköping;2020;85,81
N11800;Barn 1–5 år i förskola;%;0580;Linköping;2021;86,45
N11800;Barn 1–5 år i förskola;%;0580;Linköping;2022;86,47
N11800;Barn 1–5 år i förskola;%;0580;Linköping;2023;87,47
N11800;Barn 1–5 år i förskola;%;0580;Linköping;2024;89,44
N11800;Barn 1–5 år i förskola;%;0580;Linköping;2025;89,27
N11800;Barn 1–5 år i förskola;%;1980;Västerås;2015;83,87
N11800;Barn 1–5 år i förskola;%;1980;Västerås;2016;84,38
N11800;Barn 1–5 år i förskola;%;1980;Västerås;2017;82,27
N11800;Barn 1–5 år i förskola;%;1980;Västerås;2018;83,83
N11800;Barn 1–5 år i förskola;%;1980;Västerås;2019;84,55
N11800;Barn 1–5 år i förskola;%;1980;Västerås;2020;83,76
N11800;Barn 1–5 år i förskola;%;1980;Västerås;2021;84,72
N11800;Barn 1–5 år i förskola;%;1980;Västerås;2022;84,56
N11800;Barn 1–5 år i förskola;%;1980;Västerås;2023;83,81
N11800;Barn 1–5 år i förskola;%;1980;Västerås;2024;84,23
N11800;Barn 1–5 år i förskola;%;1980;Västerås;2025;83,73
N11800;Barn 1–5 år i förskola;%;0581;Norrköping;2015;89,11
N11800;Barn 1–5 år i förskola;%;0581;Norrköping;2016;89,18
N11800;Barn 1–5 år i förskola;%;0581;Norrköping;2017;88,24
N11800;Barn 1–5 år i förskola;%;0581;Norrköping;2018;89,98
N11800;Barn 1–5 år i förskola;%;0581;Norrköping;2019;89,11
N11800;Barn 1–5 år i förskola;%;0581;Norrköping;2020;89
N11800;Barn 1–5 år i förskola;%;0581;Norrköping;2021;88,49
N11800;Barn 1–5 år i förskola;%;0581;Norrköping;2022;88,54
N11800;Barn 1–5 år i förskola;%;0581;Norrköping;2023;89,48
N11800;Barn 1–5 år i förskola;%;0581;Norrköping;2024;89,77
N11800;Barn 1–5 år i förskola;%;0581;Norrköping;2025;89,62
N11800;Barn 1–5 år i förskola;%;0680;Jönköping;2015;81,98
N11800;Barn 1–5 år i förskola;%;0680;Jönköping;2016;82,87
N11800;Barn 1–5 år i förskola;%;0680;Jönköping;2017;81,92
N11800;Barn 1–5 år i förskola;%;0680;Jönköping;2018;85,11
N11800;Barn 1–5 år i förskola;%;0680;Jönköping;2019;85,28
N11800;Barn 1–5 år i förskola;%;0680;Jönköping;2020;85,62
N11800;Barn 1–5 år i förskola;%;0680;Jönköping;2021;86,19
N11800;Barn 1–5 år i förskola;%;0680;Jönköping;2022;87,17
N11800;Barn 1–5 år i förskola;%;0680;Jönköping;2023;87,92
N11800;Barn 1–5 år i förskola;%;0680;Jönköping;2024;87,08
N11800;Barn 1–5 år i förskola;%;0680;Jönköping;2025;87,12
N11800;Barn 1–5 år i förskola;%;1283;Helsingborg;2015;84,28
N11800;Barn 1–5 år i förskola;%;1283;Helsingborg;2016;85,78
N11800;Barn 1–5 år i förskola;%;1283;Helsingborg;2017;85,9
N11800;Barn 1–5 år i förskola;%;1283;Helsingborg;2018;87,35
N11800;Barn 1–5 år i förskola;%;1283;Helsingborg;2019;86,66
N11800;Barn 1–5 år i förskola;%;1283;Helsingborg;2020;85,41
N11800;Barn 1–5 år i förskola;%;1283;Helsingborg;2021;85,85
N11800;Barn 1–5 år i förskola;%;1283;Helsingborg;2022;86,81
N11800;Barn 1–5 år i förskola;%;1283;Helsingborg;2023;88,05
N11800;Barn 1–5 år i förskola;%;1283;Helsingborg;2024;86,1
N11800;Barn 1–5 år i förskola;%;1283;Helsingborg;2025;87,2
N11800;Barn 1–5 år i förskola;%;2480;Umeå;2015;84,54
N11800;Barn 1–5 år i förskola;%;2480;Umeå;2016;85,63
N11800;Barn 1–5 år i förskola;%;2480;Umeå;2017;84,35
N11800;Barn 1–5 år i förskola;%;2480;Umeå;2018;86,1
N11800;Barn 1–5 år i förskola;%;2480;Umeå;2019;86,56
N11800;Barn 1–5 år i förskola;%;2480;Umeå;2020;87,23
N11800;Barn 1–5 år i förskola;%;2480;Umeå;2021;88,11
N11800;Barn 1–5 år i förskola;%;2480;Umeå;2022;87,82
N11800;Barn 1–5 år i förskola;%;2480;Umeå;2023;89,38
N11800;Barn 1–5 år i förskola;%;2480;Umeå;2024;90,16
N11800;Barn 1–5 år i förskola;%;2480;Umeå;2025;88,24
N11800;Barn 1–5 år i förskola;%;0000;Hela Sverige;2015;83
N11800;Barn 1–5 år i förskola;%;0000;Hela Sverige;2016;83,97
N11800;Barn 1–5 år i förskola;%;0000;Hela Sverige;2017;83,85
N11800;Barn 1–5 år i förskola;%;0000;Hela Sverige;2018;84,83
N11800;Barn 1–5 år i förskola;%;0000;Hela Sverige;2019;85,39
N11800;Barn 1–5 år i förskola;%;0000;Hela Sverige;2020;85,43
N11800;Barn 1–5 år i förskola;%;0000;Hela Sverige;2021;85,55
N11800;Barn 1–5 år i förskola;%;0000;Hela Sverige;2022;85,77
N11800;Barn 1–5 år i förskola;%;0000;Hela Sverige;2023;86,6
N11800;Barn 1–5 år i förskola;%;0000;Hela Sverige;2024;86,63
N11800;Barn 1–5 år i förskola;%;0000;Hela Sverige;2025;86,44
N11008;Kostnad per förskolebarn;kr;1880;Örebro;2015;130564,3
N11008;Kostnad per förskolebarn;kr;1880;Örebro;2016;134569,2
N11008;Kostnad per förskolebarn;kr;1880;Örebro;2017;145904,6
N11008;Kostnad per förskolebarn;kr;1880;Örebro;2018;155424
N11008;Kostnad per förskolebarn;kr;1880;Örebro;2019;151676,2
N11008;Kostnad per förskolebarn;kr;1880;Örebro;2020;152523,1
N11008;Kostnad per förskolebarn;kr;1880;Örebro;2021;157402,6
N11008;Kostnad per förskolebarn;kr;1880;Örebro;2022;162868,7
N11008;Kostnad per förskolebarn;kr;1880;Örebro;2023;178563,1
N11008;Kostnad per förskolebarn;kr;1880;Örebro;2024;190816,5
N11008;Kostnad per förskolebarn;kr;1880;Örebro;2025;191155,5
N11008;Kostnad per förskolebarn;kr;0380;Uppsala;2015;144075,9
N11008;Kostnad per förskolebarn;kr;0380;Uppsala;2016;147112,9
N11008;Kostnad per förskolebarn;kr;0380;Uppsala;2017;147890,7
N11008;Kostnad per förskolebarn;kr;0380;Uppsala;2018;151424,5
N11008;Kostnad per förskolebarn;kr;0380;Uppsala;2019;155338,3
N11008;Kostnad per förskolebarn;kr;0380;Uppsala;2020;159190,5
N11008;Kostnad per förskolebarn;kr;0380;Uppsala;2021;163731
N11008;Kostnad per förskolebarn;kr;0380;Uppsala;2022;165691,1
N11008;Kostnad per förskolebarn;kr;0380;Uppsala;2023;173937,8
N11008;Kostnad per förskolebarn;kr;0380;Uppsala;2024;186121,8
N11008;Kostnad per förskolebarn;kr;0380;Uppsala;2025;185664,4
N11008;Kostnad per förskolebarn;kr;0580;Linköping;2015;141583,1
N11008;Kostnad per förskolebarn;kr;0580;Linköping;2016;144857,1
N11008;Kostnad per förskolebarn;kr;0580;Linköping;2017;153085,7
N11008;Kostnad per förskolebarn;kr;0580;Linköping;2018;155462,1
N11008;Kostnad per förskolebarn;kr;0580;Linköping;2019;158318,3
N11008;Kostnad per förskolebarn;kr;0580;Linköping;2020;163721,2
N11008;Kostnad per förskolebarn;kr;0580;Linköping;2021;167627,6
N11008;Kostnad per förskolebarn;kr;0580;Linköping;2022;171941,8
N11008;Kostnad per förskolebarn;kr;0580;Linköping;2023;178514,5
N11008;Kostnad per förskolebarn;kr;0580;Linköping;2024;178266,5
N11008;Kostnad per förskolebarn;kr;0580;Linköping;2025;184502,2
N11008;Kostnad per förskolebarn;kr;1980;Västerås;2015;139331,4
N11008;Kostnad per förskolebarn;kr;1980;Västerås;2016;137806,6
N11008;Kostnad per förskolebarn;kr;1980;Västerås;2017;141097,9
N11008;Kostnad per förskolebarn;kr;1980;Västerås;2018;147806,7
N11008;Kostnad per förskolebarn;kr;1980;Västerås;2019;151219,8
N11008;Kostnad per förskolebarn;kr;1980;Västerås;2020;154382,8
N11008;Kostnad per förskolebarn;kr;1980;Västerås;2021;155349,1
N11008;Kostnad per förskolebarn;kr;1980;Västerås;2022;161797,5
N11008;Kostnad per förskolebarn;kr;1980;Västerås;2023;176849,4
N11008;Kostnad per förskolebarn;kr;1980;Västerås;2024;195816
N11008;Kostnad per förskolebarn;kr;1980;Västerås;2025;193936,7
N11008;Kostnad per förskolebarn;kr;0581;Norrköping;2015;122777,8
N11008;Kostnad per förskolebarn;kr;0581;Norrköping;2016;129185,9
N11008;Kostnad per förskolebarn;kr;0581;Norrköping;2017;136740,1
N11008;Kostnad per förskolebarn;kr;0581;Norrköping;2018;144168,6
N11008;Kostnad per förskolebarn;kr;0581;Norrköping;2019;150179
N11008;Kostnad per förskolebarn;kr;0581;Norrköping;2020;146738,8
N11008;Kostnad per förskolebarn;kr;0581;Norrköping;2021;153839,3
N11008;Kostnad per förskolebarn;kr;0581;Norrköping;2022;159225
N11008;Kostnad per förskolebarn;kr;0581;Norrköping;2023;166491,6
N11008;Kostnad per förskolebarn;kr;0581;Norrköping;2024;180622
N11008;Kostnad per förskolebarn;kr;0581;Norrköping;2025;184324,7
N11008;Kostnad per förskolebarn;kr;0680;Jönköping;2015;143772,6
N11008;Kostnad per förskolebarn;kr;0680;Jönköping;2016;148317,6
N11008;Kostnad per förskolebarn;kr;0680;Jönköping;2017;156331,3
N11008;Kostnad per förskolebarn;kr;0680;Jönköping;2018;161861,3
N11008;Kostnad per förskolebarn;kr;0680;Jönköping;2019;162849,4
N11008;Kostnad per förskolebarn;kr;0680;Jönköping;2020;165892,1
N11008;Kostnad per förskolebarn;kr;0680;Jönköping;2021;164934,8
N11008;Kostnad per förskolebarn;kr;0680;Jönköping;2022;180723,7
N11008;Kostnad per förskolebarn;kr;0680;Jönköping;2023;192219,9
N11008;Kostnad per förskolebarn;kr;0680;Jönköping;2024;200926,8
N11008;Kostnad per förskolebarn;kr;0680;Jönköping;2025;208099,4
N11008;Kostnad per förskolebarn;kr;1283;Helsingborg;2015;138346,7
N11008;Kostnad per förskolebarn;kr;1283;Helsingborg;2016;145626,9
N11008;Kostnad per förskolebarn;kr;1283;Helsingborg;2017;148545,6
N11008;Kostnad per förskolebarn;kr;1283;Helsingborg;2018;151160,6
N11008;Kostnad per förskolebarn;kr;1283;Helsingborg;2019;153098
N11008;Kostnad per förskolebarn;kr;1283;Helsingborg;2020;157567,7
N11008;Kostnad per förskolebarn;kr;1283;Helsingborg;2021;162641,8
N11008;Kostnad per förskolebarn;kr;1283;Helsingborg;2022;165946,4
N11008;Kostnad per förskolebarn;kr;1283;Helsingborg;2023;174051,2
N11008;Kostnad per förskolebarn;kr;1283;Helsingborg;2024;182803,2
N11008;Kostnad per förskolebarn;kr;1283;Helsingborg;2025;182897,3
N11008;Kostnad per förskolebarn;kr;2480;Umeå;2015;147234,3
N11008;Kostnad per förskolebarn;kr;2480;Umeå;2016;149202,2
N11008;Kostnad per förskolebarn;kr;2480;Umeå;2017;154602,7
N11008;Kostnad per förskolebarn;kr;2480;Umeå;2018;156569
N11008;Kostnad per förskolebarn;kr;2480;Umeå;2019;153643,9
N11008;Kostnad per förskolebarn;kr;2480;Umeå;2020;152159,1
N11008;Kostnad per förskolebarn;kr;2480;Umeå;2021;156658,4
N11008;Kostnad per förskolebarn;kr;2480;Umeå;2022;163817,2
N11008;Kostnad per förskolebarn;kr;2480;Umeå;2023;180937,7
N11008;Kostnad per förskolebarn;kr;2480;Umeå;2024;189061,1
N11008;Kostnad per förskolebarn;kr;2480;Umeå;2025;189677,3
N11008;Kostnad per förskolebarn;kr;0000;Hela Sverige;2015;139723,9
N11008;Kostnad per förskolebarn;kr;0000;Hela Sverige;2016;144290,9
N11008;Kostnad per förskolebarn;kr;0000;Hela Sverige;2017;148474
N11008;Kostnad per förskolebarn;kr;0000;Hela Sverige;2018;153229,3
N11008;Kostnad per förskolebarn;kr;0000;Hela Sverige;2019;156236,3
N11008;Kostnad per förskolebarn;kr;0000;Hela Sverige;2020;157979,2
N11008;Kostnad per förskolebarn;kr;0000;Hela Sverige;2021;162980,2
N11008;Kostnad per förskolebarn;kr;0000;Hela Sverige;2022;169450,8
N11008;Kostnad per förskolebarn;kr;0000;Hela Sverige;2023;181743
N11008;Kostnad per förskolebarn;kr;0000;Hela Sverige;2024;191687,2
N11008;Kostnad per förskolebarn;kr;0000;Hela Sverige;2025;195903,5
N15504;Meritvärde åk 9;p;1880;Örebro;2015;219,2
N15504;Meritvärde åk 9;p;1880;Örebro;2016;226,4
N15504;Meritvärde åk 9;p;1880;Örebro;2017;225,5
N15504;Meritvärde åk 9;p;1880;Örebro;2018;220,6
N15504;Meritvärde åk 9;p;1880;Örebro;2019;227
N15504;Meritvärde åk 9;p;1880;Örebro;2020;225,3
N15504;Meritvärde åk 9;p;1880;Örebro;2021;226,1
N15504;Meritvärde åk 9;p;1880;Örebro;2022;220,4
N15504;Meritvärde åk 9;p;1880;Örebro;2023;218
N15504;Meritvärde åk 9;p;1880;Örebro;2024;218,1
N15504;Meritvärde åk 9;p;1880;Örebro;2025;222,5
N15504;Meritvärde åk 9;p;1880;Örebro;2026;224,5
N15504;Meritvärde åk 9;p;0380;Uppsala;2015;236,2
N15504;Meritvärde åk 9;p;0380;Uppsala;2016;240,6
N15504;Meritvärde åk 9;p;0380;Uppsala;2017;232,4
N15504;Meritvärde åk 9;p;0380;Uppsala;2018;238,4
N15504;Meritvärde åk 9;p;0380;Uppsala;2019;241,9
N15504;Meritvärde åk 9;p;0380;Uppsala;2020;242,8
N15504;Meritvärde åk 9;p;0380;Uppsala;2021;243,1
N15504;Meritvärde åk 9;p;0380;Uppsala;2022;239,2
N15504;Meritvärde åk 9;p;0380;Uppsala;2023;239,3
N15504;Meritvärde åk 9;p;0380;Uppsala;2024;239,1
N15504;Meritvärde åk 9;p;0380;Uppsala;2025;242,4
N15504;Meritvärde åk 9;p;0380;Uppsala;2026;245,5
N15504;Meritvärde åk 9;p;0580;Linköping;2015;225,3
N15504;Meritvärde åk 9;p;0580;Linköping;2016;229,8
N15504;Meritvärde åk 9;p;0580;Linköping;2017;225,2
N15504;Meritvärde åk 9;p;0580;Linköping;2018;229,5
N15504;Meritvärde åk 9;p;0580;Linköping;2019;229,8
N15504;Meritvärde åk 9;p;0580;Linköping;2020;231,4
N15504;Meritvärde åk 9;p;0580;Linköping;2021;235,4
N15504;Meritvärde åk 9;p;0580;Linköping;2022;229,9
N15504;Meritvärde åk 9;p;0580;Linköping;2023;230,4
N15504;Meritvärde åk 9;p;0580;Linköping;2024;226
N15504;Meritvärde åk 9;p;0580;Linköping;2025;228,3
N15504;Meritvärde åk 9;p;0580;Linköping;2026;232,8
N15504;Meritvärde åk 9;p;1980;Västerås;2015;221,5
N15504;Meritvärde åk 9;p;1980;Västerås;2016;226,5
N15504;Meritvärde åk 9;p;1980;Västerås;2017;217,6
N15504;Meritvärde åk 9;p;1980;Västerås;2018;228
N15504;Meritvärde åk 9;p;1980;Västerås;2019;230,6
N15504;Meritvärde åk 9;p;1980;Västerås;2020;225,8
N15504;Meritvärde åk 9;p;1980;Västerås;2021;231,4
N15504;Meritvärde åk 9;p;1980;Västerås;2022;227,2
N15504;Meritvärde åk 9;p;1980;Västerås;2023;226,2
N15504;Meritvärde åk 9;p;1980;Västerås;2024;224,3
N15504;Meritvärde åk 9;p;1980;Västerås;2025;224,9
N15504;Meritvärde åk 9;p;1980;Västerås;2026;226,7
N15504;Meritvärde åk 9;p;0581;Norrköping;2015;215,4
N15504;Meritvärde åk 9;p;0581;Norrköping;2016;216,3
N15504;Meritvärde åk 9;p;0581;Norrköping;2017;213,7
N15504;Meritvärde åk 9;p;0581;Norrköping;2018;222,6
N15504;Meritvärde åk 9;p;0581;Norrköping;2019;225,3
N15504;Meritvärde åk 9;p;0581;Norrköping;2020;231
N15504;Meritvärde åk 9;p;0581;Norrköping;2021;235
N15504;Meritvärde åk 9;p;0581;Norrköping;2022;228,5
N15504;Meritvärde åk 9;p;0581;Norrköping;2023;232,7
N15504;Meritvärde åk 9;p;0581;Norrköping;2024;225,6
N15504;Meritvärde åk 9;p;0581;Norrköping;2025;229,6
N15504;Meritvärde åk 9;p;0581;Norrköping;2026;225,7
N15504;Meritvärde åk 9;p;0680;Jönköping;2015;226,6
N15504;Meritvärde åk 9;p;0680;Jönköping;2016;233,3
N15504;Meritvärde åk 9;p;0680;Jönköping;2017;225,2
N15504;Meritvärde åk 9;p;0680;Jönköping;2018;230,7
N15504;Meritvärde åk 9;p;0680;Jönköping;2019;234,6
N15504;Meritvärde åk 9;p;0680;Jönköping;2020;229,6
N15504;Meritvärde åk 9;p;0680;Jönköping;2021;229,9
N15504;Meritvärde åk 9;p;0680;Jönköping;2022;229,7
N15504;Meritvärde åk 9;p;0680;Jönköping;2023;225,9
N15504;Meritvärde åk 9;p;0680;Jönköping;2024;223,9
N15504;Meritvärde åk 9;p;0680;Jönköping;2025;221,7
N15504;Meritvärde åk 9;p;0680;Jönköping;2026;220,7
N15504;Meritvärde åk 9;p;1283;Helsingborg;2015;230,1
N15504;Meritvärde åk 9;p;1283;Helsingborg;2016;236,5
N15504;Meritvärde åk 9;p;1283;Helsingborg;2017;234,1
N15504;Meritvärde åk 9;p;1283;Helsingborg;2018;233,7
N15504;Meritvärde åk 9;p;1283;Helsingborg;2019;237,8
N15504;Meritvärde åk 9;p;1283;Helsingborg;2020;236,4
N15504;Meritvärde åk 9;p;1283;Helsingborg;2021;238,5
N15504;Meritvärde åk 9;p;1283;Helsingborg;2022;229,3
N15504;Meritvärde åk 9;p;1283;Helsingborg;2023;233,8
N15504;Meritvärde åk 9;p;1283;Helsingborg;2024;231,1
N15504;Meritvärde åk 9;p;1283;Helsingborg;2025;228,3
N15504;Meritvärde åk 9;p;1283;Helsingborg;2026;229,4
N15504;Meritvärde åk 9;p;2480;Umeå;2015;232,5
N15504;Meritvärde åk 9;p;2480;Umeå;2016;237,6
N15504;Meritvärde åk 9;p;2480;Umeå;2017;231,1
N15504;Meritvärde åk 9;p;2480;Umeå;2018;232,8
N15504;Meritvärde åk 9;p;2480;Umeå;2019;234,9
N15504;Meritvärde åk 9;p;2480;Umeå;2020;237,1
N15504;Meritvärde åk 9;p;2480;Umeå;2021;236,9
N15504;Meritvärde åk 9;p;2480;Umeå;2022;230,4
N15504;Meritvärde åk 9;p;2480;Umeå;2023;232
N15504;Meritvärde åk 9;p;2480;Umeå;2024;231,4
N15504;Meritvärde åk 9;p;2480;Umeå;2025;229,8
N15504;Meritvärde åk 9;p;2480;Umeå;2026;231,8
N15504;Meritvärde åk 9;p;0000;Hela Sverige;2015;224,7
N15504;Meritvärde åk 9;p;0000;Hela Sverige;2016;229,2
N15504;Meritvärde åk 9;p;0000;Hela Sverige;2017;223,5
N15504;Meritvärde åk 9;p;0000;Hela Sverige;2018;228,7
N15504;Meritvärde åk 9;p;0000;Hela Sverige;2019;229,8
N15504;Meritvärde åk 9;p;0000;Hela Sverige;2020;231,1
N15504;Meritvärde åk 9;p;0000;Hela Sverige;2021;232,1
N15504;Meritvärde åk 9;p;0000;Hela Sverige;2022;229,2
N15504;Meritvärde åk 9;p;0000;Hela Sverige;2023;228,5
N15504;Meritvärde åk 9;p;0000;Hela Sverige;2024;227,6
N15504;Meritvärde åk 9;p;0000;Hela Sverige;2025;228,5
N15504;Meritvärde åk 9;p;0000;Hela Sverige;2026;229,7
N15505;Meritvärde åk 9, kommunala skolor;p;1880;Örebro;2015;208,6
N15505;Meritvärde åk 9, kommunala skolor;p;1880;Örebro;2016;216,1
N15505;Meritvärde åk 9, kommunala skolor;p;1880;Örebro;2017;214,7
N15505;Meritvärde åk 9, kommunala skolor;p;1880;Örebro;2018;207,3
N15505;Meritvärde åk 9, kommunala skolor;p;1880;Örebro;2019;216,4
N15505;Meritvärde åk 9, kommunala skolor;p;1880;Örebro;2020;212,8
N15505;Meritvärde åk 9, kommunala skolor;p;1880;Örebro;2021;211,9
N15505;Meritvärde åk 9, kommunala skolor;p;1880;Örebro;2022;209,4
N15505;Meritvärde åk 9, kommunala skolor;p;1880;Örebro;2023;206
N15505;Meritvärde åk 9, kommunala skolor;p;1880;Örebro;2024;206,2
N15505;Meritvärde åk 9, kommunala skolor;p;1880;Örebro;2025;209,6
N15505;Meritvärde åk 9, kommunala skolor;p;1880;Örebro;2026;211,3
N15505;Meritvärde åk 9, kommunala skolor;p;0380;Uppsala;2015;230,5
N15505;Meritvärde åk 9, kommunala skolor;p;0380;Uppsala;2016;232,5
N15505;Meritvärde åk 9, kommunala skolor;p;0380;Uppsala;2017;221,3
N15505;Meritvärde åk 9, kommunala skolor;p;0380;Uppsala;2018;228,7
N15505;Meritvärde åk 9, kommunala skolor;p;0380;Uppsala;2019;231,7
N15505;Meritvärde åk 9, kommunala skolor;p;0380;Uppsala;2020;235
N15505;Meritvärde åk 9, kommunala skolor;p;0380;Uppsala;2021;234,5
N15505;Meritvärde åk 9, kommunala skolor;p;0380;Uppsala;2022;231,5
N15505;Meritvärde åk 9, kommunala skolor;p;0380;Uppsala;2023;232,9
N15505;Meritvärde åk 9, kommunala skolor;p;0380;Uppsala;2024;231,6
N15505;Meritvärde åk 9, kommunala skolor;p;0380;Uppsala;2025;235,7
N15505;Meritvärde åk 9, kommunala skolor;p;0380;Uppsala;2026;238,4
N15505;Meritvärde åk 9, kommunala skolor;p;0580;Linköping;2015;220,3
N15505;Meritvärde åk 9, kommunala skolor;p;0580;Linköping;2016;224,2
N15505;Meritvärde åk 9, kommunala skolor;p;0580;Linköping;2017;218,1
N15505;Meritvärde åk 9, kommunala skolor;p;0580;Linköping;2018;221,6
N15505;Meritvärde åk 9, kommunala skolor;p;0580;Linköping;2019;222,5
N15505;Meritvärde åk 9, kommunala skolor;p;0580;Linköping;2020;228,1
N15505;Meritvärde åk 9, kommunala skolor;p;0580;Linköping;2021;235,3
N15505;Meritvärde åk 9, kommunala skolor;p;0580;Linköping;2022;228,5
N15505;Meritvärde åk 9, kommunala skolor;p;0580;Linköping;2023;229,3
N15505;Meritvärde åk 9, kommunala skolor;p;0580;Linköping;2024;225
N15505;Meritvärde åk 9, kommunala skolor;p;0580;Linköping;2025;225,1
N15505;Meritvärde åk 9, kommunala skolor;p;0580;Linköping;2026;229,9
N15505;Meritvärde åk 9, kommunala skolor;p;1980;Västerås;2015;211,3
N15505;Meritvärde åk 9, kommunala skolor;p;1980;Västerås;2016;218,1
N15505;Meritvärde åk 9, kommunala skolor;p;1980;Västerås;2017;202,9
N15505;Meritvärde åk 9, kommunala skolor;p;1980;Västerås;2018;214,9
N15505;Meritvärde åk 9, kommunala skolor;p;1980;Västerås;2019;216,3
N15505;Meritvärde åk 9, kommunala skolor;p;1980;Västerås;2020;212,3
N15505;Meritvärde åk 9, kommunala skolor;p;1980;Västerås;2021;221
N15505;Meritvärde åk 9, kommunala skolor;p;1980;Västerås;2022;216,1
N15505;Meritvärde åk 9, kommunala skolor;p;1980;Västerås;2023;211,7
N15505;Meritvärde åk 9, kommunala skolor;p;1980;Västerås;2024;210,1
N15505;Meritvärde åk 9, kommunala skolor;p;1980;Västerås;2025;213,7
N15505;Meritvärde åk 9, kommunala skolor;p;1980;Västerås;2026;214,3
N15505;Meritvärde åk 9, kommunala skolor;p;0581;Norrköping;2015;207,4
N15505;Meritvärde åk 9, kommunala skolor;p;0581;Norrköping;2016;208
N15505;Meritvärde åk 9, kommunala skolor;p;0581;Norrköping;2017;204,3
N15505;Meritvärde åk 9, kommunala skolor;p;0581;Norrköping;2018;213,2
N15505;Meritvärde åk 9, kommunala skolor;p;0581;Norrköping;2019;218,4
N15505;Meritvärde åk 9, kommunala skolor;p;0581;Norrköping;2020;226,2
N15505;Meritvärde åk 9, kommunala skolor;p;0581;Norrköping;2021;227
N15505;Meritvärde åk 9, kommunala skolor;p;0581;Norrköping;2022;221,9
N15505;Meritvärde åk 9, kommunala skolor;p;0581;Norrköping;2023;223,7
N15505;Meritvärde åk 9, kommunala skolor;p;0581;Norrköping;2024;213,6
N15505;Meritvärde åk 9, kommunala skolor;p;0581;Norrköping;2025;218,6
N15505;Meritvärde åk 9, kommunala skolor;p;0581;Norrköping;2026;215,7
N15505;Meritvärde åk 9, kommunala skolor;p;0680;Jönköping;2015;222,6
N15505;Meritvärde åk 9, kommunala skolor;p;0680;Jönköping;2016;231,7
N15505;Meritvärde åk 9, kommunala skolor;p;0680;Jönköping;2017;221,5
N15505;Meritvärde åk 9, kommunala skolor;p;0680;Jönköping;2018;229,2
N15505;Meritvärde åk 9, kommunala skolor;p;0680;Jönköping;2019;233,7
N15505;Meritvärde åk 9, kommunala skolor;p;0680;Jönköping;2020;227,2
N15505;Meritvärde åk 9, kommunala skolor;p;0680;Jönköping;2021;230,4
N15505;Meritvärde åk 9, kommunala skolor;p;0680;Jönköping;2022;230,7
N15505;Meritvärde åk 9, kommunala skolor;p;0680;Jönköping;2023;224,8
N15505;Meritvärde åk 9, kommunala skolor;p;0680;Jönköping;2024;223,1
N15505;Meritvärde åk 9, kommunala skolor;p;0680;Jönköping;2025;222,6
N15505;Meritvärde åk 9, kommunala skolor;p;0680;Jönköping;2026;220,7
N15505;Meritvärde åk 9, kommunala skolor;p;1283;Helsingborg;2015;226,9
N15505;Meritvärde åk 9, kommunala skolor;p;1283;Helsingborg;2016;233,9
N15505;Meritvärde åk 9, kommunala skolor;p;1283;Helsingborg;2017;227,5
N15505;Meritvärde åk 9, kommunala skolor;p;1283;Helsingborg;2018;227,8
N15505;Meritvärde åk 9, kommunala skolor;p;1283;Helsingborg;2019;234,8
N15505;Meritvärde åk 9, kommunala skolor;p;1283;Helsingborg;2020;231,4
N15505;Meritvärde åk 9, kommunala skolor;p;1283;Helsingborg;2021;232,1
N15505;Meritvärde åk 9, kommunala skolor;p;1283;Helsingborg;2022;226,1
N15505;Meritvärde åk 9, kommunala skolor;p;1283;Helsingborg;2023;228,5
N15505;Meritvärde åk 9, kommunala skolor;p;1283;Helsingborg;2024;228,6
N15505;Meritvärde åk 9, kommunala skolor;p;1283;Helsingborg;2025;225,6
N15505;Meritvärde åk 9, kommunala skolor;p;1283;Helsingborg;2026;223,5
N15505;Meritvärde åk 9, kommunala skolor;p;2480;Umeå;2015;229
N15505;Meritvärde åk 9, kommunala skolor;p;2480;Umeå;2016;235
N15505;Meritvärde åk 9, kommunala skolor;p;2480;Umeå;2017;229,2
N15505;Meritvärde åk 9, kommunala skolor;p;2480;Umeå;2018;229,3
N15505;Meritvärde åk 9, kommunala skolor;p;2480;Umeå;2019;229,6
N15505;Meritvärde åk 9, kommunala skolor;p;2480;Umeå;2020;231,4
N15505;Meritvärde åk 9, kommunala skolor;p;2480;Umeå;2021;233,1
N15505;Meritvärde åk 9, kommunala skolor;p;2480;Umeå;2022;225,2
N15505;Meritvärde åk 9, kommunala skolor;p;2480;Umeå;2023;229,3
N15505;Meritvärde åk 9, kommunala skolor;p;2480;Umeå;2024;228,9
N15505;Meritvärde åk 9, kommunala skolor;p;2480;Umeå;2025;228,9
N15505;Meritvärde åk 9, kommunala skolor;p;2480;Umeå;2026;227,7
N15505;Meritvärde åk 9, kommunala skolor;p;0000;Hela Sverige;2015;220,3
N15505;Meritvärde åk 9, kommunala skolor;p;0000;Hela Sverige;2016;224,8
N15505;Meritvärde åk 9, kommunala skolor;p;0000;Hela Sverige;2017;217,7
N15505;Meritvärde åk 9, kommunala skolor;p;0000;Hela Sverige;2018;223,3
N15505;Meritvärde åk 9, kommunala skolor;p;0000;Hela Sverige;2019;224,5
N15505;Meritvärde åk 9, kommunala skolor;p;0000;Hela Sverige;2020;225,9
N15505;Meritvärde åk 9, kommunala skolor;p;0000;Hela Sverige;2021;226,8
N15505;Meritvärde åk 9, kommunala skolor;p;0000;Hela Sverige;2022;224,2
N15505;Meritvärde åk 9, kommunala skolor;p;0000;Hela Sverige;2023;223,6
N15505;Meritvärde åk 9, kommunala skolor;p;0000;Hela Sverige;2024;222,6
N15505;Meritvärde åk 9, kommunala skolor;p;0000;Hela Sverige;2025;223,5
N15505;Meritvärde åk 9, kommunala skolor;p;0000;Hela Sverige;2026;225
N15506;Meritvärde åk 9, friskolor;p;1880;Örebro;2015;246,6
N15506;Meritvärde åk 9, friskolor;p;1880;Örebro;2016;254
N15506;Meritvärde åk 9, friskolor;p;1880;Örebro;2017;254,3
N15506;Meritvärde åk 9, friskolor;p;1880;Örebro;2018;251,7
N15506;Meritvärde åk 9, friskolor;p;1880;Örebro;2019;257,6
N15506;Meritvärde åk 9, friskolor;p;1880;Örebro;2020;256,9
N15506;Meritvärde åk 9, friskolor;p;1880;Örebro;2021;261
N15506;Meritvärde åk 9, friskolor;p;1880;Örebro;2022;253,4
N15506;Meritvärde åk 9, friskolor;p;1880;Örebro;2023;253,8
N15506;Meritvärde åk 9, friskolor;p;1880;Örebro;2024;248,5
N15506;Meritvärde åk 9, friskolor;p;1880;Örebro;2025;253,2
N15506;Meritvärde åk 9, friskolor;p;1880;Örebro;2026;255,6
N15506;Meritvärde åk 9, friskolor;p;0380;Uppsala;2015;248,7
N15506;Meritvärde åk 9, friskolor;p;0380;Uppsala;2016;256,1
N15506;Meritvärde åk 9, friskolor;p;0380;Uppsala;2017;256,6
N15506;Meritvärde åk 9, friskolor;p;0380;Uppsala;2018;258
N15506;Meritvärde åk 9, friskolor;p;0380;Uppsala;2019;261,6
N15506;Meritvärde åk 9, friskolor;p;0380;Uppsala;2020;259,2
N15506;Meritvärde åk 9, friskolor;p;0380;Uppsala;2021;261,9
N15506;Meritvärde åk 9, friskolor;p;0380;Uppsala;2022;257
N15506;Meritvärde åk 9, friskolor;p;0380;Uppsala;2023;254,2
N15506;Meritvärde åk 9, friskolor;p;0380;Uppsala;2024;258
N15506;Meritvärde åk 9, friskolor;p;0380;Uppsala;2025;259,1
N15506;Meritvärde åk 9, friskolor;p;0380;Uppsala;2026;263,7
N15506;Meritvärde åk 9, friskolor;p;0580;Linköping;2015;236,4
N15506;Meritvärde åk 9, friskolor;p;0580;Linköping;2016;243,6
N15506;Meritvärde åk 9, friskolor;p;0580;Linköping;2017;243,6
N15506;Meritvärde åk 9, friskolor;p;0580;Linköping;2018;249,8
N15506;Meritvärde åk 9, friskolor;p;0580;Linköping;2019;248,9
N15506;Meritvärde åk 9, friskolor;p;0580;Linköping;2020;240,9
N15506;Meritvärde åk 9, friskolor;p;0580;Linköping;2021;235,8
N15506;Meritvärde åk 9, friskolor;p;0580;Linköping;2022;233,7
N15506;Meritvärde åk 9, friskolor;p;0580;Linköping;2023;233,7
N15506;Meritvärde åk 9, friskolor;p;0580;Linköping;2024;228,3
N15506;Meritvärde åk 9, friskolor;p;0580;Linköping;2025;237,5
N15506;Meritvärde åk 9, friskolor;p;0580;Linköping;2026;241,3
N15506;Meritvärde åk 9, friskolor;p;1980;Västerås;2015;244,2
N15506;Meritvärde åk 9, friskolor;p;1980;Västerås;2016;245,6
N15506;Meritvärde åk 9, friskolor;p;1980;Västerås;2017;245,1
N15506;Meritvärde åk 9, friskolor;p;1980;Västerås;2018;252,4
N15506;Meritvärde åk 9, friskolor;p;1980;Västerås;2019;253,8
N15506;Meritvärde åk 9, friskolor;p;1980;Västerås;2020;248,6
N15506;Meritvärde åk 9, friskolor;p;1980;Västerås;2021;249,5
N15506;Meritvärde åk 9, friskolor;p;1980;Västerås;2022;245,5
N15506;Meritvärde åk 9, friskolor;p;1980;Västerås;2023;249
N15506;Meritvärde åk 9, friskolor;p;1980;Västerås;2024;244,4
N15506;Meritvärde åk 9, friskolor;p;1980;Västerås;2025;240,6
N15506;Meritvärde åk 9, friskolor;p;1980;Västerås;2026;244
N15506;Meritvärde åk 9, friskolor;p;0581;Norrköping;2015;234,9
N15506;Meritvärde åk 9, friskolor;p;0581;Norrköping;2016;237,3
N15506;Meritvärde åk 9, friskolor;p;0581;Norrköping;2017;236,7
N15506;Meritvärde åk 9, friskolor;p;0581;Norrköping;2018;245,2
N15506;Meritvärde åk 9, friskolor;p;0581;Norrköping;2019;241,4
N15506;Meritvärde åk 9, friskolor;p;0581;Norrköping;2020;242,3
N15506;Meritvärde åk 9, friskolor;p;0581;Norrköping;2021;253,7
N15506;Meritvärde åk 9, friskolor;p;0581;Norrköping;2022;242,8
N15506;Meritvärde åk 9, friskolor;p;0581;Norrköping;2023;248,8
N15506;Meritvärde åk 9, friskolor;p;0581;Norrköping;2024;247,5
N15506;Meritvärde åk 9, friskolor;p;0581;Norrköping;2025;250,8
N15506;Meritvärde åk 9, friskolor;p;0581;Norrköping;2026;242,8
N15506;Meritvärde åk 9, friskolor;p;0680;Jönköping;2015;240,9
N15506;Meritvärde åk 9, friskolor;p;0680;Jönköping;2016;240
N15506;Meritvärde åk 9, friskolor;p;0680;Jönköping;2017;241,3
N15506;Meritvärde åk 9, friskolor;p;0680;Jönköping;2018;236
N15506;Meritvärde åk 9, friskolor;p;0680;Jönköping;2019;238,6
N15506;Meritvärde åk 9, friskolor;p;0680;Jönköping;2020;239,1
N15506;Meritvärde åk 9, friskolor;p;0680;Jönköping;2021;228,1
N15506;Meritvärde åk 9, friskolor;p;0680;Jönköping;2022;225,8
N15506;Meritvärde åk 9, friskolor;p;0680;Jönköping;2023;231,1
N15506;Meritvärde åk 9, friskolor;p;0680;Jönköping;2024;227,6
N15506;Meritvärde åk 9, friskolor;p;0680;Jönköping;2025;217,6
N15506;Meritvärde åk 9, friskolor;p;0680;Jönköping;2026;221,1
N15506;Meritvärde åk 9, friskolor;p;1283;Helsingborg;2015;236,2
N15506;Meritvärde åk 9, friskolor;p;1283;Helsingborg;2016;241,9
N15506;Meritvärde åk 9, friskolor;p;1283;Helsingborg;2017;245,9
N15506;Meritvärde åk 9, friskolor;p;1283;Helsingborg;2018;246,3
N15506;Meritvärde åk 9, friskolor;p;1283;Helsingborg;2019;244,3
N15506;Meritvärde åk 9, friskolor;p;1283;Helsingborg;2020;246,1
N15506;Meritvärde åk 9, friskolor;p;1283;Helsingborg;2021;251,4
N15506;Meritvärde åk 9, friskolor;p;1283;Helsingborg;2022;236,3
N15506;Meritvärde åk 9, friskolor;p;1283;Helsingborg;2023;244,1
N15506;Meritvärde åk 9, friskolor;p;1283;Helsingborg;2024;236,3
N15506;Meritvärde åk 9, friskolor;p;1283;Helsingborg;2025;234,1
N15506;Meritvärde åk 9, friskolor;p;1283;Helsingborg;2026;240,5
N15506;Meritvärde åk 9, friskolor;p;2480;Umeå;2015;247,9
N15506;Meritvärde åk 9, friskolor;p;2480;Umeå;2016;247,2
N15506;Meritvärde åk 9, friskolor;p;2480;Umeå;2017;238,2
N15506;Meritvärde åk 9, friskolor;p;2480;Umeå;2018;243
N15506;Meritvärde åk 9, friskolor;p;2480;Umeå;2019;251,3
N15506;Meritvärde åk 9, friskolor;p;2480;Umeå;2020;253,4
N15506;Meritvärde åk 9, friskolor;p;2480;Umeå;2021;248
N15506;Meritvärde åk 9, friskolor;p;2480;Umeå;2022;247,8
N15506;Meritvärde åk 9, friskolor;p;2480;Umeå;2023;240,8
N15506;Meritvärde åk 9, friskolor;p;2480;Umeå;2024;240,2
N15506;Meritvärde åk 9, friskolor;p;2480;Umeå;2025;233,5
N15506;Meritvärde åk 9, friskolor;p;2480;Umeå;2026;247
N15506;Meritvärde åk 9, friskolor;p;0000;Hela Sverige;2015;245,2
N15506;Meritvärde åk 9, friskolor;p;0000;Hela Sverige;2016;249
N15506;Meritvärde åk 9, friskolor;p;0000;Hela Sverige;2017;249,3
N15506;Meritvärde åk 9, friskolor;p;0000;Hela Sverige;2018;252
N15506;Meritvärde åk 9, friskolor;p;0000;Hela Sverige;2019;251,9
N15506;Meritvärde åk 9, friskolor;p;0000;Hela Sverige;2020;252,4
N15506;Meritvärde åk 9, friskolor;p;0000;Hela Sverige;2021;252,9
N15506;Meritvärde åk 9, friskolor;p;0000;Hela Sverige;2022;248,9
N15506;Meritvärde åk 9, friskolor;p;0000;Hela Sverige;2023;247,2
N15506;Meritvärde åk 9, friskolor;p;0000;Hela Sverige;2024;246,7
N15506;Meritvärde åk 9, friskolor;p;0000;Hela Sverige;2025;247
N15506;Meritvärde åk 9, friskolor;p;0000;Hela Sverige;2026;247,9
N15418;Godkända i alla ämnen, åk 9;%;1880;Örebro;2015;73,3
N15418;Godkända i alla ämnen, åk 9;%;1880;Örebro;2016;79
N15418;Godkända i alla ämnen, åk 9;%;1880;Örebro;2017;76,9
N15418;Godkända i alla ämnen, åk 9;%;1880;Örebro;2018;71,3
N15418;Godkända i alla ämnen, åk 9;%;1880;Örebro;2019;74,3
N15418;Godkända i alla ämnen, åk 9;%;1880;Örebro;2020;73,2
N15418;Godkända i alla ämnen, åk 9;%;1880;Örebro;2021;72,9
N15418;Godkända i alla ämnen, åk 9;%;1880;Örebro;2022;67,9
N15418;Godkända i alla ämnen, åk 9;%;1880;Örebro;2023;69,6
N15418;Godkända i alla ämnen, åk 9;%;1880;Örebro;2024;67,8
N15418;Godkända i alla ämnen, åk 9;%;1880;Örebro;2025;70,4
N15418;Godkända i alla ämnen, åk 9;%;1880;Örebro;2026;69,9
N15418;Godkända i alla ämnen, åk 9;%;0380;Uppsala;2015;80,5
N15418;Godkända i alla ämnen, åk 9;%;0380;Uppsala;2016;82,3
N15418;Godkända i alla ämnen, åk 9;%;0380;Uppsala;2017;75,3
N15418;Godkända i alla ämnen, åk 9;%;0380;Uppsala;2018;76,6
N15418;Godkända i alla ämnen, åk 9;%;0380;Uppsala;2019;77,7
N15418;Godkända i alla ämnen, åk 9;%;0380;Uppsala;2020;77,4
N15418;Godkända i alla ämnen, åk 9;%;0380;Uppsala;2021;78,4
N15418;Godkända i alla ämnen, åk 9;%;0380;Uppsala;2022;74,2
N15418;Godkända i alla ämnen, åk 9;%;0380;Uppsala;2023;74,9
N15418;Godkända i alla ämnen, åk 9;%;0380;Uppsala;2024;74,3
N15418;Godkända i alla ämnen, åk 9;%;0380;Uppsala;2025;75
N15418;Godkända i alla ämnen, åk 9;%;0380;Uppsala;2026;75
N15418;Godkända i alla ämnen, åk 9;%;0580;Linköping;2015;76,9
N15418;Godkända i alla ämnen, åk 9;%;0580;Linköping;2016;78,9
N15418;Godkända i alla ämnen, åk 9;%;0580;Linköping;2017;75,6
N15418;Godkända i alla ämnen, åk 9;%;0580;Linköping;2018;75,2
N15418;Godkända i alla ämnen, åk 9;%;0580;Linköping;2019;74,2
N15418;Godkända i alla ämnen, åk 9;%;0580;Linköping;2020;72
N15418;Godkända i alla ämnen, åk 9;%;0580;Linköping;2021;74,6
N15418;Godkända i alla ämnen, åk 9;%;0580;Linköping;2022;72,2
N15418;Godkända i alla ämnen, åk 9;%;0580;Linköping;2023;69,9
N15418;Godkända i alla ämnen, åk 9;%;0580;Linköping;2024;68,4
N15418;Godkända i alla ämnen, åk 9;%;0580;Linköping;2025;69,2
N15418;Godkända i alla ämnen, åk 9;%;0580;Linköping;2026;69,3
N15418;Godkända i alla ämnen, åk 9;%;1980;Västerås;2015;75,7
N15418;Godkända i alla ämnen, åk 9;%;1980;Västerås;2016;72,5
N15418;Godkända i alla ämnen, åk 9;%;1980;Västerås;2017;68
N15418;Godkända i alla ämnen, åk 9;%;1980;Västerås;2018;71,9
N15418;Godkända i alla ämnen, åk 9;%;1980;Västerås;2019;73,6
N15418;Godkända i alla ämnen, åk 9;%;1980;Västerås;2020;72,2
N15418;Godkända i alla ämnen, åk 9;%;1980;Västerås;2021;72,1
N15418;Godkända i alla ämnen, åk 9;%;1980;Västerås;2022;71,3
N15418;Godkända i alla ämnen, åk 9;%;1980;Västerås;2023;70,3
N15418;Godkända i alla ämnen, åk 9;%;1980;Västerås;2024;68,4
N15418;Godkända i alla ämnen, åk 9;%;1980;Västerås;2025;67,8
N15418;Godkända i alla ämnen, åk 9;%;1980;Västerås;2026;67,9
N15418;Godkända i alla ämnen, åk 9;%;0581;Norrköping;2015;72,2
N15418;Godkända i alla ämnen, åk 9;%;0581;Norrköping;2016;73
N15418;Godkända i alla ämnen, åk 9;%;0581;Norrköping;2017;68,5
N15418;Godkända i alla ämnen, åk 9;%;0581;Norrköping;2018;72,5
N15418;Godkända i alla ämnen, åk 9;%;0581;Norrköping;2019;73,5
N15418;Godkända i alla ämnen, åk 9;%;0581;Norrköping;2020;74,3
N15418;Godkända i alla ämnen, åk 9;%;0581;Norrköping;2021;78,1
N15418;Godkända i alla ämnen, åk 9;%;0581;Norrköping;2022;75,1
N15418;Godkända i alla ämnen, åk 9;%;0581;Norrköping;2023;74
N15418;Godkända i alla ämnen, åk 9;%;0581;Norrköping;2024;70,1
N15418;Godkända i alla ämnen, åk 9;%;0581;Norrköping;2025;71,4
N15418;Godkända i alla ämnen, åk 9;%;0581;Norrköping;2026;67,4
N15418;Godkända i alla ämnen, åk 9;%;0680;Jönköping;2015;78,4
N15418;Godkända i alla ämnen, åk 9;%;0680;Jönköping;2016;81,5
N15418;Godkända i alla ämnen, åk 9;%;0680;Jönköping;2017;75,9
N15418;Godkända i alla ämnen, åk 9;%;0680;Jönköping;2018;80,1
N15418;Godkända i alla ämnen, åk 9;%;0680;Jönköping;2019;80,5
N15418;Godkända i alla ämnen, åk 9;%;0680;Jönköping;2020;79,3
N15418;Godkända i alla ämnen, åk 9;%;0680;Jönköping;2021;78,1
N15418;Godkända i alla ämnen, åk 9;%;0680;Jönköping;2022;77,5
N15418;Godkända i alla ämnen, åk 9;%;0680;Jönköping;2023;75,4
N15418;Godkända i alla ämnen, åk 9;%;0680;Jönköping;2024;74,2
N15418;Godkända i alla ämnen, åk 9;%;0680;Jönköping;2025;70,9
N15418;Godkända i alla ämnen, åk 9;%;0680;Jönköping;2026;70,4
N15418;Godkända i alla ämnen, åk 9;%;1283;Helsingborg;2015;76,8
N15418;Godkända i alla ämnen, åk 9;%;1283;Helsingborg;2016;79
N15418;Godkända i alla ämnen, åk 9;%;1283;Helsingborg;2017;76,9
N15418;Godkända i alla ämnen, åk 9;%;1283;Helsingborg;2018;76,3
N15418;Godkända i alla ämnen, åk 9;%;1283;Helsingborg;2019;76,8
N15418;Godkända i alla ämnen, åk 9;%;1283;Helsingborg;2020;76,3
N15418;Godkända i alla ämnen, åk 9;%;1283;Helsingborg;2021;77,8
N15418;Godkända i alla ämnen, åk 9;%;1283;Helsingborg;2022;73,2
N15418;Godkända i alla ämnen, åk 9;%;1283;Helsingborg;2023;75,1
N15418;Godkända i alla ämnen, åk 9;%;1283;Helsingborg;2024;73,4
N15418;Godkända i alla ämnen, åk 9;%;1283;Helsingborg;2025;70,4
N15418;Godkända i alla ämnen, åk 9;%;1283;Helsingborg;2026;71,4
N15418;Godkända i alla ämnen, åk 9;%;2480;Umeå;2015;83
N15418;Godkända i alla ämnen, åk 9;%;2480;Umeå;2016;83,4
N15418;Godkända i alla ämnen, åk 9;%;2480;Umeå;2017;79,7
N15418;Godkända i alla ämnen, åk 9;%;2480;Umeå;2018;78,6
N15418;Godkända i alla ämnen, åk 9;%;2480;Umeå;2019;81,4
N15418;Godkända i alla ämnen, åk 9;%;2480;Umeå;2020;84,5
N15418;Godkända i alla ämnen, åk 9;%;2480;Umeå;2021;82,6
N15418;Godkända i alla ämnen, åk 9;%;2480;Umeå;2022;78,9
N15418;Godkända i alla ämnen, åk 9;%;2480;Umeå;2023;77,5
N15418;Godkända i alla ämnen, åk 9;%;2480;Umeå;2024;77,4
N15418;Godkända i alla ämnen, åk 9;%;2480;Umeå;2025;76,5
N15418;Godkända i alla ämnen, åk 9;%;2480;Umeå;2026;76,5
N15418;Godkända i alla ämnen, åk 9;%;0000;Hela Sverige;2015;77
N15418;Godkända i alla ämnen, åk 9;%;0000;Hela Sverige;2016;78,1
N15418;Godkända i alla ämnen, åk 9;%;0000;Hela Sverige;2017;74,1
N15418;Godkända i alla ämnen, åk 9;%;0000;Hela Sverige;2018;75,6
N15418;Godkända i alla ämnen, åk 9;%;0000;Hela Sverige;2019;75,5
N15418;Godkända i alla ämnen, åk 9;%;0000;Hela Sverige;2020;76,1
N15418;Godkända i alla ämnen, åk 9;%;0000;Hela Sverige;2021;76,1
N15418;Godkända i alla ämnen, åk 9;%;0000;Hela Sverige;2022;74,1
N15418;Godkända i alla ämnen, åk 9;%;0000;Hela Sverige;2023;73,2
N15418;Godkända i alla ämnen, åk 9;%;0000;Hela Sverige;2024;71,9
N15418;Godkända i alla ämnen, åk 9;%;0000;Hela Sverige;2025;71,9
N15418;Godkända i alla ämnen, åk 9;%;0000;Hela Sverige;2026;71,9
N15424;Behöriga till gymnasiet;%;1880;Örebro;2015;83
N15424;Behöriga till gymnasiet;%;1880;Örebro;2016;86,4
N15424;Behöriga till gymnasiet;%;1880;Örebro;2017;84,1
N15424;Behöriga till gymnasiet;%;1880;Örebro;2018;80,1
N15424;Behöriga till gymnasiet;%;1880;Örebro;2019;81,3
N15424;Behöriga till gymnasiet;%;1880;Örebro;2020;81,2
N15424;Behöriga till gymnasiet;%;1880;Örebro;2021;82,2
N15424;Behöriga till gymnasiet;%;1880;Örebro;2022;80,8
N15424;Behöriga till gymnasiet;%;1880;Örebro;2023;81,4
N15424;Behöriga till gymnasiet;%;1880;Örebro;2024;79,1
N15424;Behöriga till gymnasiet;%;1880;Örebro;2025;81,3
N15424;Behöriga till gymnasiet;%;1880;Örebro;2026;81,5
N15424;Behöriga till gymnasiet;%;0380;Uppsala;2015;88,5
N15424;Behöriga till gymnasiet;%;0380;Uppsala;2016;91,5
N15424;Behöriga till gymnasiet;%;0380;Uppsala;2017;83,7
N15424;Behöriga till gymnasiet;%;0380;Uppsala;2018;87,3
N15424;Behöriga till gymnasiet;%;0380;Uppsala;2019;87,1
N15424;Behöriga till gymnasiet;%;0380;Uppsala;2020;87,9
N15424;Behöriga till gymnasiet;%;0380;Uppsala;2021;88
N15424;Behöriga till gymnasiet;%;0380;Uppsala;2022;85,4
N15424;Behöriga till gymnasiet;%;0380;Uppsala;2023;86,4
N15424;Behöriga till gymnasiet;%;0380;Uppsala;2024;85,9
N15424;Behöriga till gymnasiet;%;0380;Uppsala;2025;85,4
N15424;Behöriga till gymnasiet;%;0380;Uppsala;2026;85,7
N15424;Behöriga till gymnasiet;%;0580;Linköping;2015;86,6
N15424;Behöriga till gymnasiet;%;0580;Linköping;2016;86,8
N15424;Behöriga till gymnasiet;%;0580;Linköping;2017;82,9
N15424;Behöriga till gymnasiet;%;0580;Linköping;2018;84,3
N15424;Behöriga till gymnasiet;%;0580;Linköping;2019;83,4
N15424;Behöriga till gymnasiet;%;0580;Linköping;2020;84,6
N15424;Behöriga till gymnasiet;%;0580;Linköping;2021;85,1
N15424;Behöriga till gymnasiet;%;0580;Linköping;2022;84,8
N15424;Behöriga till gymnasiet;%;0580;Linköping;2023;86,3
N15424;Behöriga till gymnasiet;%;0580;Linköping;2024;81,6
N15424;Behöriga till gymnasiet;%;0580;Linköping;2025;84,8
N15424;Behöriga till gymnasiet;%;0580;Linköping;2026;82,6
N15424;Behöriga till gymnasiet;%;1980;Västerås;2015;84,1
N15424;Behöriga till gymnasiet;%;1980;Västerås;2016;84,8
N15424;Behöriga till gymnasiet;%;1980;Västerås;2017;79,6
N15424;Behöriga till gymnasiet;%;1980;Västerås;2018;81,9
N15424;Behöriga till gymnasiet;%;1980;Västerås;2019;83,5
N15424;Behöriga till gymnasiet;%;1980;Västerås;2020;83,9
N15424;Behöriga till gymnasiet;%;1980;Västerås;2021;86,2
N15424;Behöriga till gymnasiet;%;1980;Västerås;2022;84
N15424;Behöriga till gymnasiet;%;1980;Västerås;2023;84,7
N15424;Behöriga till gymnasiet;%;1980;Västerås;2024;82,6
N15424;Behöriga till gymnasiet;%;1980;Västerås;2025;82,7
N15424;Behöriga till gymnasiet;%;1980;Västerås;2026;81,6
N15424;Behöriga till gymnasiet;%;0581;Norrköping;2015;81,8
N15424;Behöriga till gymnasiet;%;0581;Norrköping;2016;82,8
N15424;Behöriga till gymnasiet;%;0581;Norrköping;2017;78,5
N15424;Behöriga till gymnasiet;%;0581;Norrköping;2018;81,9
N15424;Behöriga till gymnasiet;%;0581;Norrköping;2019;80,8
N15424;Behöriga till gymnasiet;%;0581;Norrköping;2020;82,9
N15424;Behöriga till gymnasiet;%;0581;Norrköping;2021;86,5
N15424;Behöriga till gymnasiet;%;0581;Norrköping;2022;83,2
N15424;Behöriga till gymnasiet;%;0581;Norrköping;2023;85,7
N15424;Behöriga till gymnasiet;%;0581;Norrköping;2024;81,6
N15424;Behöriga till gymnasiet;%;0581;Norrköping;2025;83,1
N15424;Behöriga till gymnasiet;%;0581;Norrköping;2026;78,5
N15424;Behöriga till gymnasiet;%;0680;Jönköping;2015;87,9
N15424;Behöriga till gymnasiet;%;0680;Jönköping;2016;89,6
N15424;Behöriga till gymnasiet;%;0680;Jönköping;2017;83,6
N15424;Behöriga till gymnasiet;%;0680;Jönköping;2018;86,9
N15424;Behöriga till gymnasiet;%;0680;Jönköping;2019;88,2
N15424;Behöriga till gymnasiet;%;0680;Jönköping;2020;87,2
N15424;Behöriga till gymnasiet;%;0680;Jönköping;2021;87,5
N15424;Behöriga till gymnasiet;%;0680;Jönköping;2022;85,8
N15424;Behöriga till gymnasiet;%;0680;Jönköping;2023;87,1
N15424;Behöriga till gymnasiet;%;0680;Jönköping;2024;85,6
N15424;Behöriga till gymnasiet;%;0680;Jönköping;2025;85,3
N15424;Behöriga till gymnasiet;%;0680;Jönköping;2026;81,8
N15424;Behöriga till gymnasiet;%;1283;Helsingborg;2015;83,3
N15424;Behöriga till gymnasiet;%;1283;Helsingborg;2016;89,2
N15424;Behöriga till gymnasiet;%;1283;Helsingborg;2017;85,5
N15424;Behöriga till gymnasiet;%;1283;Helsingborg;2018;84,1
N15424;Behöriga till gymnasiet;%;1283;Helsingborg;2019;83,5
N15424;Behöriga till gymnasiet;%;1283;Helsingborg;2020;85,8
N15424;Behöriga till gymnasiet;%;1283;Helsingborg;2021;86,1
N15424;Behöriga till gymnasiet;%;1283;Helsingborg;2022;85,6
N15424;Behöriga till gymnasiet;%;1283;Helsingborg;2023;85,6
N15424;Behöriga till gymnasiet;%;1283;Helsingborg;2024;84,6
N15424;Behöriga till gymnasiet;%;1283;Helsingborg;2025;81,6
N15424;Behöriga till gymnasiet;%;1283;Helsingborg;2026;82,6
N15424;Behöriga till gymnasiet;%;2480;Umeå;2015;90
N15424;Behöriga till gymnasiet;%;2480;Umeå;2016;91
N15424;Behöriga till gymnasiet;%;2480;Umeå;2017;88
N15424;Behöriga till gymnasiet;%;2480;Umeå;2018;87,9
N15424;Behöriga till gymnasiet;%;2480;Umeå;2019;89
N15424;Behöriga till gymnasiet;%;2480;Umeå;2020;92
N15424;Behöriga till gymnasiet;%;2480;Umeå;2021;90,6
N15424;Behöriga till gymnasiet;%;2480;Umeå;2022;89,1
N15424;Behöriga till gymnasiet;%;2480;Umeå;2023;89,3
N15424;Behöriga till gymnasiet;%;2480;Umeå;2024;88
N15424;Behöriga till gymnasiet;%;2480;Umeå;2025;87,9
N15424;Behöriga till gymnasiet;%;2480;Umeå;2026;88,5
N15424;Behöriga till gymnasiet;%;0000;Hela Sverige;2015;85,6
N15424;Behöriga till gymnasiet;%;0000;Hela Sverige;2016;87,3
N15424;Behöriga till gymnasiet;%;0000;Hela Sverige;2017;82,5
N15424;Behöriga till gymnasiet;%;0000;Hela Sverige;2018;84,4
N15424;Behöriga till gymnasiet;%;0000;Hela Sverige;2019;84,3
N15424;Behöriga till gymnasiet;%;0000;Hela Sverige;2020;85,6
N15424;Behöriga till gymnasiet;%;0000;Hela Sverige;2021;86,2
N15424;Behöriga till gymnasiet;%;0000;Hela Sverige;2022;85
N15424;Behöriga till gymnasiet;%;0000;Hela Sverige;2023;85,2
N15424;Behöriga till gymnasiet;%;0000;Hela Sverige;2024;83,7
N15424;Behöriga till gymnasiet;%;0000;Hela Sverige;2025;84,1
N15424;Behöriga till gymnasiet;%;0000;Hela Sverige;2026;83,5
N15539;Godkända i alla ämnen, åk 6;%;1880;Örebro;2015;77,8
N15539;Godkända i alla ämnen, åk 6;%;1880;Örebro;2016;78,3
N15539;Godkända i alla ämnen, åk 6;%;1880;Örebro;2017;76,7
N15539;Godkända i alla ämnen, åk 6;%;1880;Örebro;2018;74,1
N15539;Godkända i alla ämnen, åk 6;%;1880;Örebro;2019;71,1
N15539;Godkända i alla ämnen, åk 6;%;1880;Örebro;2020;69,9
N15539;Godkända i alla ämnen, åk 6;%;1880;Örebro;2021;71,4
N15539;Godkända i alla ämnen, åk 6;%;1880;Örebro;2022;70,4
N15539;Godkända i alla ämnen, åk 6;%;1880;Örebro;2023;71,1
N15539;Godkända i alla ämnen, åk 6;%;1880;Örebro;2024;66,8
N15539;Godkända i alla ämnen, åk 6;%;1880;Örebro;2025;70,3
N15539;Godkända i alla ämnen, åk 6;%;0380;Uppsala;2015;85
N15539;Godkända i alla ämnen, åk 6;%;0380;Uppsala;2016;83,8
N15539;Godkända i alla ämnen, åk 6;%;0380;Uppsala;2017;81,4
N15539;Godkända i alla ämnen, åk 6;%;0380;Uppsala;2018;77,9
N15539;Godkända i alla ämnen, åk 6;%;0380;Uppsala;2019;74,6
N15539;Godkända i alla ämnen, åk 6;%;0380;Uppsala;2020;74
N15539;Godkända i alla ämnen, åk 6;%;0380;Uppsala;2021;74,1
N15539;Godkända i alla ämnen, åk 6;%;0380;Uppsala;2022;75
N15539;Godkända i alla ämnen, åk 6;%;0380;Uppsala;2023;75,9
N15539;Godkända i alla ämnen, åk 6;%;0380;Uppsala;2024;73,3
N15539;Godkända i alla ämnen, åk 6;%;0380;Uppsala;2025;72,9
N15539;Godkända i alla ämnen, åk 6;%;0580;Linköping;2015;82,6
N15539;Godkända i alla ämnen, åk 6;%;0580;Linköping;2016;78,6
N15539;Godkända i alla ämnen, åk 6;%;0580;Linköping;2017;79,9
N15539;Godkända i alla ämnen, åk 6;%;0580;Linköping;2018;78,2
N15539;Godkända i alla ämnen, åk 6;%;0580;Linköping;2019;74,5
N15539;Godkända i alla ämnen, åk 6;%;0580;Linköping;2020;74,5
N15539;Godkända i alla ämnen, åk 6;%;0580;Linköping;2021;73,7
N15539;Godkända i alla ämnen, åk 6;%;0580;Linköping;2022;72,7
N15539;Godkända i alla ämnen, åk 6;%;0580;Linköping;2023;72,1
N15539;Godkända i alla ämnen, åk 6;%;0580;Linköping;2024;70,1
N15539;Godkända i alla ämnen, åk 6;%;0580;Linköping;2025;72,1
N15539;Godkända i alla ämnen, åk 6;%;1980;Västerås;2015;77,3
N15539;Godkända i alla ämnen, åk 6;%;1980;Västerås;2016;76,2
N15539;Godkända i alla ämnen, åk 6;%;1980;Västerås;2017;74,6
N15539;Godkända i alla ämnen, åk 6;%;1980;Västerås;2018;75,3
N15539;Godkända i alla ämnen, åk 6;%;1980;Västerås;2019;71,2
N15539;Godkända i alla ämnen, åk 6;%;1980;Västerås;2020;71,4
N15539;Godkända i alla ämnen, åk 6;%;1980;Västerås;2021;73,5
N15539;Godkända i alla ämnen, åk 6;%;1980;Västerås;2022;72,7
N15539;Godkända i alla ämnen, åk 6;%;1980;Västerås;2023;69,7
N15539;Godkända i alla ämnen, åk 6;%;1980;Västerås;2024;68,6
N15539;Godkända i alla ämnen, åk 6;%;1980;Västerås;2025;71,9
N15539;Godkända i alla ämnen, åk 6;%;0581;Norrköping;2015;75,4
N15539;Godkända i alla ämnen, åk 6;%;0581;Norrköping;2016;75,5
N15539;Godkända i alla ämnen, åk 6;%;0581;Norrköping;2017;75
N15539;Godkända i alla ämnen, åk 6;%;0581;Norrköping;2018;73,7
N15539;Godkända i alla ämnen, åk 6;%;0581;Norrköping;2019;69,3
N15539;Godkända i alla ämnen, åk 6;%;0581;Norrköping;2020;73
N15539;Godkända i alla ämnen, åk 6;%;0581;Norrköping;2021;67,2
N15539;Godkända i alla ämnen, åk 6;%;0581;Norrköping;2022;69,3
N15539;Godkända i alla ämnen, åk 6;%;0581;Norrköping;2023;68,4
N15539;Godkända i alla ämnen, åk 6;%;0581;Norrköping;2024;67,1
N15539;Godkända i alla ämnen, åk 6;%;0581;Norrköping;2025;67,5
N15539;Godkända i alla ämnen, åk 6;%;0680;Jönköping;2015;85,8
N15539;Godkända i alla ämnen, åk 6;%;0680;Jönköping;2016;86,5
N15539;Godkända i alla ämnen, åk 6;%;0680;Jönköping;2017;81,5
N15539;Godkända i alla ämnen, åk 6;%;0680;Jönköping;2018;82,3
N15539;Godkända i alla ämnen, åk 6;%;0680;Jönköping;2019;80,7
N15539;Godkända i alla ämnen, åk 6;%;0680;Jönköping;2020;81
N15539;Godkända i alla ämnen, åk 6;%;0680;Jönköping;2021;78,2
N15539;Godkända i alla ämnen, åk 6;%;0680;Jönköping;2022;76,6
N15539;Godkända i alla ämnen, åk 6;%;0680;Jönköping;2023;75,9
N15539;Godkända i alla ämnen, åk 6;%;0680;Jönköping;2024;73,2
N15539;Godkända i alla ämnen, åk 6;%;0680;Jönköping;2025;75,5
N15539;Godkända i alla ämnen, åk 6;%;1283;Helsingborg;2015;79
N15539;Godkända i alla ämnen, åk 6;%;1283;Helsingborg;2016;78,4
N15539;Godkända i alla ämnen, åk 6;%;1283;Helsingborg;2017;79
N15539;Godkända i alla ämnen, åk 6;%;1283;Helsingborg;2018;75,3
N15539;Godkända i alla ämnen, åk 6;%;1283;Helsingborg;2019;72,5
N15539;Godkända i alla ämnen, åk 6;%;1283;Helsingborg;2020;73,3
N15539;Godkända i alla ämnen, åk 6;%;1283;Helsingborg;2021;74,3
N15539;Godkända i alla ämnen, åk 6;%;1283;Helsingborg;2022;68
N15539;Godkända i alla ämnen, åk 6;%;1283;Helsingborg;2023;66,3
N15539;Godkända i alla ämnen, åk 6;%;1283;Helsingborg;2024;65,7
N15539;Godkända i alla ämnen, åk 6;%;1283;Helsingborg;2025;63,3
N15539;Godkända i alla ämnen, åk 6;%;2480;Umeå;2015;88,2
N15539;Godkända i alla ämnen, åk 6;%;2480;Umeå;2016;85,7
N15539;Godkända i alla ämnen, åk 6;%;2480;Umeå;2017;87,1
N15539;Godkända i alla ämnen, åk 6;%;2480;Umeå;2018;86,2
N15539;Godkända i alla ämnen, åk 6;%;2480;Umeå;2019;82,2
N15539;Godkända i alla ämnen, åk 6;%;2480;Umeå;2020;81
N15539;Godkända i alla ämnen, åk 6;%;2480;Umeå;2021;84,6
N15539;Godkända i alla ämnen, åk 6;%;2480;Umeå;2022;81,3
N15539;Godkända i alla ämnen, åk 6;%;2480;Umeå;2023;80,6
N15539;Godkända i alla ämnen, åk 6;%;2480;Umeå;2024;80
N15539;Godkända i alla ämnen, åk 6;%;2480;Umeå;2025;78,2
N15539;Godkända i alla ämnen, åk 6;%;0000;Hela Sverige;2015;80,5
N15539;Godkända i alla ämnen, åk 6;%;0000;Hela Sverige;2016;79,2
N15539;Godkända i alla ämnen, åk 6;%;0000;Hela Sverige;2017;77,7
N15539;Godkända i alla ämnen, åk 6;%;0000;Hela Sverige;2018;77,1
N15539;Godkända i alla ämnen, åk 6;%;0000;Hela Sverige;2019;73,9
N15539;Godkända i alla ämnen, åk 6;%;0000;Hela Sverige;2022;72,4
N15539;Godkända i alla ämnen, åk 6;%;0000;Hela Sverige;2023;71,2
N15539;Godkända i alla ämnen, åk 6;%;0000;Hela Sverige;2024;69,7
N15539;Godkända i alla ämnen, åk 6;%;0000;Hela Sverige;2025;70,4
N15033;Elever per lärare, grundskola;st;1880;Örebro;2015;12,37
N15033;Elever per lärare, grundskola;st;1880;Örebro;2016;12,03
N15033;Elever per lärare, grundskola;st;1880;Örebro;2017;12,4
N15033;Elever per lärare, grundskola;st;1880;Örebro;2018;12,52
N15033;Elever per lärare, grundskola;st;1880;Örebro;2019;13,03
N15033;Elever per lärare, grundskola;st;1880;Örebro;2020;12,92
N15033;Elever per lärare, grundskola;st;1880;Örebro;2021;12,99
N15033;Elever per lärare, grundskola;st;1880;Örebro;2022;12,56
N15033;Elever per lärare, grundskola;st;1880;Örebro;2023;12,5
N15033;Elever per lärare, grundskola;st;1880;Örebro;2024;12,22
N15033;Elever per lärare, grundskola;st;1880;Örebro;2025;12,26
N15033;Elever per lärare, grundskola;st;0380;Uppsala;2015;13,41
N15033;Elever per lärare, grundskola;st;0380;Uppsala;2016;13,31
N15033;Elever per lärare, grundskola;st;0380;Uppsala;2017;13,38
N15033;Elever per lärare, grundskola;st;0380;Uppsala;2018;13,61
N15033;Elever per lärare, grundskola;st;0380;Uppsala;2019;13,62
N15033;Elever per lärare, grundskola;st;0380;Uppsala;2020;13,2
N15033;Elever per lärare, grundskola;st;0380;Uppsala;2021;13,16
N15033;Elever per lärare, grundskola;st;0380;Uppsala;2022;13,07
N15033;Elever per lärare, grundskola;st;0380;Uppsala;2023;13,03
N15033;Elever per lärare, grundskola;st;0380;Uppsala;2024;13,22
N15033;Elever per lärare, grundskola;st;0380;Uppsala;2025;13,08
N15033;Elever per lärare, grundskola;st;0580;Linköping;2015;12,04
N15033;Elever per lärare, grundskola;st;0580;Linköping;2016;11,15
N15033;Elever per lärare, grundskola;st;0580;Linköping;2017;11,02
N15033;Elever per lärare, grundskola;st;0580;Linköping;2018;11,27
N15033;Elever per lärare, grundskola;st;0580;Linköping;2019;11,35
N15033;Elever per lärare, grundskola;st;0580;Linköping;2020;11,56
N15033;Elever per lärare, grundskola;st;0580;Linköping;2021;11,3
N15033;Elever per lärare, grundskola;st;0580;Linköping;2022;11,22
N15033;Elever per lärare, grundskola;st;0580;Linköping;2023;11,43
N15033;Elever per lärare, grundskola;st;0580;Linköping;2024;11,61
N15033;Elever per lärare, grundskola;st;0580;Linköping;2025;11,4
N15033;Elever per lärare, grundskola;st;1980;Västerås;2015;13,1
N15033;Elever per lärare, grundskola;st;1980;Västerås;2016;13,05
N15033;Elever per lärare, grundskola;st;1980;Västerås;2017;12,95
N15033;Elever per lärare, grundskola;st;1980;Västerås;2018;13,06
N15033;Elever per lärare, grundskola;st;1980;Västerås;2019;13,1
N15033;Elever per lärare, grundskola;st;1980;Västerås;2020;12,6
N15033;Elever per lärare, grundskola;st;1980;Västerås;2021;12,17
N15033;Elever per lärare, grundskola;st;1980;Västerås;2022;11,89
N15033;Elever per lärare, grundskola;st;1980;Västerås;2023;11,7
N15033;Elever per lärare, grundskola;st;1980;Västerås;2024;11,69
N15033;Elever per lärare, grundskola;st;1980;Västerås;2025;11,75
N15033;Elever per lärare, grundskola;st;0581;Norrköping;2015;11,54
N15033;Elever per lärare, grundskola;st;0581;Norrköping;2016;11,64
N15033;Elever per lärare, grundskola;st;0581;Norrköping;2017;11,57
N15033;Elever per lärare, grundskola;st;0581;Norrköping;2018;11,45
N15033;Elever per lärare, grundskola;st;0581;Norrköping;2019;11,72
N15033;Elever per lärare, grundskola;st;0581;Norrköping;2020;11,14
N15033;Elever per lärare, grundskola;st;0581;Norrköping;2021;11,39
N15033;Elever per lärare, grundskola;st;0581;Norrköping;2022;11,45
N15033;Elever per lärare, grundskola;st;0581;Norrköping;2023;11,81
N15033;Elever per lärare, grundskola;st;0581;Norrköping;2024;11,8
N15033;Elever per lärare, grundskola;st;0581;Norrköping;2025;11,94
N15033;Elever per lärare, grundskola;st;0680;Jönköping;2015;11,99
N15033;Elever per lärare, grundskola;st;0680;Jönköping;2016;11,68
N15033;Elever per lärare, grundskola;st;0680;Jönköping;2017;12,01
N15033;Elever per lärare, grundskola;st;0680;Jönköping;2018;11,27
N15033;Elever per lärare, grundskola;st;0680;Jönköping;2019;11,28
N15033;Elever per lärare, grundskola;st;0680;Jönköping;2020;11,2
N15033;Elever per lärare, grundskola;st;0680;Jönköping;2021;11,1
N15033;Elever per lärare, grundskola;st;0680;Jönköping;2022;11,2
N15033;Elever per lärare, grundskola;st;0680;Jönköping;2023;11,34
N15033;Elever per lärare, grundskola;st;0680;Jönköping;2024;11,38
N15033;Elever per lärare, grundskola;st;0680;Jönköping;2025;11,32
N15033;Elever per lärare, grundskola;st;1283;Helsingborg;2015;12,02
N15033;Elever per lärare, grundskola;st;1283;Helsingborg;2016;11,92
N15033;Elever per lärare, grundskola;st;1283;Helsingborg;2017;11,8
N15033;Elever per lärare, grundskola;st;1283;Helsingborg;2018;11,89
N15033;Elever per lärare, grundskola;st;1283;Helsingborg;2019;12,69
N15033;Elever per lärare, grundskola;st;1283;Helsingborg;2020;11,81
N15033;Elever per lärare, grundskola;st;1283;Helsingborg;2021;11,79
N15033;Elever per lärare, grundskola;st;1283;Helsingborg;2022;11,72
N15033;Elever per lärare, grundskola;st;1283;Helsingborg;2023;11,66
N15033;Elever per lärare, grundskola;st;1283;Helsingborg;2024;11,94
N15033;Elever per lärare, grundskola;st;1283;Helsingborg;2025;11,95
N15033;Elever per lärare, grundskola;st;2480;Umeå;2015;12,9
N15033;Elever per lärare, grundskola;st;2480;Umeå;2016;12,57
N15033;Elever per lärare, grundskola;st;2480;Umeå;2017;12,3
N15033;Elever per lärare, grundskola;st;2480;Umeå;2018;11,77
N15033;Elever per lärare, grundskola;st;2480;Umeå;2019;12,35
N15033;Elever per lärare, grundskola;st;2480;Umeå;2020;12,39
N15033;Elever per lärare, grundskola;st;2480;Umeå;2021;12,27
N15033;Elever per lärare, grundskola;st;2480;Umeå;2022;12,08
N15033;Elever per lärare, grundskola;st;2480;Umeå;2023;12,14
N15033;Elever per lärare, grundskola;st;2480;Umeå;2024;12,27
N15033;Elever per lärare, grundskola;st;2480;Umeå;2025;12,38
N15033;Elever per lärare, grundskola;st;0000;Hela Sverige;2015;12,24
N15033;Elever per lärare, grundskola;st;0000;Hela Sverige;2016;12,01
N15033;Elever per lärare, grundskola;st;0000;Hela Sverige;2017;12,09
N15033;Elever per lärare, grundskola;st;0000;Hela Sverige;2018;12,11
N15033;Elever per lärare, grundskola;st;0000;Hela Sverige;2019;12,17
N15033;Elever per lärare, grundskola;st;0000;Hela Sverige;2020;12,18
N15033;Elever per lärare, grundskola;st;0000;Hela Sverige;2021;12,16
N15033;Elever per lärare, grundskola;st;0000;Hela Sverige;2022;12
N15033;Elever per lärare, grundskola;st;0000;Hela Sverige;2023;11,99
N15033;Elever per lärare, grundskola;st;0000;Hela Sverige;2024;11,98
N15033;Elever per lärare, grundskola;st;0000;Hela Sverige;2025;11,87
N15813;Legitimerade lärare, grundskola;%;1880;Örebro;2015;70,81
N15813;Legitimerade lärare, grundskola;%;1880;Örebro;2016;73,34
N15813;Legitimerade lärare, grundskola;%;1880;Örebro;2017;72,5
N15813;Legitimerade lärare, grundskola;%;1880;Örebro;2018;70,56
N15813;Legitimerade lärare, grundskola;%;1880;Örebro;2019;69,31
N15813;Legitimerade lärare, grundskola;%;1880;Örebro;2020;68,81
N15813;Legitimerade lärare, grundskola;%;1880;Örebro;2021;69,26
N15813;Legitimerade lärare, grundskola;%;1880;Örebro;2022;68,78
N15813;Legitimerade lärare, grundskola;%;1880;Örebro;2023;71,28
N15813;Legitimerade lärare, grundskola;%;1880;Örebro;2024;70,22
N15813;Legitimerade lärare, grundskola;%;1880;Örebro;2025;71,41
N15813;Legitimerade lärare, grundskola;%;0380;Uppsala;2015;71,04
N15813;Legitimerade lärare, grundskola;%;0380;Uppsala;2016;75,92
N15813;Legitimerade lärare, grundskola;%;0380;Uppsala;2017;76,38
N15813;Legitimerade lärare, grundskola;%;0380;Uppsala;2018;76,87
N15813;Legitimerade lärare, grundskola;%;0380;Uppsala;2019;76,01
N15813;Legitimerade lärare, grundskola;%;0380;Uppsala;2020;74,52
N15813;Legitimerade lärare, grundskola;%;0380;Uppsala;2021;75,6
N15813;Legitimerade lärare, grundskola;%;0380;Uppsala;2022;75,98
N15813;Legitimerade lärare, grundskola;%;0380;Uppsala;2023;75,9
N15813;Legitimerade lärare, grundskola;%;0380;Uppsala;2024;77,24
N15813;Legitimerade lärare, grundskola;%;0380;Uppsala;2025;77,07
N15813;Legitimerade lärare, grundskola;%;0580;Linköping;2015;76,86
N15813;Legitimerade lärare, grundskola;%;0580;Linköping;2016;81,56
N15813;Legitimerade lärare, grundskola;%;0580;Linköping;2017;79,46
N15813;Legitimerade lärare, grundskola;%;0580;Linköping;2018;78,84
N15813;Legitimerade lärare, grundskola;%;0580;Linköping;2019;77,34
N15813;Legitimerade lärare, grundskola;%;0580;Linköping;2020;78,47
N15813;Legitimerade lärare, grundskola;%;0580;Linköping;2021;78,44
N15813;Legitimerade lärare, grundskola;%;0580;Linköping;2022;79,42
N15813;Legitimerade lärare, grundskola;%;0580;Linköping;2023;80,4
N15813;Legitimerade lärare, grundskola;%;0580;Linköping;2024;82,24
N15813;Legitimerade lärare, grundskola;%;0580;Linköping;2025;82,44
N15813;Legitimerade lärare, grundskola;%;1980;Västerås;2015;67,94
N15813;Legitimerade lärare, grundskola;%;1980;Västerås;2016;69,74
N15813;Legitimerade lärare, grundskola;%;1980;Västerås;2017;68,58
N15813;Legitimerade lärare, grundskola;%;1980;Västerås;2018;68,62
N15813;Legitimerade lärare, grundskola;%;1980;Västerås;2019;64,62
N15813;Legitimerade lärare, grundskola;%;1980;Västerås;2020;64,54
N15813;Legitimerade lärare, grundskola;%;1980;Västerås;2021;64,36
N15813;Legitimerade lärare, grundskola;%;1980;Västerås;2022;62,66
N15813;Legitimerade lärare, grundskola;%;1980;Västerås;2023;63,07
N15813;Legitimerade lärare, grundskola;%;1980;Västerås;2024;63,51
N15813;Legitimerade lärare, grundskola;%;1980;Västerås;2025;66,31
N15813;Legitimerade lärare, grundskola;%;0581;Norrköping;2015;70,22
N15813;Legitimerade lärare, grundskola;%;0581;Norrköping;2016;66,72
N15813;Legitimerade lärare, grundskola;%;0581;Norrköping;2017;65,03
N15813;Legitimerade lärare, grundskola;%;0581;Norrköping;2018;65,55
N15813;Legitimerade lärare, grundskola;%;0581;Norrköping;2019;65,36
N15813;Legitimerade lärare, grundskola;%;0581;Norrköping;2020;65,92
N15813;Legitimerade lärare, grundskola;%;0581;Norrköping;2021;67,82
N15813;Legitimerade lärare, grundskola;%;0581;Norrköping;2022;69,31
N15813;Legitimerade lärare, grundskola;%;0581;Norrköping;2023;70,03
N15813;Legitimerade lärare, grundskola;%;0581;Norrköping;2024;70,34
N15813;Legitimerade lärare, grundskola;%;0581;Norrköping;2025;72,19
N15813;Legitimerade lärare, grundskola;%;0680;Jönköping;2015;82,38
N15813;Legitimerade lärare, grundskola;%;0680;Jönköping;2016;81,92
N15813;Legitimerade lärare, grundskola;%;0680;Jönköping;2017;82,18
N15813;Legitimerade lärare, grundskola;%;0680;Jönköping;2018;79,4
N15813;Legitimerade lärare, grundskola;%;0680;Jönköping;2019;77,64
N15813;Legitimerade lärare, grundskola;%;0680;Jönköping;2020;77,33
N15813;Legitimerade lärare, grundskola;%;0680;Jönköping;2021;77,53
N15813;Legitimerade lärare, grundskola;%;0680;Jönköping;2022;76,91
N15813;Legitimerade lärare, grundskola;%;0680;Jönköping;2023;78,06
N15813;Legitimerade lärare, grundskola;%;0680;Jönköping;2024;78,91
N15813;Legitimerade lärare, grundskola;%;0680;Jönköping;2025;78,48
N15813;Legitimerade lärare, grundskola;%;1283;Helsingborg;2015;65,55
N15813;Legitimerade lärare, grundskola;%;1283;Helsingborg;2016;67,95
N15813;Legitimerade lärare, grundskola;%;1283;Helsingborg;2017;70,27
N15813;Legitimerade lärare, grundskola;%;1283;Helsingborg;2018;70,62
N15813;Legitimerade lärare, grundskola;%;1283;Helsingborg;2019;67,6
N15813;Legitimerade lärare, grundskola;%;1283;Helsingborg;2020;68,4
N15813;Legitimerade lärare, grundskola;%;1283;Helsingborg;2021;68,55
N15813;Legitimerade lärare, grundskola;%;1283;Helsingborg;2022;68,45
N15813;Legitimerade lärare, grundskola;%;1283;Helsingborg;2023;70,54
N15813;Legitimerade lärare, grundskola;%;1283;Helsingborg;2024;72,67
N15813;Legitimerade lärare, grundskola;%;1283;Helsingborg;2025;74,01
N15813;Legitimerade lärare, grundskola;%;2480;Umeå;2015;85,15
N15813;Legitimerade lärare, grundskola;%;2480;Umeå;2016;84,68
N15813;Legitimerade lärare, grundskola;%;2480;Umeå;2017;83,77
N15813;Legitimerade lärare, grundskola;%;2480;Umeå;2018;81,7
N15813;Legitimerade lärare, grundskola;%;2480;Umeå;2019;82,03
N15813;Legitimerade lärare, grundskola;%;2480;Umeå;2020;83,51
N15813;Legitimerade lärare, grundskola;%;2480;Umeå;2021;83,04
N15813;Legitimerade lärare, grundskola;%;2480;Umeå;2022;81,97
N15813;Legitimerade lärare, grundskola;%;2480;Umeå;2023;81,22
N15813;Legitimerade lärare, grundskola;%;2480;Umeå;2024;81,29
N15813;Legitimerade lärare, grundskola;%;2480;Umeå;2025;81,63
N15813;Legitimerade lärare, grundskola;%;0000;Hela Sverige;2015;71,91
N15813;Legitimerade lärare, grundskola;%;0000;Hela Sverige;2016;71,36
N15813;Legitimerade lärare, grundskola;%;0000;Hela Sverige;2017;71,36
N15813;Legitimerade lärare, grundskola;%;0000;Hela Sverige;2018;70,54
N15813;Legitimerade lärare, grundskola;%;0000;Hela Sverige;2019;70,1
N15813;Legitimerade lärare, grundskola;%;0000;Hela Sverige;2020;71,13
N15813;Legitimerade lärare, grundskola;%;0000;Hela Sverige;2021;71,04
N15813;Legitimerade lärare, grundskola;%;0000;Hela Sverige;2022;70,82
N15813;Legitimerade lärare, grundskola;%;0000;Hela Sverige;2023;71,46
N15813;Legitimerade lärare, grundskola;%;0000;Hela Sverige;2024;72,55
N15813;Legitimerade lärare, grundskola;%;0000;Hela Sverige;2025;73,3
N15008;Kostnad per elev, grundskola;kr;1880;Örebro;2015;95330,7
N15008;Kostnad per elev, grundskola;kr;1880;Örebro;2016;97248,5
N15008;Kostnad per elev, grundskola;kr;1880;Örebro;2017;106029,6
N15008;Kostnad per elev, grundskola;kr;1880;Örebro;2018;111833
N15008;Kostnad per elev, grundskola;kr;1880;Örebro;2019;111592,9
N15008;Kostnad per elev, grundskola;kr;1880;Örebro;2020;112970,6
N15008;Kostnad per elev, grundskola;kr;1880;Örebro;2021;115648,6
N15008;Kostnad per elev, grundskola;kr;1880;Örebro;2022;119758,4
N15008;Kostnad per elev, grundskola;kr;1880;Örebro;2023;127173,1
N15008;Kostnad per elev, grundskola;kr;1880;Örebro;2024;137141,3
N15008;Kostnad per elev, grundskola;kr;1880;Örebro;2025;132181,2
N15008;Kostnad per elev, grundskola;kr;0380;Uppsala;2015;90025,2
N15008;Kostnad per elev, grundskola;kr;0380;Uppsala;2016;95660,4
N15008;Kostnad per elev, grundskola;kr;0380;Uppsala;2017;99616,4
N15008;Kostnad per elev, grundskola;kr;0380;Uppsala;2018;102304,7
N15008;Kostnad per elev, grundskola;kr;0380;Uppsala;2019;106994,3
N15008;Kostnad per elev, grundskola;kr;0380;Uppsala;2020;106508,3
N15008;Kostnad per elev, grundskola;kr;0380;Uppsala;2021;110605,8
N15008;Kostnad per elev, grundskola;kr;0380;Uppsala;2022;119201,9
N15008;Kostnad per elev, grundskola;kr;0380;Uppsala;2023;122432,6
N15008;Kostnad per elev, grundskola;kr;0380;Uppsala;2024;132804,6
N15008;Kostnad per elev, grundskola;kr;0380;Uppsala;2025;131050,5
N15008;Kostnad per elev, grundskola;kr;0580;Linköping;2015;104044,8
N15008;Kostnad per elev, grundskola;kr;0580;Linköping;2016;113121
N15008;Kostnad per elev, grundskola;kr;0580;Linköping;2017;116781,2
N15008;Kostnad per elev, grundskola;kr;0580;Linköping;2018;117576,1
N15008;Kostnad per elev, grundskola;kr;0580;Linköping;2019;123141,8
N15008;Kostnad per elev, grundskola;kr;0580;Linköping;2020;123707,3
N15008;Kostnad per elev, grundskola;kr;0580;Linköping;2021;126106,2
N15008;Kostnad per elev, grundskola;kr;0580;Linköping;2022;127677,6
N15008;Kostnad per elev, grundskola;kr;0580;Linköping;2023;134380,3
N15008;Kostnad per elev, grundskola;kr;0580;Linköping;2024;136970,2
N15008;Kostnad per elev, grundskola;kr;0580;Linköping;2025;144166,5
N15008;Kostnad per elev, grundskola;kr;1980;Västerås;2015;87213,1
N15008;Kostnad per elev, grundskola;kr;1980;Västerås;2016;92311,2
N15008;Kostnad per elev, grundskola;kr;1980;Västerås;2017;97124,5
N15008;Kostnad per elev, grundskola;kr;1980;Västerås;2018;98201,8
N15008;Kostnad per elev, grundskola;kr;1980;Västerås;2019;102310,5
N15008;Kostnad per elev, grundskola;kr;1980;Västerås;2020;107885,5
N15008;Kostnad per elev, grundskola;kr;1980;Västerås;2021;113829,8
N15008;Kostnad per elev, grundskola;kr;1980;Västerås;2022;121610,2
N15008;Kostnad per elev, grundskola;kr;1980;Västerås;2023;128826,4
N15008;Kostnad per elev, grundskola;kr;1980;Västerås;2024;137878,6
N15008;Kostnad per elev, grundskola;kr;1980;Västerås;2025;138663
N15008;Kostnad per elev, grundskola;kr;0581;Norrköping;2015;90644,3
N15008;Kostnad per elev, grundskola;kr;0581;Norrköping;2016;98389,3
N15008;Kostnad per elev, grundskola;kr;0581;Norrköping;2017;104889
N15008;Kostnad per elev, grundskola;kr;0581;Norrköping;2018;109701,8
N15008;Kostnad per elev, grundskola;kr;0581;Norrköping;2019;109254,4
N15008;Kostnad per elev, grundskola;kr;0581;Norrköping;2020;111850,6
N15008;Kostnad per elev, grundskola;kr;0581;Norrköping;2021;118227,6
N15008;Kostnad per elev, grundskola;kr;0581;Norrköping;2022;120569,8
N15008;Kostnad per elev, grundskola;kr;0581;Norrköping;2023;130146,5
N15008;Kostnad per elev, grundskola;kr;0581;Norrköping;2024;135977,2
N15008;Kostnad per elev, grundskola;kr;0581;Norrköping;2025;136832,2
N15008;Kostnad per elev, grundskola;kr;0680;Jönköping;2015;92415,3
N15008;Kostnad per elev, grundskola;kr;0680;Jönköping;2016;96568,9
N15008;Kostnad per elev, grundskola;kr;0680;Jönköping;2017;98853,7
N15008;Kostnad per elev, grundskola;kr;0680;Jönköping;2018;100817,7
N15008;Kostnad per elev, grundskola;kr;0680;Jönköping;2019;107170
N15008;Kostnad per elev, grundskola;kr;0680;Jönköping;2020;108537
N15008;Kostnad per elev, grundskola;kr;0680;Jönköping;2021;112066,4
N15008;Kostnad per elev, grundskola;kr;0680;Jönköping;2022;111754,8
N15008;Kostnad per elev, grundskola;kr;0680;Jönköping;2023;119374,1
N15008;Kostnad per elev, grundskola;kr;0680;Jönköping;2024;125889,1
N15008;Kostnad per elev, grundskola;kr;0680;Jönköping;2025;128234,9
N15008;Kostnad per elev, grundskola;kr;1283;Helsingborg;2015;93955,5
N15008;Kostnad per elev, grundskola;kr;1283;Helsingborg;2016;97679,4
N15008;Kostnad per elev, grundskola;kr;1283;Helsingborg;2017;101292,5
N15008;Kostnad per elev, grundskola;kr;1283;Helsingborg;2018;102790,5
N15008;Kostnad per elev, grundskola;kr;1283;Helsingborg;2019;103646,2
N15008;Kostnad per elev, grundskola;kr;1283;Helsingborg;2020;107270,8
N15008;Kostnad per elev, grundskola;kr;1283;Helsingborg;2021;112787,3
N15008;Kostnad per elev, grundskola;kr;1283;Helsingborg;2022;113968,2
N15008;Kostnad per elev, grundskola;kr;1283;Helsingborg;2023;120280,8
N15008;Kostnad per elev, grundskola;kr;1283;Helsingborg;2024;127024,9
N15008;Kostnad per elev, grundskola;kr;1283;Helsingborg;2025;126815,2
N15008;Kostnad per elev, grundskola;kr;2480;Umeå;2015;97800,1
N15008;Kostnad per elev, grundskola;kr;2480;Umeå;2016;97049,3
N15008;Kostnad per elev, grundskola;kr;2480;Umeå;2017;101901
N15008;Kostnad per elev, grundskola;kr;2480;Umeå;2018;103830,2
N15008;Kostnad per elev, grundskola;kr;2480;Umeå;2019;107758,8
N15008;Kostnad per elev, grundskola;kr;2480;Umeå;2020;108017
N15008;Kostnad per elev, grundskola;kr;2480;Umeå;2021;111514,8
N15008;Kostnad per elev, grundskola;kr;2480;Umeå;2022;113422,1
N15008;Kostnad per elev, grundskola;kr;2480;Umeå;2023;122887
N15008;Kostnad per elev, grundskola;kr;2480;Umeå;2024;127794,7
N15008;Kostnad per elev, grundskola;kr;2480;Umeå;2025;129857
N15008;Kostnad per elev, grundskola;kr;0000;Hela Sverige;2015;98333,5
N15008;Kostnad per elev, grundskola;kr;0000;Hela Sverige;2016;104843,5
N15008;Kostnad per elev, grundskola;kr;0000;Hela Sverige;2017;109462,3
N15008;Kostnad per elev, grundskola;kr;0000;Hela Sverige;2018;113524,9
N15008;Kostnad per elev, grundskola;kr;0000;Hela Sverige;2019;116553,3
N15008;Kostnad per elev, grundskola;kr;0000;Hela Sverige;2020;118208,5
N15008;Kostnad per elev, grundskola;kr;0000;Hela Sverige;2021;121829,9
N15008;Kostnad per elev, grundskola;kr;0000;Hela Sverige;2022;126720,9
N15008;Kostnad per elev, grundskola;kr;0000;Hela Sverige;2023;135415,2
N15008;Kostnad per elev, grundskola;kr;0000;Hela Sverige;2024;142926,8
N15008;Kostnad per elev, grundskola;kr;0000;Hela Sverige;2025;145505,1
N15613;Trygga elever, åk 5;%;1880;Örebro;2023;85,02
N15613;Trygga elever, åk 5;%;1880;Örebro;2024;85,02
N15613;Trygga elever, åk 5;%;1880;Örebro;2025;85,6
N15613;Trygga elever, åk 5;%;1880;Örebro;2026;85,6
N15613;Trygga elever, åk 5;%;0380;Uppsala;2023;86,3
N15613;Trygga elever, åk 5;%;0380;Uppsala;2024;86,3
N15613;Trygga elever, åk 5;%;0380;Uppsala;2025;85,5
N15613;Trygga elever, åk 5;%;0380;Uppsala;2026;85,5
N15613;Trygga elever, åk 5;%;0580;Linköping;2022;84,4
N15613;Trygga elever, åk 5;%;0580;Linköping;2023;84,4
N15613;Trygga elever, åk 5;%;0580;Linköping;2024;81,9
N15613;Trygga elever, åk 5;%;0580;Linköping;2025;81,9
N15613;Trygga elever, åk 5;%;0580;Linköping;2026;85,9
N15613;Trygga elever, åk 5;%;1980;Västerås;2023;82,11
N15613;Trygga elever, åk 5;%;1980;Västerås;2024;82,11
N15613;Trygga elever, åk 5;%;1980;Västerås;2025;83,4
N15613;Trygga elever, åk 5;%;1980;Västerås;2026;83,4
N15613;Trygga elever, åk 5;%;0581;Norrköping;2023;80,38
N15613;Trygga elever, åk 5;%;0581;Norrköping;2024;80,38
N15613;Trygga elever, åk 5;%;0581;Norrköping;2025;83,2
N15613;Trygga elever, åk 5;%;0581;Norrköping;2026;83,2
N15613;Trygga elever, åk 5;%;0680;Jönköping;2023;85,14
N15613;Trygga elever, åk 5;%;0680;Jönköping;2024;85,14
N15613;Trygga elever, åk 5;%;0680;Jönköping;2025;87,9
N15613;Trygga elever, åk 5;%;0680;Jönköping;2026;87,9
N15613;Trygga elever, åk 5;%;1283;Helsingborg;2022;86,9
N15613;Trygga elever, åk 5;%;1283;Helsingborg;2023;86,9
N15613;Trygga elever, åk 5;%;1283;Helsingborg;2024;82,6
N15613;Trygga elever, åk 5;%;1283;Helsingborg;2025;82,6
N15613;Trygga elever, åk 5;%;1283;Helsingborg;2026;85,1
N15613;Trygga elever, åk 5;%;2480;Umeå;2023;87,79
N15613;Trygga elever, åk 5;%;2480;Umeå;2024;87,79
N15613;Trygga elever, åk 5;%;2480;Umeå;2025;88,4
N15613;Trygga elever, åk 5;%;2480;Umeå;2026;88,4
N15643;Trygga elever, åk 8;%;1880;Örebro;2023;80,44
N15643;Trygga elever, åk 8;%;1880;Örebro;2024;80,44
N15643;Trygga elever, åk 8;%;1880;Örebro;2025;82,5
N15643;Trygga elever, åk 8;%;1880;Örebro;2026;82,5
N15643;Trygga elever, åk 8;%;0380;Uppsala;2023;82,16
N15643;Trygga elever, åk 8;%;0380;Uppsala;2024;82,16
N15643;Trygga elever, åk 8;%;0380;Uppsala;2025;85,1
N15643;Trygga elever, åk 8;%;0380;Uppsala;2026;85,1
N15643;Trygga elever, åk 8;%;0580;Linköping;2022;81
N15643;Trygga elever, åk 8;%;0580;Linköping;2023;81
N15643;Trygga elever, åk 8;%;0580;Linköping;2024;76,2
N15643;Trygga elever, åk 8;%;0580;Linköping;2025;76,2
N15643;Trygga elever, åk 8;%;0580;Linköping;2026;82,5
N15643;Trygga elever, åk 8;%;1980;Västerås;2023;76,35
N15643;Trygga elever, åk 8;%;1980;Västerås;2024;76,35
N15643;Trygga elever, åk 8;%;1980;Västerås;2025;77,2
N15643;Trygga elever, åk 8;%;1980;Västerås;2026;77,2
N15643;Trygga elever, åk 8;%;0581;Norrköping;2023;70,29
N15643;Trygga elever, åk 8;%;0581;Norrköping;2024;70,29
N15643;Trygga elever, åk 8;%;0581;Norrköping;2025;75,2
N15643;Trygga elever, åk 8;%;0581;Norrköping;2026;75,2
N15643;Trygga elever, åk 8;%;0680;Jönköping;2023;79,65
N15643;Trygga elever, åk 8;%;0680;Jönköping;2024;79,65
N15643;Trygga elever, åk 8;%;0680;Jönköping;2025;82,5
N15643;Trygga elever, åk 8;%;0680;Jönköping;2026;82,5
N15643;Trygga elever, åk 8;%;1283;Helsingborg;2022;83,7
N15643;Trygga elever, åk 8;%;1283;Helsingborg;2023;83,7
N15643;Trygga elever, åk 8;%;1283;Helsingborg;2024;78,9
N15643;Trygga elever, åk 8;%;1283;Helsingborg;2025;78,9
N15643;Trygga elever, åk 8;%;1283;Helsingborg;2026;83,2
N15643;Trygga elever, åk 8;%;2480;Umeå;2023;80,48
N15643;Trygga elever, åk 8;%;2480;Umeå;2024;80,48
N15643;Trygga elever, åk 8;%;2480;Umeå;2025;85,2
N15643;Trygga elever, åk 8;%;2480;Umeå;2026;85,2
N15633;Arbetsro, åk 8;%;1880;Örebro;2023;38,51
N15633;Arbetsro, åk 8;%;1880;Örebro;2024;38,51
N15633;Arbetsro, åk 8;%;1880;Örebro;2025;41,5
N15633;Arbetsro, åk 8;%;1880;Örebro;2026;41,5
N15633;Arbetsro, åk 8;%;0380;Uppsala;2023;46,67
N15633;Arbetsro, åk 8;%;0380;Uppsala;2024;46,67
N15633;Arbetsro, åk 8;%;0380;Uppsala;2025;48,5
N15633;Arbetsro, åk 8;%;0380;Uppsala;2026;48,5
N15633;Arbetsro, åk 8;%;0580;Linköping;2022;46,1
N15633;Arbetsro, åk 8;%;0580;Linköping;2023;46,1
N15633;Arbetsro, åk 8;%;0580;Linköping;2024;40,9
N15633;Arbetsro, åk 8;%;0580;Linköping;2025;40,9
N15633;Arbetsro, åk 8;%;0580;Linköping;2026;41,2
N15633;Arbetsro, åk 8;%;1980;Västerås;2023;40,32
N15633;Arbetsro, åk 8;%;1980;Västerås;2024;40,32
N15633;Arbetsro, åk 8;%;1980;Västerås;2025;36,7
N15633;Arbetsro, åk 8;%;1980;Västerås;2026;36,7
N15633;Arbetsro, åk 8;%;0581;Norrköping;2023;34,54
N15633;Arbetsro, åk 8;%;0581;Norrköping;2024;34,54
N15633;Arbetsro, åk 8;%;0581;Norrköping;2025;33,3
N15633;Arbetsro, åk 8;%;0581;Norrköping;2026;33,3
N15633;Arbetsro, åk 8;%;0680;Jönköping;2023;44,66
N15633;Arbetsro, åk 8;%;0680;Jönköping;2024;44,66
N15633;Arbetsro, åk 8;%;0680;Jönköping;2025;44
N15633;Arbetsro, åk 8;%;0680;Jönköping;2026;44
N15633;Arbetsro, åk 8;%;1283;Helsingborg;2022;42,9
N15633;Arbetsro, åk 8;%;1283;Helsingborg;2023;42,9
N15633;Arbetsro, åk 8;%;1283;Helsingborg;2024;36,9
N15633;Arbetsro, åk 8;%;1283;Helsingborg;2025;36,9
N15633;Arbetsro, åk 8;%;1283;Helsingborg;2026;35
N15633;Arbetsro, åk 8;%;2480;Umeå;2023;36,78
N15633;Arbetsro, åk 8;%;2480;Umeå;2024;36,78
N15633;Arbetsro, åk 8;%;2480;Umeå;2025;40
N15633;Arbetsro, åk 8;%;2480;Umeå;2026;40
N17448;Examen inom 3 år;%;1880;Örebro;2015;68,97
N17448;Examen inom 3 år;%;1880;Örebro;2016;68,61
N17448;Examen inom 3 år;%;1880;Örebro;2017;69,9
N17448;Examen inom 3 år;%;1880;Örebro;2018;71,6
N17448;Examen inom 3 år;%;1880;Örebro;2019;70,06
N17448;Examen inom 3 år;%;1880;Örebro;2020;72,15
N17448;Examen inom 3 år;%;1880;Örebro;2021;72,37
N17448;Examen inom 3 år;%;1880;Örebro;2022;72,17
N17448;Examen inom 3 år;%;1880;Örebro;2023;73,68
N17448;Examen inom 3 år;%;1880;Örebro;2024;73,55
N17448;Examen inom 3 år;%;1880;Örebro;2025;74,92
N17448;Examen inom 3 år;%;0380;Uppsala;2015;65,11
N17448;Examen inom 3 år;%;0380;Uppsala;2016;66,19
N17448;Examen inom 3 år;%;0380;Uppsala;2017;68,83
N17448;Examen inom 3 år;%;0380;Uppsala;2018;67,72
N17448;Examen inom 3 år;%;0380;Uppsala;2019;69,6
N17448;Examen inom 3 år;%;0380;Uppsala;2020;69,06
N17448;Examen inom 3 år;%;0380;Uppsala;2021;71,78
N17448;Examen inom 3 år;%;0380;Uppsala;2022;70,98
N17448;Examen inom 3 år;%;0380;Uppsala;2023;71,93
N17448;Examen inom 3 år;%;0380;Uppsala;2024;74,67
N17448;Examen inom 3 år;%;0380;Uppsala;2025;74,9
N17448;Examen inom 3 år;%;0580;Linköping;2015;70
N17448;Examen inom 3 år;%;0580;Linköping;2016;66,56
N17448;Examen inom 3 år;%;0580;Linköping;2017;69,84
N17448;Examen inom 3 år;%;0580;Linköping;2018;69,44
N17448;Examen inom 3 år;%;0580;Linköping;2019;72,24
N17448;Examen inom 3 år;%;0580;Linköping;2020;72,46
N17448;Examen inom 3 år;%;0580;Linköping;2021;73,64
N17448;Examen inom 3 år;%;0580;Linköping;2022;72,73
N17448;Examen inom 3 år;%;0580;Linköping;2023;74,27
N17448;Examen inom 3 år;%;0580;Linköping;2024;70,84
N17448;Examen inom 3 år;%;0580;Linköping;2025;72,3
N17448;Examen inom 3 år;%;1980;Västerås;2015;67,88
N17448;Examen inom 3 år;%;1980;Västerås;2016;65,55
N17448;Examen inom 3 år;%;1980;Västerås;2017;68,37
N17448;Examen inom 3 år;%;1980;Västerås;2018;70,23
N17448;Examen inom 3 år;%;1980;Västerås;2019;64,98
N17448;Examen inom 3 år;%;1980;Västerås;2020;66,33
N17448;Examen inom 3 år;%;1980;Västerås;2021;69,55
N17448;Examen inom 3 år;%;1980;Västerås;2022;70,63
N17448;Examen inom 3 år;%;1980;Västerås;2023;71,52
N17448;Examen inom 3 år;%;1980;Västerås;2024;71,92
N17448;Examen inom 3 år;%;1980;Västerås;2025;73,31
N17448;Examen inom 3 år;%;0581;Norrköping;2015;65,63
N17448;Examen inom 3 år;%;0581;Norrköping;2016;64,03
N17448;Examen inom 3 år;%;0581;Norrköping;2017;61,59
N17448;Examen inom 3 år;%;0581;Norrköping;2018;61,3
N17448;Examen inom 3 år;%;0581;Norrköping;2019;59,04
N17448;Examen inom 3 år;%;0581;Norrköping;2020;59,55
N17448;Examen inom 3 år;%;0581;Norrköping;2021;66,19
N17448;Examen inom 3 år;%;0581;Norrköping;2022;64,68
N17448;Examen inom 3 år;%;0581;Norrköping;2023;68,21
N17448;Examen inom 3 år;%;0581;Norrköping;2024;66,08
N17448;Examen inom 3 år;%;0581;Norrköping;2025;70,82
N17448;Examen inom 3 år;%;0680;Jönköping;2015;70,5
N17448;Examen inom 3 år;%;0680;Jönköping;2016;72,22
N17448;Examen inom 3 år;%;0680;Jönköping;2017;71,41
N17448;Examen inom 3 år;%;0680;Jönköping;2018;69,4
N17448;Examen inom 3 år;%;0680;Jönköping;2019;72,11
N17448;Examen inom 3 år;%;0680;Jönköping;2020;71,44
N17448;Examen inom 3 år;%;0680;Jönköping;2021;75,3
N17448;Examen inom 3 år;%;0680;Jönköping;2022;74,35
N17448;Examen inom 3 år;%;0680;Jönköping;2023;76,04
N17448;Examen inom 3 år;%;0680;Jönköping;2024;75,37
N17448;Examen inom 3 år;%;0680;Jönköping;2025;74,05
N17448;Examen inom 3 år;%;1283;Helsingborg;2015;65,72
N17448;Examen inom 3 år;%;1283;Helsingborg;2016;67,79
N17448;Examen inom 3 år;%;1283;Helsingborg;2017;71,25
N17448;Examen inom 3 år;%;1283;Helsingborg;2018;68,69
N17448;Examen inom 3 år;%;1283;Helsingborg;2019;71,38
N17448;Examen inom 3 år;%;1283;Helsingborg;2020;65,7
N17448;Examen inom 3 år;%;1283;Helsingborg;2021;70,09
N17448;Examen inom 3 år;%;1283;Helsingborg;2022;70,63
N17448;Examen inom 3 år;%;1283;Helsingborg;2023;72,52
N17448;Examen inom 3 år;%;1283;Helsingborg;2024;70,18
N17448;Examen inom 3 år;%;1283;Helsingborg;2025;71,64
N17448;Examen inom 3 år;%;2480;Umeå;2015;72,78
N17448;Examen inom 3 år;%;2480;Umeå;2016;72,83
N17448;Examen inom 3 år;%;2480;Umeå;2017;74,94
N17448;Examen inom 3 år;%;2480;Umeå;2018;76,71
N17448;Examen inom 3 år;%;2480;Umeå;2019;78,12
N17448;Examen inom 3 år;%;2480;Umeå;2020;76,15
N17448;Examen inom 3 år;%;2480;Umeå;2021;80,03
N17448;Examen inom 3 år;%;2480;Umeå;2022;79,48
N17448;Examen inom 3 år;%;2480;Umeå;2023;79,48
N17448;Examen inom 3 år;%;2480;Umeå;2024;79,54
N17448;Examen inom 3 år;%;2480;Umeå;2025;80,32
N17448;Examen inom 3 år;%;0000;Hela Sverige;2015;65,17
N17448;Examen inom 3 år;%;0000;Hela Sverige;2016;65,2
N17448;Examen inom 3 år;%;0000;Hela Sverige;2017;66,02
N17448;Examen inom 3 år;%;0000;Hela Sverige;2018;65,93
N17448;Examen inom 3 år;%;0000;Hela Sverige;2019;66,28
N17448;Examen inom 3 år;%;0000;Hela Sverige;2020;66,25
N17448;Examen inom 3 år;%;0000;Hela Sverige;2021;68,84
N17448;Examen inom 3 år;%;0000;Hela Sverige;2022;69,33
N17448;Examen inom 3 år;%;0000;Hela Sverige;2023;70,8
N17448;Examen inom 3 år;%;0000;Hela Sverige;2024;70,66
N17448;Examen inom 3 år;%;0000;Hela Sverige;2025;71,3
N17451;Examen inom 3 år, kommunala gymnasier;%;1880;Örebro;2015;64,92
N17451;Examen inom 3 år, kommunala gymnasier;%;1880;Örebro;2016;65,24
N17451;Examen inom 3 år, kommunala gymnasier;%;1880;Örebro;2017;67,24
N17451;Examen inom 3 år, kommunala gymnasier;%;1880;Örebro;2018;70,72
N17451;Examen inom 3 år, kommunala gymnasier;%;1880;Örebro;2019;68,6
N17451;Examen inom 3 år, kommunala gymnasier;%;1880;Örebro;2020;71,27
N17451;Examen inom 3 år, kommunala gymnasier;%;1880;Örebro;2021;71,18
N17451;Examen inom 3 år, kommunala gymnasier;%;1880;Örebro;2022;70,68
N17451;Examen inom 3 år, kommunala gymnasier;%;1880;Örebro;2023;72,07
N17451;Examen inom 3 år, kommunala gymnasier;%;1880;Örebro;2024;71,29
N17451;Examen inom 3 år, kommunala gymnasier;%;1880;Örebro;2025;73,56
N17451;Examen inom 3 år, kommunala gymnasier;%;0380;Uppsala;2015;64,55
N17451;Examen inom 3 år, kommunala gymnasier;%;0380;Uppsala;2016;64,75
N17451;Examen inom 3 år, kommunala gymnasier;%;0380;Uppsala;2017;68,44
N17451;Examen inom 3 år, kommunala gymnasier;%;0380;Uppsala;2018;67,6
N17451;Examen inom 3 år, kommunala gymnasier;%;0380;Uppsala;2019;70,9
N17451;Examen inom 3 år, kommunala gymnasier;%;0380;Uppsala;2020;69,07
N17451;Examen inom 3 år, kommunala gymnasier;%;0380;Uppsala;2021;71,82
N17451;Examen inom 3 år, kommunala gymnasier;%;0380;Uppsala;2022;70,83
N17451;Examen inom 3 år, kommunala gymnasier;%;0380;Uppsala;2023;72,19
N17451;Examen inom 3 år, kommunala gymnasier;%;0380;Uppsala;2024;76,75
N17451;Examen inom 3 år, kommunala gymnasier;%;0380;Uppsala;2025;77,84
N17451;Examen inom 3 år, kommunala gymnasier;%;0580;Linköping;2015;70,35
N17451;Examen inom 3 år, kommunala gymnasier;%;0580;Linköping;2016;65,79
N17451;Examen inom 3 år, kommunala gymnasier;%;0580;Linköping;2017;71,53
N17451;Examen inom 3 år, kommunala gymnasier;%;0580;Linköping;2018;67,81
N17451;Examen inom 3 år, kommunala gymnasier;%;0580;Linköping;2019;73,16
N17451;Examen inom 3 år, kommunala gymnasier;%;0580;Linköping;2020;73,68
N17451;Examen inom 3 år, kommunala gymnasier;%;0580;Linköping;2021;75,51
N17451;Examen inom 3 år, kommunala gymnasier;%;0580;Linköping;2022;74,75
N17451;Examen inom 3 år, kommunala gymnasier;%;0580;Linköping;2023;74,29
N17451;Examen inom 3 år, kommunala gymnasier;%;0580;Linköping;2024;70,55
N17451;Examen inom 3 år, kommunala gymnasier;%;0580;Linköping;2025;71,61
N17451;Examen inom 3 år, kommunala gymnasier;%;1980;Västerås;2015;67,31
N17451;Examen inom 3 år, kommunala gymnasier;%;1980;Västerås;2016;61,88
N17451;Examen inom 3 år, kommunala gymnasier;%;1980;Västerås;2017;65,08
N17451;Examen inom 3 år, kommunala gymnasier;%;1980;Västerås;2018;67,96
N17451;Examen inom 3 år, kommunala gymnasier;%;1980;Västerås;2019;61,17
N17451;Examen inom 3 år, kommunala gymnasier;%;1980;Västerås;2020;62,72
N17451;Examen inom 3 år, kommunala gymnasier;%;1980;Västerås;2021;66,23
N17451;Examen inom 3 år, kommunala gymnasier;%;1980;Västerås;2022;66,79
N17451;Examen inom 3 år, kommunala gymnasier;%;1980;Västerås;2023;67,16
N17451;Examen inom 3 år, kommunala gymnasier;%;1980;Västerås;2024;69,25
N17451;Examen inom 3 år, kommunala gymnasier;%;1980;Västerås;2025;67,96
N17451;Examen inom 3 år, kommunala gymnasier;%;0581;Norrköping;2015;60,04
N17451;Examen inom 3 år, kommunala gymnasier;%;0581;Norrköping;2016;57,69
N17451;Examen inom 3 år, kommunala gymnasier;%;0581;Norrköping;2017;58,86
N17451;Examen inom 3 år, kommunala gymnasier;%;0581;Norrköping;2018;61,04
N17451;Examen inom 3 år, kommunala gymnasier;%;0581;Norrköping;2019;55,66
N17451;Examen inom 3 år, kommunala gymnasier;%;0581;Norrköping;2020;56,59
N17451;Examen inom 3 år, kommunala gymnasier;%;0581;Norrköping;2021;64,32
N17451;Examen inom 3 år, kommunala gymnasier;%;0581;Norrköping;2022;63,25
N17451;Examen inom 3 år, kommunala gymnasier;%;0581;Norrköping;2023;64,29
N17451;Examen inom 3 år, kommunala gymnasier;%;0581;Norrköping;2024;65,45
N17451;Examen inom 3 år, kommunala gymnasier;%;0581;Norrköping;2025;67,97
N17451;Examen inom 3 år, kommunala gymnasier;%;0680;Jönköping;2015;71,26
N17451;Examen inom 3 år, kommunala gymnasier;%;0680;Jönköping;2016;73,31
N17451;Examen inom 3 år, kommunala gymnasier;%;0680;Jönköping;2017;73,74
N17451;Examen inom 3 år, kommunala gymnasier;%;0680;Jönköping;2018;70,93
N17451;Examen inom 3 år, kommunala gymnasier;%;0680;Jönköping;2019;74,38
N17451;Examen inom 3 år, kommunala gymnasier;%;0680;Jönköping;2020;75,94
N17451;Examen inom 3 år, kommunala gymnasier;%;0680;Jönköping;2021;77,48
N17451;Examen inom 3 år, kommunala gymnasier;%;0680;Jönköping;2022;76,81
N17451;Examen inom 3 år, kommunala gymnasier;%;0680;Jönköping;2023;79,46
N17451;Examen inom 3 år, kommunala gymnasier;%;0680;Jönköping;2024;79,52
N17451;Examen inom 3 år, kommunala gymnasier;%;0680;Jönköping;2025;78,3
N17451;Examen inom 3 år, kommunala gymnasier;%;1283;Helsingborg;2015;54,75
N17451;Examen inom 3 år, kommunala gymnasier;%;1283;Helsingborg;2016;57,93
N17451;Examen inom 3 år, kommunala gymnasier;%;1283;Helsingborg;2017;62,28
N17451;Examen inom 3 år, kommunala gymnasier;%;1283;Helsingborg;2018;54,88
N17451;Examen inom 3 år, kommunala gymnasier;%;1283;Helsingborg;2019;57,42
N17451;Examen inom 3 år, kommunala gymnasier;%;1283;Helsingborg;2020;51,27
N17451;Examen inom 3 år, kommunala gymnasier;%;1283;Helsingborg;2021;55,89
N17451;Examen inom 3 år, kommunala gymnasier;%;1283;Helsingborg;2022;58,38
N17451;Examen inom 3 år, kommunala gymnasier;%;1283;Helsingborg;2023;60,87
N17451;Examen inom 3 år, kommunala gymnasier;%;1283;Helsingborg;2024;54,57
N17451;Examen inom 3 år, kommunala gymnasier;%;1283;Helsingborg;2025;57,51
N17451;Examen inom 3 år, kommunala gymnasier;%;2480;Umeå;2015;73
N17451;Examen inom 3 år, kommunala gymnasier;%;2480;Umeå;2016;73,26
N17451;Examen inom 3 år, kommunala gymnasier;%;2480;Umeå;2017;75,1
N17451;Examen inom 3 år, kommunala gymnasier;%;2480;Umeå;2018;77,26
N17451;Examen inom 3 år, kommunala gymnasier;%;2480;Umeå;2019;78,82
N17451;Examen inom 3 år, kommunala gymnasier;%;2480;Umeå;2020;75,15
N17451;Examen inom 3 år, kommunala gymnasier;%;2480;Umeå;2021;80,52
N17451;Examen inom 3 år, kommunala gymnasier;%;2480;Umeå;2022;78,65
N17451;Examen inom 3 år, kommunala gymnasier;%;2480;Umeå;2023;78,42
N17451;Examen inom 3 år, kommunala gymnasier;%;2480;Umeå;2024;79,31
N17451;Examen inom 3 år, kommunala gymnasier;%;2480;Umeå;2025;79,49
N17451;Examen inom 3 år, kommunala gymnasier;%;0000;Hela Sverige;2015;63,84
N17451;Examen inom 3 år, kommunala gymnasier;%;0000;Hela Sverige;2016;63,63
N17451;Examen inom 3 år, kommunala gymnasier;%;0000;Hela Sverige;2017;64,8
N17451;Examen inom 3 år, kommunala gymnasier;%;0000;Hela Sverige;2018;64,34
N17451;Examen inom 3 år, kommunala gymnasier;%;0000;Hela Sverige;2019;64,67
N17451;Examen inom 3 år, kommunala gymnasier;%;0000;Hela Sverige;2020;63,94
N17451;Examen inom 3 år, kommunala gymnasier;%;0000;Hela Sverige;2021;66,54
N17451;Examen inom 3 år, kommunala gymnasier;%;0000;Hela Sverige;2022;67,11
N17451;Examen inom 3 år, kommunala gymnasier;%;0000;Hela Sverige;2023;69,03
N17451;Examen inom 3 år, kommunala gymnasier;%;0000;Hela Sverige;2024;68,88
N17451;Examen inom 3 år, kommunala gymnasier;%;0000;Hela Sverige;2025;69,4
N17455;Examen inom 3 år, fristående högskoleförberedande;%;1880;Örebro;2015;82,84
N17455;Examen inom 3 år, fristående högskoleförberedande;%;1880;Örebro;2016;85
N17455;Examen inom 3 år, fristående högskoleförberedande;%;1880;Örebro;2017;87,57
N17455;Examen inom 3 år, fristående högskoleförberedande;%;1880;Örebro;2018;80,7
N17455;Examen inom 3 år, fristående högskoleförberedande;%;1880;Örebro;2019;80,05
N17455;Examen inom 3 år, fristående högskoleförberedande;%;1880;Örebro;2020;81,13
N17455;Examen inom 3 år, fristående högskoleförberedande;%;1880;Örebro;2021;82,75
N17455;Examen inom 3 år, fristående högskoleförberedande;%;1880;Örebro;2022;80,25
N17455;Examen inom 3 år, fristående högskoleförberedande;%;1880;Örebro;2023;82,28
N17455;Examen inom 3 år, fristående högskoleförberedande;%;1880;Örebro;2024;82,56
N17455;Examen inom 3 år, fristående högskoleförberedande;%;1880;Örebro;2025;83,73
N17455;Examen inom 3 år, fristående högskoleförberedande;%;0380;Uppsala;2015;69,36
N17455;Examen inom 3 år, fristående högskoleförberedande;%;0380;Uppsala;2016;74,01
N17455;Examen inom 3 år, fristående högskoleförberedande;%;0380;Uppsala;2017;76,04
N17455;Examen inom 3 år, fristående högskoleförberedande;%;0380;Uppsala;2018;73,23
N17455;Examen inom 3 år, fristående högskoleförberedande;%;0380;Uppsala;2019;75
N17455;Examen inom 3 år, fristående högskoleförberedande;%;0380;Uppsala;2020;76,7
N17455;Examen inom 3 år, fristående högskoleförberedande;%;0380;Uppsala;2021;78,27
N17455;Examen inom 3 år, fristående högskoleförberedande;%;0380;Uppsala;2022;80,08
N17455;Examen inom 3 år, fristående högskoleförberedande;%;0380;Uppsala;2023;76,31
N17455;Examen inom 3 år, fristående högskoleförberedande;%;0380;Uppsala;2024;79,17
N17455;Examen inom 3 år, fristående högskoleförberedande;%;0380;Uppsala;2025;75,27
N17455;Examen inom 3 år, fristående högskoleförberedande;%;0580;Linköping;2015;77,14
N17455;Examen inom 3 år, fristående högskoleförberedande;%;0580;Linköping;2016;73,42
N17455;Examen inom 3 år, fristående högskoleförberedande;%;0580;Linköping;2017;73,94
N17455;Examen inom 3 år, fristående högskoleförberedande;%;0580;Linköping;2018;81,74
N17455;Examen inom 3 år, fristående högskoleförberedande;%;0580;Linköping;2019;74,06
N17455;Examen inom 3 år, fristående högskoleförberedande;%;0580;Linköping;2020;74,46
N17455;Examen inom 3 år, fristående högskoleförberedande;%;0580;Linköping;2021;76,08
N17455;Examen inom 3 år, fristående högskoleförberedande;%;0580;Linköping;2022;73,27
N17455;Examen inom 3 år, fristående högskoleförberedande;%;0580;Linköping;2023;77,88
N17455;Examen inom 3 år, fristående högskoleförberedande;%;0580;Linköping;2024;71,95
N17455;Examen inom 3 år, fristående högskoleförberedande;%;0580;Linköping;2025;72,47
N17455;Examen inom 3 år, fristående högskoleförberedande;%;1980;Västerås;2015;77,29
N17455;Examen inom 3 år, fristående högskoleförberedande;%;1980;Västerås;2016;84,5
N17455;Examen inom 3 år, fristående högskoleförberedande;%;1980;Västerås;2017;83,57
N17455;Examen inom 3 år, fristående högskoleförberedande;%;1980;Västerås;2018;83,22
N17455;Examen inom 3 år, fristående högskoleförberedande;%;1980;Västerås;2019;83,47
N17455;Examen inom 3 år, fristående högskoleförberedande;%;1980;Västerås;2020;83,76
N17455;Examen inom 3 år, fristående högskoleförberedande;%;1980;Västerås;2021;84,42
N17455;Examen inom 3 år, fristående högskoleförberedande;%;1980;Västerås;2022;85,37
N17455;Examen inom 3 år, fristående högskoleförberedande;%;1980;Västerås;2023;85,37
N17455;Examen inom 3 år, fristående högskoleförberedande;%;1980;Västerås;2024;82,36
N17455;Examen inom 3 år, fristående högskoleförberedande;%;1980;Västerås;2025;83,31
N17455;Examen inom 3 år, fristående högskoleförberedande;%;0581;Norrköping;2015;80,61
N17455;Examen inom 3 år, fristående högskoleförberedande;%;0581;Norrköping;2016;81,1
N17455;Examen inom 3 år, fristående högskoleförberedande;%;0581;Norrköping;2017;81,89
N17455;Examen inom 3 år, fristående högskoleförberedande;%;0581;Norrköping;2018;73,45
N17455;Examen inom 3 år, fristående högskoleförberedande;%;0581;Norrköping;2019;73,59
N17455;Examen inom 3 år, fristående högskoleförberedande;%;0581;Norrköping;2020;76
N17455;Examen inom 3 år, fristående högskoleförberedande;%;0581;Norrköping;2021;76,41
N17455;Examen inom 3 år, fristående högskoleförberedande;%;0581;Norrköping;2022;75,43
N17455;Examen inom 3 år, fristående högskoleförberedande;%;0581;Norrköping;2023;81,87
N17455;Examen inom 3 år, fristående högskoleförberedande;%;0581;Norrköping;2024;69,2
N17455;Examen inom 3 år, fristående högskoleförberedande;%;0581;Norrköping;2025;85,71
N17455;Examen inom 3 år, fristående högskoleförberedande;%;0680;Jönköping;2015;72,46
N17455;Examen inom 3 år, fristående högskoleförberedande;%;0680;Jönköping;2016;75,64
N17455;Examen inom 3 år, fristående högskoleförberedande;%;0680;Jönköping;2017;71,68
N17455;Examen inom 3 år, fristående högskoleförberedande;%;0680;Jönköping;2018;78,4
N17455;Examen inom 3 år, fristående högskoleförberedande;%;0680;Jönköping;2019;68,67
N17455;Examen inom 3 år, fristående högskoleförberedande;%;0680;Jönköping;2020;74,26
N17455;Examen inom 3 år, fristående högskoleförberedande;%;0680;Jönköping;2021;84,06
N17455;Examen inom 3 år, fristående högskoleförberedande;%;0680;Jönköping;2022;72,87
N17455;Examen inom 3 år, fristående högskoleförberedande;%;0680;Jönköping;2023;72,6
N17455;Examen inom 3 år, fristående högskoleförberedande;%;0680;Jönköping;2024;70,19
N17455;Examen inom 3 år, fristående högskoleförberedande;%;0680;Jönköping;2025;68,57
N17455;Examen inom 3 år, fristående högskoleförberedande;%;1283;Helsingborg;2015;82,07
N17455;Examen inom 3 år, fristående högskoleförberedande;%;1283;Helsingborg;2016;84,02
N17455;Examen inom 3 år, fristående högskoleförberedande;%;1283;Helsingborg;2017;87,28
N17455;Examen inom 3 år, fristående högskoleförberedande;%;1283;Helsingborg;2018;85,29
N17455;Examen inom 3 år, fristående högskoleförberedande;%;1283;Helsingborg;2019;85,89
N17455;Examen inom 3 år, fristående högskoleförberedande;%;1283;Helsingborg;2020;83,33
N17455;Examen inom 3 år, fristående högskoleförberedande;%;1283;Helsingborg;2021;87,13
N17455;Examen inom 3 år, fristående högskoleförberedande;%;1283;Helsingborg;2022;86,62
N17455;Examen inom 3 år, fristående högskoleförberedande;%;1283;Helsingborg;2023;87,21
N17455;Examen inom 3 år, fristående högskoleförberedande;%;1283;Helsingborg;2024;87,36
N17455;Examen inom 3 år, fristående högskoleförberedande;%;1283;Helsingborg;2025;87,69
N17455;Examen inom 3 år, fristående högskoleförberedande;%;2480;Umeå;2015;75,1
N17455;Examen inom 3 år, fristående högskoleförberedande;%;2480;Umeå;2016;75,2
N17455;Examen inom 3 år, fristående högskoleförberedande;%;2480;Umeå;2017;74,32
N17455;Examen inom 3 år, fristående högskoleförberedande;%;2480;Umeå;2018;77,15
N17455;Examen inom 3 år, fristående högskoleförberedande;%;2480;Umeå;2019;82,35
N17455;Examen inom 3 år, fristående högskoleförberedande;%;2480;Umeå;2020;84,36
N17455;Examen inom 3 år, fristående högskoleförberedande;%;2480;Umeå;2021;79,39
N17455;Examen inom 3 år, fristående högskoleförberedande;%;2480;Umeå;2022;85,43
N17455;Examen inom 3 år, fristående högskoleförberedande;%;2480;Umeå;2023;85,81
N17455;Examen inom 3 år, fristående högskoleförberedande;%;2480;Umeå;2024;85,57
N17455;Examen inom 3 år, fristående högskoleförberedande;%;2480;Umeå;2025;87,05
N17455;Examen inom 3 år, fristående högskoleförberedande;%;0000;Hela Sverige;2015;73,44
N17455;Examen inom 3 år, fristående högskoleförberedande;%;0000;Hela Sverige;2016;74,2
N17455;Examen inom 3 år, fristående högskoleförberedande;%;0000;Hela Sverige;2017;74,68
N17455;Examen inom 3 år, fristående högskoleförberedande;%;0000;Hela Sverige;2018;75,57
N17455;Examen inom 3 år, fristående högskoleförberedande;%;0000;Hela Sverige;2019;77
N17455;Examen inom 3 år, fristående högskoleförberedande;%;0000;Hela Sverige;2020;79,08
N17455;Examen inom 3 år, fristående högskoleförberedande;%;0000;Hela Sverige;2021;81,58
N17455;Examen inom 3 år, fristående högskoleförberedande;%;0000;Hela Sverige;2022;81,07
N17455;Examen inom 3 år, fristående högskoleförberedande;%;0000;Hela Sverige;2023;80,37
N17455;Examen inom 3 år, fristående högskoleförberedande;%;0000;Hela Sverige;2024;79,95
N17455;Examen inom 3 år, fristående högskoleförberedande;%;0000;Hela Sverige;2025;81,52
N17464;Examen inom 4 år;%;1880;Örebro;2015;73,92
N17464;Examen inom 4 år;%;1880;Örebro;2016;75,8
N17464;Examen inom 4 år;%;1880;Örebro;2017;73,88
N17464;Examen inom 4 år;%;1880;Örebro;2018;76,01
N17464;Examen inom 4 år;%;1880;Örebro;2019;77,59
N17464;Examen inom 4 år;%;1880;Örebro;2020;75,58
N17464;Examen inom 4 år;%;1880;Örebro;2021;77,17
N17464;Examen inom 4 år;%;1880;Örebro;2022;77,97
N17464;Examen inom 4 år;%;1880;Örebro;2023;76,7
N17464;Examen inom 4 år;%;1880;Örebro;2024;77,93
N17464;Examen inom 4 år;%;1880;Örebro;2025;77,97
N17464;Examen inom 4 år;%;0380;Uppsala;2015;71,03
N17464;Examen inom 4 år;%;0380;Uppsala;2016;71,53
N17464;Examen inom 4 år;%;0380;Uppsala;2017;73,4
N17464;Examen inom 4 år;%;0380;Uppsala;2018;73,82
N17464;Examen inom 4 år;%;0380;Uppsala;2019;72,77
N17464;Examen inom 4 år;%;0380;Uppsala;2020;74,46
N17464;Examen inom 4 år;%;0380;Uppsala;2021;75,59
N17464;Examen inom 4 år;%;0380;Uppsala;2022;76,11
N17464;Examen inom 4 år;%;0380;Uppsala;2023;75,8
N17464;Examen inom 4 år;%;0380;Uppsala;2024;75,02
N17464;Examen inom 4 år;%;0380;Uppsala;2025;78,69
N17464;Examen inom 4 år;%;0580;Linköping;2015;72,17
N17464;Examen inom 4 år;%;0580;Linköping;2016;75,75
N17464;Examen inom 4 år;%;0580;Linköping;2017;71,7
N17464;Examen inom 4 år;%;0580;Linköping;2018;76,04
N17464;Examen inom 4 år;%;0580;Linköping;2019;74,08
N17464;Examen inom 4 år;%;0580;Linköping;2020;76,5
N17464;Examen inom 4 år;%;0580;Linköping;2021;76,85
N17464;Examen inom 4 år;%;0580;Linköping;2022;77,9
N17464;Examen inom 4 år;%;0580;Linköping;2023;76
N17464;Examen inom 4 år;%;0580;Linköping;2024;76,86
N17464;Examen inom 4 år;%;0580;Linköping;2025;75,03
N17464;Examen inom 4 år;%;1980;Västerås;2015;71,28
N17464;Examen inom 4 år;%;1980;Västerås;2016;72,03
N17464;Examen inom 4 år;%;1980;Västerås;2017;70,08
N17464;Examen inom 4 år;%;1980;Västerås;2018;72,61
N17464;Examen inom 4 år;%;1980;Västerås;2019;73,89
N17464;Examen inom 4 år;%;1980;Västerås;2020;68,95
N17464;Examen inom 4 år;%;1980;Västerås;2021;69,88
N17464;Examen inom 4 år;%;1980;Västerås;2022;73,34
N17464;Examen inom 4 år;%;1980;Västerås;2023;72,95
N17464;Examen inom 4 år;%;1980;Västerås;2024;75,3
N17464;Examen inom 4 år;%;1980;Västerås;2025;75,64
N17464;Examen inom 4 år;%;0581;Norrköping;2015;66,11
N17464;Examen inom 4 år;%;0581;Norrköping;2016;71,03
N17464;Examen inom 4 år;%;0581;Norrköping;2017;69,09
N17464;Examen inom 4 år;%;0581;Norrköping;2018;66,63
N17464;Examen inom 4 år;%;0581;Norrköping;2019;65,75
N17464;Examen inom 4 år;%;0581;Norrköping;2020;62,85
N17464;Examen inom 4 år;%;0581;Norrköping;2021;65,23
N17464;Examen inom 4 år;%;0581;Norrköping;2022;70,77
N17464;Examen inom 4 år;%;0581;Norrköping;2023;69,43
N17464;Examen inom 4 år;%;0581;Norrköping;2024;73,41
N17464;Examen inom 4 år;%;0581;Norrköping;2025;69,88
N17464;Examen inom 4 år;%;0680;Jönköping;2015;72,42
N17464;Examen inom 4 år;%;0680;Jönköping;2016;74,16
N17464;Examen inom 4 år;%;0680;Jönköping;2017;75,37
N17464;Examen inom 4 år;%;0680;Jönköping;2018;74,99
N17464;Examen inom 4 år;%;0680;Jönköping;2019;73,25
N17464;Examen inom 4 år;%;0680;Jönköping;2020;76,5
N17464;Examen inom 4 år;%;0680;Jönköping;2021;74,79
N17464;Examen inom 4 år;%;0680;Jönköping;2022;78,87
N17464;Examen inom 4 år;%;0680;Jönköping;2023;77,72
N17464;Examen inom 4 år;%;0680;Jönköping;2024;78,97
N17464;Examen inom 4 år;%;0680;Jönköping;2025;77,58
N17464;Examen inom 4 år;%;1283;Helsingborg;2015;71,61
N17464;Examen inom 4 år;%;1283;Helsingborg;2016;73
N17464;Examen inom 4 år;%;1283;Helsingborg;2017;74,38
N17464;Examen inom 4 år;%;1283;Helsingborg;2018;77,55
N17464;Examen inom 4 år;%;1283;Helsingborg;2019;77,23
N17464;Examen inom 4 år;%;1283;Helsingborg;2020;78,15
N17464;Examen inom 4 år;%;1283;Helsingborg;2021;73,85
N17464;Examen inom 4 år;%;1283;Helsingborg;2022;75,93
N17464;Examen inom 4 år;%;1283;Helsingborg;2023;76,09
N17464;Examen inom 4 år;%;1283;Helsingborg;2024;77,5
N17464;Examen inom 4 år;%;1283;Helsingborg;2025;76,65
N17464;Examen inom 4 år;%;2480;Umeå;2015;74,13
N17464;Examen inom 4 år;%;2480;Umeå;2016;77,99
N17464;Examen inom 4 år;%;2480;Umeå;2017;77,42
N17464;Examen inom 4 år;%;2480;Umeå;2018;79,1
N17464;Examen inom 4 år;%;2480;Umeå;2019;81,6
N17464;Examen inom 4 år;%;2480;Umeå;2020;82,01
N17464;Examen inom 4 år;%;2480;Umeå;2021;80,07
N17464;Examen inom 4 år;%;2480;Umeå;2022;84,2
N17464;Examen inom 4 år;%;2480;Umeå;2023;82,93
N17464;Examen inom 4 år;%;2480;Umeå;2024;83,11
N17464;Examen inom 4 år;%;2480;Umeå;2025;82,43
N17464;Examen inom 4 år;%;0000;Hela Sverige;2015;69,29
N17464;Examen inom 4 år;%;0000;Hela Sverige;2016;70,83
N17464;Examen inom 4 år;%;0000;Hela Sverige;2017;70,91
N17464;Examen inom 4 år;%;0000;Hela Sverige;2018;71,47
N17464;Examen inom 4 år;%;0000;Hela Sverige;2019;71,17
N17464;Examen inom 4 år;%;0000;Hela Sverige;2020;71,33
N17464;Examen inom 4 år;%;0000;Hela Sverige;2021;71,52
N17464;Examen inom 4 år;%;0000;Hela Sverige;2022;73,67
N17464;Examen inom 4 år;%;0000;Hela Sverige;2023;73,52
N17464;Examen inom 4 år;%;0000;Hela Sverige;2024;74,74
N17464;Examen inom 4 år;%;0000;Hela Sverige;2025;74,75
N17476;Behöriga till högskolan;%;1880;Örebro;2015;57
N17476;Behöriga till högskolan;%;1880;Örebro;2016;56,23
N17476;Behöriga till högskolan;%;1880;Örebro;2017;55,48
N17476;Behöriga till högskolan;%;1880;Örebro;2018;58,93
N17476;Behöriga till högskolan;%;1880;Örebro;2019;54,85
N17476;Behöriga till högskolan;%;1880;Örebro;2020;57,33
N17476;Behöriga till högskolan;%;1880;Örebro;2021;57,16
N17476;Behöriga till högskolan;%;1880;Örebro;2022;58,11
N17476;Behöriga till högskolan;%;1880;Örebro;2023;60,57
N17476;Behöriga till högskolan;%;1880;Örebro;2024;59,73
N17476;Behöriga till högskolan;%;1880;Örebro;2025;60,2
N17476;Behöriga till högskolan;%;0380;Uppsala;2015;54,42
N17476;Behöriga till högskolan;%;0380;Uppsala;2016;55,63
N17476;Behöriga till högskolan;%;0380;Uppsala;2017;58,41
N17476;Behöriga till högskolan;%;0380;Uppsala;2018;58,29
N17476;Behöriga till högskolan;%;0380;Uppsala;2019;60,51
N17476;Behöriga till högskolan;%;0380;Uppsala;2020;59,42
N17476;Behöriga till högskolan;%;0380;Uppsala;2021;61,12
N17476;Behöriga till högskolan;%;0380;Uppsala;2022;61
N17476;Behöriga till högskolan;%;0380;Uppsala;2023;60,82
N17476;Behöriga till högskolan;%;0380;Uppsala;2024;64,05
N17476;Behöriga till högskolan;%;0380;Uppsala;2025;63,31
N17476;Behöriga till högskolan;%;0580;Linköping;2015;56,05
N17476;Behöriga till högskolan;%;0580;Linköping;2016;55,2
N17476;Behöriga till högskolan;%;0580;Linköping;2017;54,28
N17476;Behöriga till högskolan;%;0580;Linköping;2018;56,63
N17476;Behöriga till högskolan;%;0580;Linköping;2019;57,41
N17476;Behöriga till högskolan;%;0580;Linköping;2020;56,09
N17476;Behöriga till högskolan;%;0580;Linköping;2021;56,93
N17476;Behöriga till högskolan;%;0580;Linköping;2022;55,4
N17476;Behöriga till högskolan;%;0580;Linköping;2023;57,85
N17476;Behöriga till högskolan;%;0580;Linköping;2024;54,79
N17476;Behöriga till högskolan;%;0580;Linköping;2025;55,65
N17476;Behöriga till högskolan;%;1980;Västerås;2015;57,65
N17476;Behöriga till högskolan;%;1980;Västerås;2016;55,06
N17476;Behöriga till högskolan;%;1980;Västerås;2017;58,76
N17476;Behöriga till högskolan;%;1980;Västerås;2018;60,06
N17476;Behöriga till högskolan;%;1980;Västerås;2019;56,91
N17476;Behöriga till högskolan;%;1980;Västerås;2020;55,73
N17476;Behöriga till högskolan;%;1980;Västerås;2021;58,98
N17476;Behöriga till högskolan;%;1980;Västerås;2022;57,7
N17476;Behöriga till högskolan;%;1980;Västerås;2023;59,78
N17476;Behöriga till högskolan;%;1980;Västerås;2024;57,65
N17476;Behöriga till högskolan;%;1980;Västerås;2025;56,54
N17476;Behöriga till högskolan;%;0581;Norrköping;2015;49,85
N17476;Behöriga till högskolan;%;0581;Norrköping;2016;46,83
N17476;Behöriga till högskolan;%;0581;Norrköping;2017;46,24
N17476;Behöriga till högskolan;%;0581;Norrköping;2018;47,61
N17476;Behöriga till högskolan;%;0581;Norrköping;2019;46,5
N17476;Behöriga till högskolan;%;0581;Norrköping;2020;46,75
N17476;Behöriga till högskolan;%;0581;Norrköping;2021;50,03
N17476;Behöriga till högskolan;%;0581;Norrköping;2022;50,52
N17476;Behöriga till högskolan;%;0581;Norrköping;2023;53,57
N17476;Behöriga till högskolan;%;0581;Norrköping;2024;50,8
N17476;Behöriga till högskolan;%;0581;Norrköping;2025;54,49
N17476;Behöriga till högskolan;%;0680;Jönköping;2015;58,25
N17476;Behöriga till högskolan;%;0680;Jönköping;2016;58,42
N17476;Behöriga till högskolan;%;0680;Jönköping;2017;57,88
N17476;Behöriga till högskolan;%;0680;Jönköping;2018;57,13
N17476;Behöriga till högskolan;%;0680;Jönköping;2019;57,44
N17476;Behöriga till högskolan;%;0680;Jönköping;2020;57
N17476;Behöriga till högskolan;%;0680;Jönköping;2021;62,24
N17476;Behöriga till högskolan;%;0680;Jönköping;2022;59,38
N17476;Behöriga till högskolan;%;0680;Jönköping;2023;59,76
N17476;Behöriga till högskolan;%;0680;Jönköping;2024;58,89
N17476;Behöriga till högskolan;%;0680;Jönköping;2025;57,98
N17476;Behöriga till högskolan;%;1283;Helsingborg;2015;54,68
N17476;Behöriga till högskolan;%;1283;Helsingborg;2016;55,59
N17476;Behöriga till högskolan;%;1283;Helsingborg;2017;59,71
N17476;Behöriga till högskolan;%;1283;Helsingborg;2018;57,48
N17476;Behöriga till högskolan;%;1283;Helsingborg;2019;60,04
N17476;Behöriga till högskolan;%;1283;Helsingborg;2020;54,65
N17476;Behöriga till högskolan;%;1283;Helsingborg;2021;58,32
N17476;Behöriga till högskolan;%;1283;Helsingborg;2022;59,5
N17476;Behöriga till högskolan;%;1283;Helsingborg;2023;59,75
N17476;Behöriga till högskolan;%;1283;Helsingborg;2024;58,99
N17476;Behöriga till högskolan;%;1283;Helsingborg;2025;58,76
N17476;Behöriga till högskolan;%;2480;Umeå;2015;62,44
N17476;Behöriga till högskolan;%;2480;Umeå;2016;60,4
N17476;Behöriga till högskolan;%;2480;Umeå;2017;60,13
N17476;Behöriga till högskolan;%;2480;Umeå;2018;62,54
N17476;Behöriga till högskolan;%;2480;Umeå;2019;63,95
N17476;Behöriga till högskolan;%;2480;Umeå;2020;61,65
N17476;Behöriga till högskolan;%;2480;Umeå;2021;61,52
N17476;Behöriga till högskolan;%;2480;Umeå;2022;64,82
N17476;Behöriga till högskolan;%;2480;Umeå;2023;63,88
N17476;Behöriga till högskolan;%;2480;Umeå;2024;65,11
N17476;Behöriga till högskolan;%;2480;Umeå;2025;65,1
N17476;Behöriga till högskolan;%;0000;Hela Sverige;2015;53,42
N17476;Behöriga till högskolan;%;0000;Hela Sverige;2016;53,58
N17476;Behöriga till högskolan;%;0000;Hela Sverige;2017;54,26
N17476;Behöriga till högskolan;%;0000;Hela Sverige;2018;54,37
N17476;Behöriga till högskolan;%;0000;Hela Sverige;2019;54,64
N17476;Behöriga till högskolan;%;0000;Hela Sverige;2020;54,29
N17476;Behöriga till högskolan;%;0000;Hela Sverige;2021;56,17
N17476;Behöriga till högskolan;%;0000;Hela Sverige;2022;56,54
N17476;Behöriga till högskolan;%;0000;Hela Sverige;2023;57,46
N17476;Behöriga till högskolan;%;0000;Hela Sverige;2024;57,33
N17476;Behöriga till högskolan;%;0000;Hela Sverige;2025;57,53
N17692;Betygspoäng, gymnasiet;p;1880;Örebro;2015;14,41
N17692;Betygspoäng, gymnasiet;p;1880;Örebro;2016;14,36
N17692;Betygspoäng, gymnasiet;p;1880;Örebro;2017;14,39
N17692;Betygspoäng, gymnasiet;p;1880;Örebro;2018;14,52
N17692;Betygspoäng, gymnasiet;p;1880;Örebro;2019;14,5
N17692;Betygspoäng, gymnasiet;p;1880;Örebro;2020;14,68
N17692;Betygspoäng, gymnasiet;p;1880;Örebro;2021;14,64
N17692;Betygspoäng, gymnasiet;p;1880;Örebro;2022;14,71
N17692;Betygspoäng, gymnasiet;p;1880;Örebro;2023;14,7
N17692;Betygspoäng, gymnasiet;p;1880;Örebro;2024;14,7
N17692;Betygspoäng, gymnasiet;p;1880;Örebro;2025;14,5
N17692;Betygspoäng, gymnasiet;p;0380;Uppsala;2015;14,59
N17692;Betygspoäng, gymnasiet;p;0380;Uppsala;2016;14,68
N17692;Betygspoäng, gymnasiet;p;0380;Uppsala;2017;14,87
N17692;Betygspoäng, gymnasiet;p;0380;Uppsala;2018;15,11
N17692;Betygspoäng, gymnasiet;p;0380;Uppsala;2019;15,12
N17692;Betygspoäng, gymnasiet;p;0380;Uppsala;2020;15,18
N17692;Betygspoäng, gymnasiet;p;0380;Uppsala;2021;15,22
N17692;Betygspoäng, gymnasiet;p;0380;Uppsala;2022;15,18
N17692;Betygspoäng, gymnasiet;p;0380;Uppsala;2023;15,1
N17692;Betygspoäng, gymnasiet;p;0380;Uppsala;2024;15,1
N17692;Betygspoäng, gymnasiet;p;0380;Uppsala;2025;15
N17692;Betygspoäng, gymnasiet;p;0580;Linköping;2015;14,47
N17692;Betygspoäng, gymnasiet;p;0580;Linköping;2016;14,68
N17692;Betygspoäng, gymnasiet;p;0580;Linköping;2017;14,74
N17692;Betygspoäng, gymnasiet;p;0580;Linköping;2018;14,9
N17692;Betygspoäng, gymnasiet;p;0580;Linköping;2019;14,98
N17692;Betygspoäng, gymnasiet;p;0580;Linköping;2020;14,86
N17692;Betygspoäng, gymnasiet;p;0580;Linköping;2021;14,87
N17692;Betygspoäng, gymnasiet;p;0580;Linköping;2022;14,88
N17692;Betygspoäng, gymnasiet;p;0580;Linköping;2023;15
N17692;Betygspoäng, gymnasiet;p;0580;Linköping;2024;15,2
N17692;Betygspoäng, gymnasiet;p;0580;Linköping;2025;15,1
N17692;Betygspoäng, gymnasiet;p;1980;Västerås;2015;14,25
N17692;Betygspoäng, gymnasiet;p;1980;Västerås;2016;14,26
N17692;Betygspoäng, gymnasiet;p;1980;Västerås;2017;14,5
N17692;Betygspoäng, gymnasiet;p;1980;Västerås;2018;14,74
N17692;Betygspoäng, gymnasiet;p;1980;Västerås;2019;14,76
N17692;Betygspoäng, gymnasiet;p;1980;Västerås;2020;14,56
N17692;Betygspoäng, gymnasiet;p;1980;Västerås;2021;14,74
N17692;Betygspoäng, gymnasiet;p;1980;Västerås;2022;14,84
N17692;Betygspoäng, gymnasiet;p;1980;Västerås;2023;14,8
N17692;Betygspoäng, gymnasiet;p;1980;Västerås;2024;14,7
N17692;Betygspoäng, gymnasiet;p;1980;Västerås;2025;14,6
N17692;Betygspoäng, gymnasiet;p;0581;Norrköping;2015;14,36
N17692;Betygspoäng, gymnasiet;p;0581;Norrköping;2016;14,45
N17692;Betygspoäng, gymnasiet;p;0581;Norrköping;2017;14,39
N17692;Betygspoäng, gymnasiet;p;0581;Norrköping;2018;14,53
N17692;Betygspoäng, gymnasiet;p;0581;Norrköping;2019;14,58
N17692;Betygspoäng, gymnasiet;p;0581;Norrköping;2020;14,42
N17692;Betygspoäng, gymnasiet;p;0581;Norrköping;2021;14,56
N17692;Betygspoäng, gymnasiet;p;0581;Norrköping;2022;14,6
N17692;Betygspoäng, gymnasiet;p;0581;Norrköping;2023;14,7
N17692;Betygspoäng, gymnasiet;p;0581;Norrköping;2024;14,7
N17692;Betygspoäng, gymnasiet;p;0581;Norrköping;2025;14,5
N17692;Betygspoäng, gymnasiet;p;0680;Jönköping;2015;14,4
N17692;Betygspoäng, gymnasiet;p;0680;Jönköping;2016;14,44
N17692;Betygspoäng, gymnasiet;p;0680;Jönköping;2017;14,6
N17692;Betygspoäng, gymnasiet;p;0680;Jönköping;2018;14,6
N17692;Betygspoäng, gymnasiet;p;0680;Jönköping;2019;14,71
N17692;Betygspoäng, gymnasiet;p;0680;Jönköping;2020;14,77
N17692;Betygspoäng, gymnasiet;p;0680;Jönköping;2021;14,74
N17692;Betygspoäng, gymnasiet;p;0680;Jönköping;2022;14,85
N17692;Betygspoäng, gymnasiet;p;0680;Jönköping;2023;14,7
N17692;Betygspoäng, gymnasiet;p;0680;Jönköping;2024;14,8
N17692;Betygspoäng, gymnasiet;p;0680;Jönköping;2025;14,8
N17692;Betygspoäng, gymnasiet;p;1283;Helsingborg;2015;14,85
N17692;Betygspoäng, gymnasiet;p;1283;Helsingborg;2016;14,84
N17692;Betygspoäng, gymnasiet;p;1283;Helsingborg;2017;14,97
N17692;Betygspoäng, gymnasiet;p;1283;Helsingborg;2018;15,27
N17692;Betygspoäng, gymnasiet;p;1283;Helsingborg;2019;15,1
N17692;Betygspoäng, gymnasiet;p;1283;Helsingborg;2020;15,3
N17692;Betygspoäng, gymnasiet;p;1283;Helsingborg;2021;15,26
N17692;Betygspoäng, gymnasiet;p;1283;Helsingborg;2022;15,32
N17692;Betygspoäng, gymnasiet;p;1283;Helsingborg;2023;15,4
N17692;Betygspoäng, gymnasiet;p;1283;Helsingborg;2024;15,3
N17692;Betygspoäng, gymnasiet;p;1283;Helsingborg;2025;15,1
N17692;Betygspoäng, gymnasiet;p;2480;Umeå;2015;14,48
N17692;Betygspoäng, gymnasiet;p;2480;Umeå;2016;14,65
N17692;Betygspoäng, gymnasiet;p;2480;Umeå;2017;14,84
N17692;Betygspoäng, gymnasiet;p;2480;Umeå;2018;14,97
N17692;Betygspoäng, gymnasiet;p;2480;Umeå;2019;14,89
N17692;Betygspoäng, gymnasiet;p;2480;Umeå;2020;14,86
N17692;Betygspoäng, gymnasiet;p;2480;Umeå;2021;14,93
N17692;Betygspoäng, gymnasiet;p;2480;Umeå;2022;14,77
N17692;Betygspoäng, gymnasiet;p;2480;Umeå;2023;14,9
N17692;Betygspoäng, gymnasiet;p;2480;Umeå;2024;14,9
N17692;Betygspoäng, gymnasiet;p;2480;Umeå;2025;14,9
N17692;Betygspoäng, gymnasiet;p;0000;Hela Sverige;2015;14,5
N17692;Betygspoäng, gymnasiet;p;0000;Hela Sverige;2016;14,59
N17692;Betygspoäng, gymnasiet;p;0000;Hela Sverige;2017;14,69
N17692;Betygspoäng, gymnasiet;p;0000;Hela Sverige;2018;14,78
N17692;Betygspoäng, gymnasiet;p;0000;Hela Sverige;2019;14,81
N17692;Betygspoäng, gymnasiet;p;0000;Hela Sverige;2020;14,89
N17692;Betygspoäng, gymnasiet;p;0000;Hela Sverige;2021;14,91
N17692;Betygspoäng, gymnasiet;p;0000;Hela Sverige;2022;14,94
N17692;Betygspoäng, gymnasiet;p;0000;Hela Sverige;2023;14,9
N17692;Betygspoäng, gymnasiet;p;0000;Hela Sverige;2024;14,9
N17692;Betygspoäng, gymnasiet;p;0000;Hela Sverige;2025;14,8
N17816;Elever per lärare, gymnasiet;st;1880;Örebro;2015;11,93
N17816;Elever per lärare, gymnasiet;st;1880;Örebro;2016;12,26
N17816;Elever per lärare, gymnasiet;st;1880;Örebro;2017;11,93
N17816;Elever per lärare, gymnasiet;st;1880;Örebro;2018;12,09
N17816;Elever per lärare, gymnasiet;st;1880;Örebro;2019;12,52
N17816;Elever per lärare, gymnasiet;st;1880;Örebro;2020;12,93
N17816;Elever per lärare, gymnasiet;st;1880;Örebro;2021;13,11
N17816;Elever per lärare, gymnasiet;st;1880;Örebro;2022;13,18
N17816;Elever per lärare, gymnasiet;st;1880;Örebro;2023;13,44
N17816;Elever per lärare, gymnasiet;st;1880;Örebro;2024;13,33
N17816;Elever per lärare, gymnasiet;st;1880;Örebro;2025;13,06
N17816;Elever per lärare, gymnasiet;st;0380;Uppsala;2015;13,05
N17816;Elever per lärare, gymnasiet;st;0380;Uppsala;2016;14,01
N17816;Elever per lärare, gymnasiet;st;0380;Uppsala;2017;13,91
N17816;Elever per lärare, gymnasiet;st;0380;Uppsala;2018;13,64
N17816;Elever per lärare, gymnasiet;st;0380;Uppsala;2019;13,41
N17816;Elever per lärare, gymnasiet;st;0380;Uppsala;2020;12,88
N17816;Elever per lärare, gymnasiet;st;0380;Uppsala;2021;13,12
N17816;Elever per lärare, gymnasiet;st;0380;Uppsala;2022;13,05
N17816;Elever per lärare, gymnasiet;st;0380;Uppsala;2023;13,47
N17816;Elever per lärare, gymnasiet;st;0380;Uppsala;2024;13,92
N17816;Elever per lärare, gymnasiet;st;0380;Uppsala;2025;14,37
N17816;Elever per lärare, gymnasiet;st;0580;Linköping;2015;13,02
N17816;Elever per lärare, gymnasiet;st;0580;Linköping;2016;12
N17816;Elever per lärare, gymnasiet;st;0580;Linköping;2017;12,63
N17816;Elever per lärare, gymnasiet;st;0580;Linköping;2018;12,92
N17816;Elever per lärare, gymnasiet;st;0580;Linköping;2019;12,9
N17816;Elever per lärare, gymnasiet;st;0580;Linköping;2020;12,87
N17816;Elever per lärare, gymnasiet;st;0580;Linköping;2021;13,04
N17816;Elever per lärare, gymnasiet;st;0580;Linköping;2022;12,63
N17816;Elever per lärare, gymnasiet;st;0580;Linköping;2023;12,62
N17816;Elever per lärare, gymnasiet;st;0580;Linköping;2024;12,73
N17816;Elever per lärare, gymnasiet;st;0580;Linköping;2025;13,17
N17816;Elever per lärare, gymnasiet;st;1980;Västerås;2015;12,6
N17816;Elever per lärare, gymnasiet;st;1980;Västerås;2016;12,74
N17816;Elever per lärare, gymnasiet;st;1980;Västerås;2017;12,53
N17816;Elever per lärare, gymnasiet;st;1980;Västerås;2018;13,23
N17816;Elever per lärare, gymnasiet;st;1980;Västerås;2019;13,18
N17816;Elever per lärare, gymnasiet;st;1980;Västerås;2020;12,98
N17816;Elever per lärare, gymnasiet;st;1980;Västerås;2021;13,22
N17816;Elever per lärare, gymnasiet;st;1980;Västerås;2022;13,27
N17816;Elever per lärare, gymnasiet;st;1980;Västerås;2023;13,04
N17816;Elever per lärare, gymnasiet;st;1980;Västerås;2024;13,21
N17816;Elever per lärare, gymnasiet;st;1980;Västerås;2025;13,29
N17816;Elever per lärare, gymnasiet;st;0581;Norrköping;2015;12,23
N17816;Elever per lärare, gymnasiet;st;0581;Norrköping;2016;12,58
N17816;Elever per lärare, gymnasiet;st;0581;Norrköping;2017;12,4
N17816;Elever per lärare, gymnasiet;st;0581;Norrköping;2018;12,38
N17816;Elever per lärare, gymnasiet;st;0581;Norrköping;2019;12,21
N17816;Elever per lärare, gymnasiet;st;0581;Norrköping;2020;12,55
N17816;Elever per lärare, gymnasiet;st;0581;Norrköping;2021;12,49
N17816;Elever per lärare, gymnasiet;st;0581;Norrköping;2022;12,41
N17816;Elever per lärare, gymnasiet;st;0581;Norrköping;2023;12,4
N17816;Elever per lärare, gymnasiet;st;0581;Norrköping;2024;12,17
N17816;Elever per lärare, gymnasiet;st;0581;Norrköping;2025;12,39
N17816;Elever per lärare, gymnasiet;st;0680;Jönköping;2015;12,1
N17816;Elever per lärare, gymnasiet;st;0680;Jönköping;2016;12,39
N17816;Elever per lärare, gymnasiet;st;0680;Jönköping;2017;11,82
N17816;Elever per lärare, gymnasiet;st;0680;Jönköping;2018;12,71
N17816;Elever per lärare, gymnasiet;st;0680;Jönköping;2019;12,87
N17816;Elever per lärare, gymnasiet;st;0680;Jönköping;2020;12,85
N17816;Elever per lärare, gymnasiet;st;0680;Jönköping;2021;12,61
N17816;Elever per lärare, gymnasiet;st;0680;Jönköping;2022;12,72
N17816;Elever per lärare, gymnasiet;st;0680;Jönköping;2023;12,46
N17816;Elever per lärare, gymnasiet;st;0680;Jönköping;2024;12,85
N17816;Elever per lärare, gymnasiet;st;0680;Jönköping;2025;12,69
N17816;Elever per lärare, gymnasiet;st;1283;Helsingborg;2015;13,49
N17816;Elever per lärare, gymnasiet;st;1283;Helsingborg;2016;13,09
N17816;Elever per lärare, gymnasiet;st;1283;Helsingborg;2017;12,96
N17816;Elever per lärare, gymnasiet;st;1283;Helsingborg;2018;13,77
N17816;Elever per lärare, gymnasiet;st;1283;Helsingborg;2019;13,91
N17816;Elever per lärare, gymnasiet;st;1283;Helsingborg;2020;14,15
N17816;Elever per lärare, gymnasiet;st;1283;Helsingborg;2021;13,88
N17816;Elever per lärare, gymnasiet;st;1283;Helsingborg;2022;14,02
N17816;Elever per lärare, gymnasiet;st;1283;Helsingborg;2023;14,07
N17816;Elever per lärare, gymnasiet;st;1283;Helsingborg;2024;13,84
N17816;Elever per lärare, gymnasiet;st;1283;Helsingborg;2025;14,38
N17816;Elever per lärare, gymnasiet;st;2480;Umeå;2015;11,18
N17816;Elever per lärare, gymnasiet;st;2480;Umeå;2016;11,63
N17816;Elever per lärare, gymnasiet;st;2480;Umeå;2017;11,09
N17816;Elever per lärare, gymnasiet;st;2480;Umeå;2018;11,05
N17816;Elever per lärare, gymnasiet;st;2480;Umeå;2019;11,08
N17816;Elever per lärare, gymnasiet;st;2480;Umeå;2020;11,41
N17816;Elever per lärare, gymnasiet;st;2480;Umeå;2021;11,24
N17816;Elever per lärare, gymnasiet;st;2480;Umeå;2022;11,16
N17816;Elever per lärare, gymnasiet;st;2480;Umeå;2023;11,33
N17816;Elever per lärare, gymnasiet;st;2480;Umeå;2024;12,09
N17816;Elever per lärare, gymnasiet;st;2480;Umeå;2025;12,02
N17816;Elever per lärare, gymnasiet;st;0000;Hela Sverige;2015;11,86
N17816;Elever per lärare, gymnasiet;st;0000;Hela Sverige;2016;11,92
N17816;Elever per lärare, gymnasiet;st;0000;Hela Sverige;2017;11,74
N17816;Elever per lärare, gymnasiet;st;0000;Hela Sverige;2018;11,93
N17816;Elever per lärare, gymnasiet;st;0000;Hela Sverige;2019;12,07
N17816;Elever per lärare, gymnasiet;st;0000;Hela Sverige;2020;12,25
N17816;Elever per lärare, gymnasiet;st;0000;Hela Sverige;2021;12,26
N17816;Elever per lärare, gymnasiet;st;0000;Hela Sverige;2022;12,19
N17816;Elever per lärare, gymnasiet;st;0000;Hela Sverige;2023;12,29
N17816;Elever per lärare, gymnasiet;st;0000;Hela Sverige;2024;12,45
N17816;Elever per lärare, gymnasiet;st;0000;Hela Sverige;2025;12,5
N17825;Legitimerade lärare, gymnasiet;%;1880;Örebro;2015;79,66
N17825;Legitimerade lärare, gymnasiet;%;1880;Örebro;2016;84,81
N17825;Legitimerade lärare, gymnasiet;%;1880;Örebro;2017;83,69
N17825;Legitimerade lärare, gymnasiet;%;1880;Örebro;2018;84,05
N17825;Legitimerade lärare, gymnasiet;%;1880;Örebro;2019;81,82
N17825;Legitimerade lärare, gymnasiet;%;1880;Örebro;2020;84,4
N17825;Legitimerade lärare, gymnasiet;%;1880;Örebro;2021;85,59
N17825;Legitimerade lärare, gymnasiet;%;1880;Örebro;2022;84,61
N17825;Legitimerade lärare, gymnasiet;%;1880;Örebro;2023;84,72
N17825;Legitimerade lärare, gymnasiet;%;1880;Örebro;2024;85,37
N17825;Legitimerade lärare, gymnasiet;%;1880;Örebro;2025;78,1
N17825;Legitimerade lärare, gymnasiet;%;0380;Uppsala;2015;75,89
N17825;Legitimerade lärare, gymnasiet;%;0380;Uppsala;2016;76,25
N17825;Legitimerade lärare, gymnasiet;%;0380;Uppsala;2017;84,93
N17825;Legitimerade lärare, gymnasiet;%;0380;Uppsala;2018;85,11
N17825;Legitimerade lärare, gymnasiet;%;0380;Uppsala;2019;87,12
N17825;Legitimerade lärare, gymnasiet;%;0380;Uppsala;2020;87,52
N17825;Legitimerade lärare, gymnasiet;%;0380;Uppsala;2021;87,98
N17825;Legitimerade lärare, gymnasiet;%;0380;Uppsala;2022;89,86
N17825;Legitimerade lärare, gymnasiet;%;0380;Uppsala;2023;90,18
N17825;Legitimerade lärare, gymnasiet;%;0380;Uppsala;2024;90,59
N17825;Legitimerade lärare, gymnasiet;%;0380;Uppsala;2025;92,1
N17825;Legitimerade lärare, gymnasiet;%;0580;Linköping;2015;80,54
N17825;Legitimerade lärare, gymnasiet;%;0580;Linköping;2016;84,57
N17825;Legitimerade lärare, gymnasiet;%;0580;Linköping;2017;84,32
N17825;Legitimerade lärare, gymnasiet;%;0580;Linköping;2018;86,04
N17825;Legitimerade lärare, gymnasiet;%;0580;Linköping;2019;84,19
N17825;Legitimerade lärare, gymnasiet;%;0580;Linköping;2020;86,5
N17825;Legitimerade lärare, gymnasiet;%;0580;Linköping;2021;85,77
N17825;Legitimerade lärare, gymnasiet;%;0580;Linköping;2022;87,38
N17825;Legitimerade lärare, gymnasiet;%;0580;Linköping;2023;88,97
N17825;Legitimerade lärare, gymnasiet;%;0580;Linköping;2024;89,36
N17825;Legitimerade lärare, gymnasiet;%;0580;Linköping;2025;86,4
N17825;Legitimerade lärare, gymnasiet;%;1980;Västerås;2015;72,51
N17825;Legitimerade lärare, gymnasiet;%;1980;Västerås;2016;75,66
N17825;Legitimerade lärare, gymnasiet;%;1980;Västerås;2017;78,76
N17825;Legitimerade lärare, gymnasiet;%;1980;Västerås;2018;79,91
N17825;Legitimerade lärare, gymnasiet;%;1980;Västerås;2019;80,5
N17825;Legitimerade lärare, gymnasiet;%;1980;Västerås;2020;79,82
N17825;Legitimerade lärare, gymnasiet;%;1980;Västerås;2021;82,29
N17825;Legitimerade lärare, gymnasiet;%;1980;Västerås;2022;78,78
N17825;Legitimerade lärare, gymnasiet;%;1980;Västerås;2023;80,62
N17825;Legitimerade lärare, gymnasiet;%;1980;Västerås;2024;84,19
N17825;Legitimerade lärare, gymnasiet;%;1980;Västerås;2025;79,4
N17825;Legitimerade lärare, gymnasiet;%;0581;Norrköping;2015;78,13
N17825;Legitimerade lärare, gymnasiet;%;0581;Norrköping;2016;78,86
N17825;Legitimerade lärare, gymnasiet;%;0581;Norrköping;2017;82,52
N17825;Legitimerade lärare, gymnasiet;%;0581;Norrköping;2018;81,17
N17825;Legitimerade lärare, gymnasiet;%;0581;Norrköping;2019;83,04
N17825;Legitimerade lärare, gymnasiet;%;0581;Norrköping;2020;82,73
N17825;Legitimerade lärare, gymnasiet;%;0581;Norrköping;2021;82,89
N17825;Legitimerade lärare, gymnasiet;%;0581;Norrköping;2022;84,6
N17825;Legitimerade lärare, gymnasiet;%;0581;Norrköping;2023;86,3
N17825;Legitimerade lärare, gymnasiet;%;0581;Norrköping;2024;82,16
N17825;Legitimerade lärare, gymnasiet;%;0581;Norrköping;2025;81,6
N17825;Legitimerade lärare, gymnasiet;%;0680;Jönköping;2015;80,89
N17825;Legitimerade lärare, gymnasiet;%;0680;Jönköping;2016;82,32
N17825;Legitimerade lärare, gymnasiet;%;0680;Jönköping;2017;81,68
N17825;Legitimerade lärare, gymnasiet;%;0680;Jönköping;2018;81,32
N17825;Legitimerade lärare, gymnasiet;%;0680;Jönköping;2019;79,76
N17825;Legitimerade lärare, gymnasiet;%;0680;Jönköping;2020;80,19
N17825;Legitimerade lärare, gymnasiet;%;0680;Jönköping;2021;81,07
N17825;Legitimerade lärare, gymnasiet;%;0680;Jönköping;2022;84,32
N17825;Legitimerade lärare, gymnasiet;%;0680;Jönköping;2023;86,14
N17825;Legitimerade lärare, gymnasiet;%;0680;Jönköping;2024;85,28
N17825;Legitimerade lärare, gymnasiet;%;0680;Jönköping;2025;82,7
N17825;Legitimerade lärare, gymnasiet;%;1283;Helsingborg;2015;70,89
N17825;Legitimerade lärare, gymnasiet;%;1283;Helsingborg;2016;74,78
N17825;Legitimerade lärare, gymnasiet;%;1283;Helsingborg;2017;74,88
N17825;Legitimerade lärare, gymnasiet;%;1283;Helsingborg;2018;76,07
N17825;Legitimerade lärare, gymnasiet;%;1283;Helsingborg;2019;73,87
N17825;Legitimerade lärare, gymnasiet;%;1283;Helsingborg;2020;74,06
N17825;Legitimerade lärare, gymnasiet;%;1283;Helsingborg;2021;74,86
N17825;Legitimerade lärare, gymnasiet;%;1283;Helsingborg;2022;74,36
N17825;Legitimerade lärare, gymnasiet;%;1283;Helsingborg;2023;75,32
N17825;Legitimerade lärare, gymnasiet;%;1283;Helsingborg;2024;75,17
N17825;Legitimerade lärare, gymnasiet;%;1283;Helsingborg;2025;73,6
N17825;Legitimerade lärare, gymnasiet;%;2480;Umeå;2015;87,84
N17825;Legitimerade lärare, gymnasiet;%;2480;Umeå;2016;87,64
N17825;Legitimerade lärare, gymnasiet;%;2480;Umeå;2017;91,22
N17825;Legitimerade lärare, gymnasiet;%;2480;Umeå;2018;91,53
N17825;Legitimerade lärare, gymnasiet;%;2480;Umeå;2019;92,46
N17825;Legitimerade lärare, gymnasiet;%;2480;Umeå;2020;93,07
N17825;Legitimerade lärare, gymnasiet;%;2480;Umeå;2021;91,6
N17825;Legitimerade lärare, gymnasiet;%;2480;Umeå;2022;90,47
N17825;Legitimerade lärare, gymnasiet;%;2480;Umeå;2023;93,73
N17825;Legitimerade lärare, gymnasiet;%;2480;Umeå;2024;94,2
N17825;Legitimerade lärare, gymnasiet;%;2480;Umeå;2025;91
N17825;Legitimerade lärare, gymnasiet;%;0000;Hela Sverige;2015;76,99
N17825;Legitimerade lärare, gymnasiet;%;0000;Hela Sverige;2016;79,59
N17825;Legitimerade lärare, gymnasiet;%;0000;Hela Sverige;2017;80,61
N17825;Legitimerade lärare, gymnasiet;%;0000;Hela Sverige;2018;81,45
N17825;Legitimerade lärare, gymnasiet;%;0000;Hela Sverige;2019;81,59
N17825;Legitimerade lärare, gymnasiet;%;0000;Hela Sverige;2020;82,41
N17825;Legitimerade lärare, gymnasiet;%;0000;Hela Sverige;2021;83,47
N17825;Legitimerade lärare, gymnasiet;%;0000;Hela Sverige;2022;83,37
N17825;Legitimerade lärare, gymnasiet;%;0000;Hela Sverige;2023;84,19
N17825;Legitimerade lärare, gymnasiet;%;0000;Hela Sverige;2024;85,28
N17825;Legitimerade lärare, gymnasiet;%;0000;Hela Sverige;2025;82
N17007;Kostnad per elev, gymnasiet;kr;1880;Örebro;2015;100924,9
N17007;Kostnad per elev, gymnasiet;kr;1880;Örebro;2016;131465
N17007;Kostnad per elev, gymnasiet;kr;1880;Örebro;2017;128646,4
N17007;Kostnad per elev, gymnasiet;kr;1880;Örebro;2018;129223,2
N17007;Kostnad per elev, gymnasiet;kr;1880;Örebro;2019;133862
N17007;Kostnad per elev, gymnasiet;kr;1880;Örebro;2020;129140,2
N17007;Kostnad per elev, gymnasiet;kr;1880;Örebro;2021;137162,5
N17007;Kostnad per elev, gymnasiet;kr;1880;Örebro;2022;142615,6
N17007;Kostnad per elev, gymnasiet;kr;1880;Örebro;2023;145680,7
N17007;Kostnad per elev, gymnasiet;kr;1880;Örebro;2024;143239,8
N17007;Kostnad per elev, gymnasiet;kr;1880;Örebro;2025;144893,6
N17007;Kostnad per elev, gymnasiet;kr;0380;Uppsala;2015;112764,5
N17007;Kostnad per elev, gymnasiet;kr;0380;Uppsala;2016;112467,3
N17007;Kostnad per elev, gymnasiet;kr;0380;Uppsala;2017;108981,5
N17007;Kostnad per elev, gymnasiet;kr;0380;Uppsala;2018;111711,1
N17007;Kostnad per elev, gymnasiet;kr;0380;Uppsala;2019;117373,3
N17007;Kostnad per elev, gymnasiet;kr;0380;Uppsala;2020;121572,7
N17007;Kostnad per elev, gymnasiet;kr;0380;Uppsala;2021;126190,2
N17007;Kostnad per elev, gymnasiet;kr;0380;Uppsala;2022;132625,7
N17007;Kostnad per elev, gymnasiet;kr;0380;Uppsala;2023;138147,8
N17007;Kostnad per elev, gymnasiet;kr;0380;Uppsala;2024;145193
N17007;Kostnad per elev, gymnasiet;kr;0380;Uppsala;2025;137421,7
N17007;Kostnad per elev, gymnasiet;kr;0580;Linköping;2015;106768
N17007;Kostnad per elev, gymnasiet;kr;0580;Linköping;2016;113609
N17007;Kostnad per elev, gymnasiet;kr;0580;Linköping;2017;114787,6
N17007;Kostnad per elev, gymnasiet;kr;0580;Linköping;2018;118578,4
N17007;Kostnad per elev, gymnasiet;kr;0580;Linköping;2019;125523,6
N17007;Kostnad per elev, gymnasiet;kr;0580;Linköping;2020;126648,1
N17007;Kostnad per elev, gymnasiet;kr;0580;Linköping;2021;130967,1
N17007;Kostnad per elev, gymnasiet;kr;0580;Linköping;2022;135872,6
N17007;Kostnad per elev, gymnasiet;kr;0580;Linköping;2023;140130,9
N17007;Kostnad per elev, gymnasiet;kr;0580;Linköping;2024;145191,6
N17007;Kostnad per elev, gymnasiet;kr;0580;Linköping;2025;147847
N17007;Kostnad per elev, gymnasiet;kr;1980;Västerås;2015;106678,4
N17007;Kostnad per elev, gymnasiet;kr;1980;Västerås;2016;117311,1
N17007;Kostnad per elev, gymnasiet;kr;1980;Västerås;2017;114803
N17007;Kostnad per elev, gymnasiet;kr;1980;Västerås;2018;120830,3
N17007;Kostnad per elev, gymnasiet;kr;1980;Västerås;2019;124672,2
N17007;Kostnad per elev, gymnasiet;kr;1980;Västerås;2020;126047,7
N17007;Kostnad per elev, gymnasiet;kr;1980;Västerås;2021;124651,2
N17007;Kostnad per elev, gymnasiet;kr;1980;Västerås;2022;131708,3
N17007;Kostnad per elev, gymnasiet;kr;1980;Västerås;2023;136857,2
N17007;Kostnad per elev, gymnasiet;kr;1980;Västerås;2024;147877,5
N17007;Kostnad per elev, gymnasiet;kr;1980;Västerås;2025;150070,1
N17007;Kostnad per elev, gymnasiet;kr;0581;Norrköping;2015;102390
N17007;Kostnad per elev, gymnasiet;kr;0581;Norrköping;2016;106471,8
N17007;Kostnad per elev, gymnasiet;kr;0581;Norrköping;2017;113445,3
N17007;Kostnad per elev, gymnasiet;kr;0581;Norrköping;2018;115912,5
N17007;Kostnad per elev, gymnasiet;kr;0581;Norrköping;2019;131345,6
N17007;Kostnad per elev, gymnasiet;kr;0581;Norrköping;2020;131345,9
N17007;Kostnad per elev, gymnasiet;kr;0581;Norrköping;2021;133676,1
N17007;Kostnad per elev, gymnasiet;kr;0581;Norrköping;2022;137052,2
N17007;Kostnad per elev, gymnasiet;kr;0581;Norrköping;2023;141536,4
N17007;Kostnad per elev, gymnasiet;kr;0581;Norrköping;2024;148597,5
N17007;Kostnad per elev, gymnasiet;kr;0581;Norrköping;2025;146808,8
N17007;Kostnad per elev, gymnasiet;kr;0680;Jönköping;2015;97298
N17007;Kostnad per elev, gymnasiet;kr;0680;Jönköping;2016;101681,4
N17007;Kostnad per elev, gymnasiet;kr;0680;Jönköping;2017;104886,8
N17007;Kostnad per elev, gymnasiet;kr;0680;Jönköping;2018;104783,3
N17007;Kostnad per elev, gymnasiet;kr;0680;Jönköping;2019;102394,2
N17007;Kostnad per elev, gymnasiet;kr;0680;Jönköping;2020;100618,1
N17007;Kostnad per elev, gymnasiet;kr;0680;Jönköping;2021;101484,9
N17007;Kostnad per elev, gymnasiet;kr;0680;Jönköping;2022;107099,5
N17007;Kostnad per elev, gymnasiet;kr;0680;Jönköping;2023;113150,1
N17007;Kostnad per elev, gymnasiet;kr;0680;Jönköping;2024;116352,7
N17007;Kostnad per elev, gymnasiet;kr;0680;Jönköping;2025;117388,1
N17007;Kostnad per elev, gymnasiet;kr;1283;Helsingborg;2015;107774,5
N17007;Kostnad per elev, gymnasiet;kr;1283;Helsingborg;2016;116625,3
N17007;Kostnad per elev, gymnasiet;kr;1283;Helsingborg;2017;123506,7
N17007;Kostnad per elev, gymnasiet;kr;1283;Helsingborg;2018;122378,7
N17007;Kostnad per elev, gymnasiet;kr;1283;Helsingborg;2019;121991,8
N17007;Kostnad per elev, gymnasiet;kr;1283;Helsingborg;2020;123211,5
N17007;Kostnad per elev, gymnasiet;kr;1283;Helsingborg;2021;130337,7
N17007;Kostnad per elev, gymnasiet;kr;1283;Helsingborg;2022;137438,6
N17007;Kostnad per elev, gymnasiet;kr;1283;Helsingborg;2023;143465,3
N17007;Kostnad per elev, gymnasiet;kr;1283;Helsingborg;2024;154042,6
N17007;Kostnad per elev, gymnasiet;kr;1283;Helsingborg;2025;156375,3
N17007;Kostnad per elev, gymnasiet;kr;2480;Umeå;2015;125987,4
N17007;Kostnad per elev, gymnasiet;kr;2480;Umeå;2016;130605
N17007;Kostnad per elev, gymnasiet;kr;2480;Umeå;2017;128606,5
N17007;Kostnad per elev, gymnasiet;kr;2480;Umeå;2018;142548,5
N17007;Kostnad per elev, gymnasiet;kr;2480;Umeå;2019;142192,6
N17007;Kostnad per elev, gymnasiet;kr;2480;Umeå;2020;140026,8
N17007;Kostnad per elev, gymnasiet;kr;2480;Umeå;2021;141339,3
N17007;Kostnad per elev, gymnasiet;kr;2480;Umeå;2022;143819,6
N17007;Kostnad per elev, gymnasiet;kr;2480;Umeå;2023;153401,3
N17007;Kostnad per elev, gymnasiet;kr;2480;Umeå;2024;161778,5
N17007;Kostnad per elev, gymnasiet;kr;2480;Umeå;2025;165654,7
N17007;Kostnad per elev, gymnasiet;kr;0000;Hela Sverige;2015;106108,2
N17007;Kostnad per elev, gymnasiet;kr;0000;Hela Sverige;2016;111741,6
N17007;Kostnad per elev, gymnasiet;kr;0000;Hela Sverige;2017;113478,1
N17007;Kostnad per elev, gymnasiet;kr;0000;Hela Sverige;2018;116702,4
N17007;Kostnad per elev, gymnasiet;kr;0000;Hela Sverige;2019;118471,8
N17007;Kostnad per elev, gymnasiet;kr;0000;Hela Sverige;2020;119178,9
N17007;Kostnad per elev, gymnasiet;kr;0000;Hela Sverige;2021;121681,1
N17007;Kostnad per elev, gymnasiet;kr;0000;Hela Sverige;2022;126366,3
N17007;Kostnad per elev, gymnasiet;kr;0000;Hela Sverige;2023;132563,1
N17007;Kostnad per elev, gymnasiet;kr;0000;Hela Sverige;2024;138307,2
N17007;Kostnad per elev, gymnasiet;kr;0000;Hela Sverige;2025;137983,2
N17673;Trygga elever, gymnasiet år 2;%;1880;Örebro;2023;90,02
N17673;Trygga elever, gymnasiet år 2;%;1880;Örebro;2024;90,02
N17673;Trygga elever, gymnasiet år 2;%;1880;Örebro;2025;90
N17673;Trygga elever, gymnasiet år 2;%;1880;Örebro;2026;90
N17673;Trygga elever, gymnasiet år 2;%;0380;Uppsala;2023;89,74
N17673;Trygga elever, gymnasiet år 2;%;0380;Uppsala;2024;89,74
N17673;Trygga elever, gymnasiet år 2;%;0380;Uppsala;2025;92,2
N17673;Trygga elever, gymnasiet år 2;%;0380;Uppsala;2026;92,2
N17673;Trygga elever, gymnasiet år 2;%;0580;Linköping;2022;89,4
N17673;Trygga elever, gymnasiet år 2;%;0580;Linköping;2023;89,4
N17673;Trygga elever, gymnasiet år 2;%;0580;Linköping;2024;86,2
N17673;Trygga elever, gymnasiet år 2;%;0580;Linköping;2025;86,2
N17673;Trygga elever, gymnasiet år 2;%;0580;Linköping;2026;88,1
N17673;Trygga elever, gymnasiet år 2;%;1980;Västerås;2023;88,25
N17673;Trygga elever, gymnasiet år 2;%;1980;Västerås;2024;88,25
N17673;Trygga elever, gymnasiet år 2;%;1980;Västerås;2025;87,1
N17673;Trygga elever, gymnasiet år 2;%;1980;Västerås;2026;87,1
N17673;Trygga elever, gymnasiet år 2;%;0581;Norrköping;2023;88,08
N17673;Trygga elever, gymnasiet år 2;%;0581;Norrköping;2024;88,08
N17673;Trygga elever, gymnasiet år 2;%;0581;Norrköping;2025;87,8
N17673;Trygga elever, gymnasiet år 2;%;0581;Norrköping;2026;87,8
N17673;Trygga elever, gymnasiet år 2;%;0680;Jönköping;2023;89,77
N17673;Trygga elever, gymnasiet år 2;%;0680;Jönköping;2024;89,77
N17673;Trygga elever, gymnasiet år 2;%;0680;Jönköping;2025;87,8
N17673;Trygga elever, gymnasiet år 2;%;0680;Jönköping;2026;87,8
N17673;Trygga elever, gymnasiet år 2;%;1283;Helsingborg;2022;90,5
N17673;Trygga elever, gymnasiet år 2;%;1283;Helsingborg;2023;90,5
N17673;Trygga elever, gymnasiet år 2;%;1283;Helsingborg;2024;85,5
N17673;Trygga elever, gymnasiet år 2;%;1283;Helsingborg;2025;85,5
N17673;Trygga elever, gymnasiet år 2;%;1283;Helsingborg;2026;89,1
N17673;Trygga elever, gymnasiet år 2;%;2480;Umeå;2023;90,61
N17673;Trygga elever, gymnasiet år 2;%;2480;Umeå;2024;90,61
N17673;Trygga elever, gymnasiet år 2;%;2480;Umeå;2025;91,4
N17673;Trygga elever, gymnasiet år 2;%;2480;Umeå;2026;91,4
