skolenhetskod;skola;skolform;matt;ar;varde
47684564;Adolfsbergsskolan 7-9;grundskola;elever;2026;520
47684564;Adolfsbergsskolan 7-9;grundskola;elever_per_larare;2026;12,8
47684564;Adolfsbergsskolan 7-9;grundskola;leg_larare;2026;73,7
47684564;Adolfsbergsskolan 7-9;grundskola;specialped;2026;2,5
47684564;Adolfsbergsskolan 7-9;grundskola;merit;2015;221,3
47684564;Adolfsbergsskolan 7-9;grundskola;merit;2016;234,7
47684564;Adolfsbergsskolan 7-9;grundskola;merit;2017;220,9
47684564;Adolfsbergsskolan 7-9;grundskola;merit;2018;227,9
47684564;Adolfsbergsskolan 7-9;grundskola;merit;2019;232,1
47684564;Adolfsbergsskolan 7-9;grundskola;merit;2020;224,5
47684564;Adolfsbergsskolan 7-9;grundskola;merit;2021;236,2
47684564;Adolfsbergsskolan 7-9;grundskola;merit;2022;237,2
47684564;Adolfsbergsskolan 7-9;grundskola;merit;2023;232,2
47684564;Adolfsbergsskolan 7-9;grundskola;merit;2024;234,1
47684564;Adolfsbergsskolan 7-9;grundskola;merit;2025;235,7
47684564;Adolfsbergsskolan 7-9;grundskola;merit;2026;224,2
47684564;Adolfsbergsskolan 7-9;grundskola;alla_amnen9;2022;80,7
47684564;Adolfsbergsskolan 7-9;grundskola;alla_amnen9;2023;80
47684564;Adolfsbergsskolan 7-9;grundskola;alla_amnen9;2024;75,8
47684564;Adolfsbergsskolan 7-9;grundskola;alla_amnen9;2025;74,6
47684564;Adolfsbergsskolan 7-9;grundskola;alla_amnen9;2026;67,4
47684564;Adolfsbergsskolan 7-9;grundskola;behorig;2022;88
47684564;Adolfsbergsskolan 7-9;grundskola;behorig;2023;88,2
47684564;Adolfsbergsskolan 7-9;grundskola;behorig;2024;91,7
47684564;Adolfsbergsskolan 7-9;grundskola;behorig;2025;92,9
47684564;Adolfsbergsskolan 7-9;grundskola;behorig;2026;83,4
47684564;Adolfsbergsskolan 7-9;grundskola;behorig_na;2026;82,3
47684564;Adolfsbergsskolan 7-9;grundskola;salsa_modell;2015;221
47684564;Adolfsbergsskolan 7-9;grundskola;salsa_modell;2016;240
47684564;Adolfsbergsskolan 7-9;grundskola;salsa_modell;2017;240
47684564;Adolfsbergsskolan 7-9;grundskola;salsa_modell;2018;244
47684564;Adolfsbergsskolan 7-9;grundskola;salsa_modell;2019;243
47684564;Adolfsbergsskolan 7-9;grundskola;salsa_modell;2020;231
47684564;Adolfsbergsskolan 7-9;grundskola;salsa_modell;2021;242
47684564;Adolfsbergsskolan 7-9;grundskola;salsa_modell;2022;250
47684564;Adolfsbergsskolan 7-9;grundskola;salsa_modell;2023;242
47684564;Adolfsbergsskolan 7-9;grundskola;salsa_modell;2024;239
47684564;Adolfsbergsskolan 7-9;grundskola;salsa_modell;2025;239
47684564;Adolfsbergsskolan 7-9;grundskola;salsa_avv;2015;0
47684564;Adolfsbergsskolan 7-9;grundskola;salsa_avv;2016;-4
47684564;Adolfsbergsskolan 7-9;grundskola;salsa_avv;2017;-19
47684564;Adolfsbergsskolan 7-9;grundskola;salsa_avv;2018;-16
47684564;Adolfsbergsskolan 7-9;grundskola;salsa_avv;2019;-11
47684564;Adolfsbergsskolan 7-9;grundskola;salsa_avv;2020;-7
47684564;Adolfsbergsskolan 7-9;grundskola;salsa_avv;2021;-6
47684564;Adolfsbergsskolan 7-9;grundskola;salsa_avv;2022;-13
47684564;Adolfsbergsskolan 7-9;grundskola;salsa_avv;2023;-10
47684564;Adolfsbergsskolan 7-9;grundskola;salsa_avv;2024;-4
47684564;Adolfsbergsskolan 7-9;grundskola;salsa_avv;2025;-4
47684564;Adolfsbergsskolan 7-9;grundskola;foraldrar_hogsk;2025;76,2
47684564;Adolfsbergsskolan 7-9;grundskola;utl_bakgrund;2025;13,3
73667404;Adolfsbergsskolan 7-9 resursskola;grundskola;elever;2026;10
73667404;Adolfsbergsskolan 7-9 resursskola;grundskola;foraldrar_hogsk;2025;50
48863032;Adolfsbergsskolan anpassad grundskola;grundskola;elever;2026;10
48863032;Adolfsbergsskolan anpassad grundskola;grundskola;elever_per_larare;2024;2,8
48863032;Adolfsbergsskolan anpassad grundskola;grundskola;leg_larare;2024;80,2
48863032;Adolfsbergsskolan anpassad grundskola;grundskola;specialped;2024;9,8
48863032;Adolfsbergsskolan anpassad grundskola;grundskola;foraldrar_hogsk;2024;50
28337496;Adolfsbergsskolan F-6;grundskola;elever;2026;340
28337496;Adolfsbergsskolan F-6;grundskola;elever_per_larare;2026;15
28337496;Adolfsbergsskolan F-6;grundskola;leg_larare;2026;73
28337496;Adolfsbergsskolan F-6;grundskola;specialped;2026;6,1
28337496;Adolfsbergsskolan F-6;grundskola;alla_amnen6;2025;73,6
28337496;Adolfsbergsskolan F-6;grundskola;foraldrar_hogsk;2025;81,9
28337496;Adolfsbergsskolan F-6;grundskola;utl_bakgrund;2025;8,2
74001219;Adolfsbergsskolan F-6 resursskola;grundskola;elever;2026;10
74001219;Adolfsbergsskolan F-6 resursskola;grundskola;elever_per_larare;2026;3,2
74001219;Adolfsbergsskolan F-6 resursskola;grundskola;leg_larare;2026;34,1
74001219;Adolfsbergsskolan F-6 resursskola;grundskola;specialped;2026;2,7
74001219;Adolfsbergsskolan F-6 resursskola;grundskola;foraldrar_hogsk;2025;58,3
26823670;Adolfsbergsskolan F-9 resursskola;grundskola;elever;2026;10
72071234;Affärsgymnasiet Örebro;gymnasieskola;elever;2026;700
72071234;Affärsgymnasiet Örebro;gymnasieskola;elever_per_larare;2026;20,3
72071234;Affärsgymnasiet Örebro;gymnasieskola;leg_larare;2026;83,4
72071234;Affärsgymnasiet Örebro;gymnasieskola;specialped;2026;5,8
72071234;Affärsgymnasiet Örebro;gymnasieskola;Ekonomiprogrammet: antagning_min;2025;195
72071234;Affärsgymnasiet Örebro;gymnasieskola;Ekonomiprogrammet: antagning_snitt;2025;247,1
72071234;Affärsgymnasiet Örebro;gymnasieskola;Ekonomiprogrammet: examen3;2023;93,9
72071234;Affärsgymnasiet Örebro;gymnasieskola;Ekonomiprogrammet: hogskolebeh;2025;96,1
72071234;Affärsgymnasiet Örebro;gymnasieskola;Ekonomiprogrammet: betygspoang;2025;15,5
72071234;Affärsgymnasiet Örebro;gymnasieskola;Ekonomiprogrammet: elever;2026;310
72071234;Affärsgymnasiet Örebro;gymnasieskola;Försäljnings- och serviceprogrammet: antagning_min;2025;177,5
72071234;Affärsgymnasiet Örebro;gymnasieskola;Försäljnings- och serviceprogrammet: antagning_snitt;2025;198,1
72071234;Affärsgymnasiet Örebro;gymnasieskola;Försäljnings- och serviceprogrammet: examen3;2023;84,6
72071234;Affärsgymnasiet Örebro;gymnasieskola;Försäljnings- och serviceprogrammet: betygspoang;2025;13,4
72071234;Affärsgymnasiet Örebro;gymnasieskola;Försäljnings- och serviceprogrammet: elever;2026;90
72071234;Affärsgymnasiet Örebro;gymnasieskola;Naturvetenskapsprogrammet: antagning_min;2025;262,5
72071234;Affärsgymnasiet Örebro;gymnasieskola;Naturvetenskapsprogrammet: antagning_snitt;2025;285,2
72071234;Affärsgymnasiet Örebro;gymnasieskola;Naturvetenskapsprogrammet: examen3;2023;84,8
72071234;Affärsgymnasiet Örebro;gymnasieskola;Naturvetenskapsprogrammet: hogskolebeh;2025;100
72071234;Affärsgymnasiet Örebro;gymnasieskola;Naturvetenskapsprogrammet: betygspoang;2025;16,2
72071234;Affärsgymnasiet Örebro;gymnasieskola;Naturvetenskapsprogrammet: elever;2026;130
72071234;Affärsgymnasiet Örebro;gymnasieskola;Samhällsvetenskapsprogrammet: antagning_min;2025;200
72071234;Affärsgymnasiet Örebro;gymnasieskola;Samhällsvetenskapsprogrammet: antagning_snitt;2025;231,8
72071234;Affärsgymnasiet Örebro;gymnasieskola;Samhällsvetenskapsprogrammet: examen3;2023;88,9
72071234;Affärsgymnasiet Örebro;gymnasieskola;Samhällsvetenskapsprogrammet: hogskolebeh;2025;91,8
72071234;Affärsgymnasiet Örebro;gymnasieskola;Samhällsvetenskapsprogrammet: betygspoang;2025;14,8
72071234;Affärsgymnasiet Örebro;gymnasieskola;Samhällsvetenskapsprogrammet: elever;2026;170
72071234;Affärsgymnasiet Örebro;gymnasieskola;examen3;2015;92,2
72071234;Affärsgymnasiet Örebro;gymnasieskola;examen3;2016;94,1
72071234;Affärsgymnasiet Örebro;gymnasieskola;examen3;2017;95,8
72071234;Affärsgymnasiet Örebro;gymnasieskola;examen3;2018;96,7
72071234;Affärsgymnasiet Örebro;gymnasieskola;examen3;2019;86,7
72071234;Affärsgymnasiet Örebro;gymnasieskola;examen3;2021;93,4
72071234;Affärsgymnasiet Örebro;gymnasieskola;examen3;2022;91,8
72071234;Affärsgymnasiet Örebro;gymnasieskola;examen3;2023;92,3
72071234;Affärsgymnasiet Örebro;gymnasieskola;examen3;2024;92,1
72071234;Affärsgymnasiet Örebro;gymnasieskola;examen3;2025;90,6
72071234;Affärsgymnasiet Örebro;gymnasieskola;hogskolebeh;2015;96,2
72071234;Affärsgymnasiet Örebro;gymnasieskola;hogskolebeh;2016;98,4
72071234;Affärsgymnasiet Örebro;gymnasieskola;hogskolebeh;2017;99,4
72071234;Affärsgymnasiet Örebro;gymnasieskola;hogskolebeh;2018;99,4
72071234;Affärsgymnasiet Örebro;gymnasieskola;hogskolebeh;2019;94,9
72071234;Affärsgymnasiet Örebro;gymnasieskola;hogskolebeh;2020;96,2
72071234;Affärsgymnasiet Örebro;gymnasieskola;hogskolebeh;2021;97,4
72071234;Affärsgymnasiet Örebro;gymnasieskola;hogskolebeh;2022;94,3
72071234;Affärsgymnasiet Örebro;gymnasieskola;hogskolebeh;2023;94,7
72071234;Affärsgymnasiet Örebro;gymnasieskola;hogskolebeh;2024;89,2
72071234;Affärsgymnasiet Örebro;gymnasieskola;hogskolebeh;2025;88,2
72071234;Affärsgymnasiet Örebro;gymnasieskola;betygspoang;2023;15,7
72071234;Affärsgymnasiet Örebro;gymnasieskola;betygspoang;2024;15,5
72071234;Affärsgymnasiet Örebro;gymnasieskola;betygspoang;2025;15,2
72071234;Affärsgymnasiet Örebro;gymnasieskola;foraldrar_hogsk;2025;54
72071234;Affärsgymnasiet Örebro;gymnasieskola;utl_bakgrund;2025;63
20662016;Almbro skola;grundskola;elever;2026;100
20662016;Almbro skola;grundskola;elever_per_larare;2026;9
20662016;Almbro skola;grundskola;leg_larare;2026;60,8
20662016;Almbro skola;grundskola;specialped;2026;4,5
20662016;Almbro skola;grundskola;foraldrar_hogsk;2025;67,7
20662016;Almbro skola;grundskola;utl_bakgrund;2025;9,1
22049573;Almby skola F-9;grundskola;elever;2026;890
22049573;Almby skola F-9;grundskola;elever_per_larare;2026;13,3
22049573;Almby skola F-9;grundskola;leg_larare;2026;74,9
22049573;Almby skola F-9;grundskola;specialped;2026;6,9
22049573;Almby skola F-9;grundskola;merit;2015;198,5
22049573;Almby skola F-9;grundskola;merit;2016;196,1
22049573;Almby skola F-9;grundskola;merit;2017;201,8
22049573;Almby skola F-9;grundskola;merit;2018;212,3
22049573;Almby skola F-9;grundskola;merit;2019;211,8
22049573;Almby skola F-9;grundskola;merit;2020;225
22049573;Almby skola F-9;grundskola;merit;2021;225,4
22049573;Almby skola F-9;grundskola;merit;2022;215,2
22049573;Almby skola F-9;grundskola;merit;2023;223,6
22049573;Almby skola F-9;grundskola;merit;2024;226,2
22049573;Almby skola F-9;grundskola;merit;2025;234,7
22049573;Almby skola F-9;grundskola;merit;2026;234,9
22049573;Almby skola F-9;grundskola;alla_amnen9;2022;75,7
22049573;Almby skola F-9;grundskola;alla_amnen9;2023;72,5
22049573;Almby skola F-9;grundskola;alla_amnen9;2024;75,9
22049573;Almby skola F-9;grundskola;alla_amnen9;2025;81,2
22049573;Almby skola F-9;grundskola;alla_amnen9;2026;81,5
22049573;Almby skola F-9;grundskola;behorig;2022;85
22049573;Almby skola F-9;grundskola;behorig;2023;85,9
22049573;Almby skola F-9;grundskola;behorig;2024;86,9
22049573;Almby skola F-9;grundskola;behorig;2025;89,9
22049573;Almby skola F-9;grundskola;behorig;2026;89,7
22049573;Almby skola F-9;grundskola;behorig_na;2026;88,4
22049573;Almby skola F-9;grundskola;alla_amnen6;2025;80
22049573;Almby skola F-9;grundskola;salsa_modell;2015;203
22049573;Almby skola F-9;grundskola;salsa_modell;2016;207
22049573;Almby skola F-9;grundskola;salsa_modell;2017;209
22049573;Almby skola F-9;grundskola;salsa_modell;2018;216
22049573;Almby skola F-9;grundskola;salsa_modell;2019;212
22049573;Almby skola F-9;grundskola;salsa_modell;2020;222
22049573;Almby skola F-9;grundskola;salsa_modell;2021;223
22049573;Almby skola F-9;grundskola;salsa_modell;2022;218
22049573;Almby skola F-9;grundskola;salsa_modell;2023;227
22049573;Almby skola F-9;grundskola;salsa_modell;2024;227
22049573;Almby skola F-9;grundskola;salsa_modell;2025;232
22049573;Almby skola F-9;grundskola;salsa_avv;2015;-4
22049573;Almby skola F-9;grundskola;salsa_avv;2016;-10
22049573;Almby skola F-9;grundskola;salsa_avv;2017;-7
22049573;Almby skola F-9;grundskola;salsa_avv;2018;-3
22049573;Almby skola F-9;grundskola;salsa_avv;2019;0
22049573;Almby skola F-9;grundskola;salsa_avv;2020;3
22049573;Almby skola F-9;grundskola;salsa_avv;2021;2
22049573;Almby skola F-9;grundskola;salsa_avv;2022;-3
22049573;Almby skola F-9;grundskola;salsa_avv;2023;-3
22049573;Almby skola F-9;grundskola;salsa_avv;2024;-1
22049573;Almby skola F-9;grundskola;salsa_avv;2025;3
22049573;Almby skola F-9;grundskola;foraldrar_hogsk;2025;78,1
22049573;Almby skola F-9;grundskola;utl_bakgrund;2025;18,1
30738069;Askers skola;grundskola;elever;2026;30
30738069;Askers skola;grundskola;elever_per_larare;2024;14,1
30738069;Askers skola;grundskola;leg_larare;2024;61,2
30738069;Askers skola;grundskola;specialped;2024;7,6
30738069;Askers skola;grundskola;foraldrar_hogsk;2025;69
61730546;Björkhagaskolan;grundskola;elever;2026;90
61730546;Björkhagaskolan;grundskola;elever_per_larare;2026;10,9
61730546;Björkhagaskolan;grundskola;leg_larare;2026;92,8
61730546;Björkhagaskolan;grundskola;specialped;2026;8,5
61730546;Björkhagaskolan;grundskola;foraldrar_hogsk;2025;70
61730546;Björkhagaskolan;grundskola;utl_bakgrund;2025;23,3
52031697;Brickebackens skola;grundskola;elever;2026;210
52031697;Brickebackens skola;grundskola;elever_per_larare;2026;9,8
52031697;Brickebackens skola;grundskola;leg_larare;2026;62,4
52031697;Brickebackens skola;grundskola;specialped;2026;8,3
52031697;Brickebackens skola;grundskola;alla_amnen6;2025;64,1
52031697;Brickebackens skola;grundskola;foraldrar_hogsk;2025;31,6
52031697;Brickebackens skola;grundskola;utl_bakgrund;2025;77,5
97446503;Brickebackens skola resursskola;grundskola;elever;2026;10
97446503;Brickebackens skola resursskola;grundskola;elever_per_larare;2026;2,4
97446503;Brickebackens skola resursskola;grundskola;leg_larare;2026;25,7
97446503;Brickebackens skola resursskola;grundskola;specialped;2026;4,8
97446503;Brickebackens skola resursskola;grundskola;utl_bakgrund;2025;41,7
30929461;Brukets skola;grundskola;elever;2026;90
30929461;Brukets skola;grundskola;elever_per_larare;2026;11,2
30929461;Brukets skola;grundskola;leg_larare;2026;84,5
30929461;Brukets skola;grundskola;specialped;2024;10,8
30929461;Brukets skola;grundskola;foraldrar_hogsk;2025;33
30929461;Brukets skola;grundskola;utl_bakgrund;2025;86,8
50047434;Brunnsskolan;grundskola;elever;2026;410
50047434;Brunnsskolan;grundskola;elever_per_larare;2026;15,4
50047434;Brunnsskolan;grundskola;leg_larare;2026;71,9
50047434;Brunnsskolan;grundskola;specialped;2026;10,2
50047434;Brunnsskolan;grundskola;alla_amnen6;2025;72,1
50047434;Brunnsskolan;grundskola;foraldrar_hogsk;2025;77,3
50047434;Brunnsskolan;grundskola;utl_bakgrund;2025;9,1
82801230;Drakenbergsskolan;grundskola;elever;2026;230
82801230;Drakenbergsskolan;grundskola;elever_per_larare;2026;11,5
82801230;Drakenbergsskolan;grundskola;leg_larare;2026;70,6
82801230;Drakenbergsskolan;grundskola;specialped;2026;9,9
82801230;Drakenbergsskolan;grundskola;alla_amnen6;2025;74,5
82801230;Drakenbergsskolan;grundskola;foraldrar_hogsk;2025;69,8
82801230;Drakenbergsskolan;grundskola;utl_bakgrund;2025;28,4
64648566;Drottning Blankas Gymnasieskola Örebro;gymnasieskola;elever;2026;320
64648566;Drottning Blankas Gymnasieskola Örebro;gymnasieskola;elever_per_larare;2026;15,3
64648566;Drottning Blankas Gymnasieskola Örebro;gymnasieskola;leg_larare;2026;84,5
64648566;Drottning Blankas Gymnasieskola Örebro;gymnasieskola;Barn- och fritidsprogrammet: antagning_min;2025;132,5
64648566;Drottning Blankas Gymnasieskola Örebro;gymnasieskola;Barn- och fritidsprogrammet: antagning_snitt;2025;167,9
64648566;Drottning Blankas Gymnasieskola Örebro;gymnasieskola;Barn- och fritidsprogrammet: betygspoang;2025;12,8
64648566;Drottning Blankas Gymnasieskola Örebro;gymnasieskola;Barn- och fritidsprogrammet: elever;2026;60
64648566;Drottning Blankas Gymnasieskola Örebro;gymnasieskola;Frisör- och stylistprogrammet: antagning_min;2025;95
64648566;Drottning Blankas Gymnasieskola Örebro;gymnasieskola;Frisör- och stylistprogrammet: antagning_snitt;2025;162,9
64648566;Drottning Blankas Gymnasieskola Örebro;gymnasieskola;Frisör- och stylistprogrammet: elever;2026;40
64648566;Drottning Blankas Gymnasieskola Örebro;gymnasieskola;Försäljnings- och serviceprogrammet: antagning_min;2025;150
64648566;Drottning Blankas Gymnasieskola Örebro;gymnasieskola;Försäljnings- och serviceprogrammet: antagning_snitt;2025;173,8
64648566;Drottning Blankas Gymnasieskola Örebro;gymnasieskola;Försäljnings- och serviceprogrammet: betygspoang;2025;11,6
64648566;Drottning Blankas Gymnasieskola Örebro;gymnasieskola;Försäljnings- och serviceprogrammet: elever;2026;50
64648566;Drottning Blankas Gymnasieskola Örebro;gymnasieskola;HV25: examen3;2021;80
64648566;Drottning Blankas Gymnasieskola Örebro;gymnasieskola;HV25: betygspoang;2024;14,2
64648566;Drottning Blankas Gymnasieskola Örebro;gymnasieskola;Introduktionsprogram, programinriktat val: examen3;2020;72,7
64648566;Drottning Blankas Gymnasieskola Örebro;gymnasieskola;Introduktionsprogram, programinriktat val: elever;2026;30
64648566;Drottning Blankas Gymnasieskola Örebro;gymnasieskola;Introduktionsprogram, yrkesintroduktion: elever;2026;10
64648566;Drottning Blankas Gymnasieskola Örebro;gymnasieskola;Samhällsvetenskapsprogrammet: antagning_min;2025;185
64648566;Drottning Blankas Gymnasieskola Örebro;gymnasieskola;Samhällsvetenskapsprogrammet: antagning_snitt;2025;210,2
64648566;Drottning Blankas Gymnasieskola Örebro;gymnasieskola;Samhällsvetenskapsprogrammet: examen3;2023;64
64648566;Drottning Blankas Gymnasieskola Örebro;gymnasieskola;Samhällsvetenskapsprogrammet: hogskolebeh;2025;79,2
64648566;Drottning Blankas Gymnasieskola Örebro;gymnasieskola;Samhällsvetenskapsprogrammet: betygspoang;2025;14
64648566;Drottning Blankas Gymnasieskola Örebro;gymnasieskola;Samhällsvetenskapsprogrammet: elever;2026;80
64648566;Drottning Blankas Gymnasieskola Örebro;gymnasieskola;Vård- och omsorgsprogrammet: antagning_min;2025;120
64648566;Drottning Blankas Gymnasieskola Örebro;gymnasieskola;Vård- och omsorgsprogrammet: antagning_snitt;2025;143,2
64648566;Drottning Blankas Gymnasieskola Örebro;gymnasieskola;Vård- och omsorgsprogrammet: elever;2026;30
64648566;Drottning Blankas Gymnasieskola Örebro;gymnasieskola;examen3;2015;71
64648566;Drottning Blankas Gymnasieskola Örebro;gymnasieskola;examen3;2016;74,6
64648566;Drottning Blankas Gymnasieskola Örebro;gymnasieskola;examen3;2017;74,6
64648566;Drottning Blankas Gymnasieskola Örebro;gymnasieskola;examen3;2018;55,6
64648566;Drottning Blankas Gymnasieskola Örebro;gymnasieskola;examen3;2019;60,8
64648566;Drottning Blankas Gymnasieskola Örebro;gymnasieskola;examen3;2021;64,3
64648566;Drottning Blankas Gymnasieskola Örebro;gymnasieskola;examen3;2022;64,8
64648566;Drottning Blankas Gymnasieskola Örebro;gymnasieskola;examen3;2023;63,9
64648566;Drottning Blankas Gymnasieskola Örebro;gymnasieskola;examen3;2024;58,9
64648566;Drottning Blankas Gymnasieskola Örebro;gymnasieskola;examen3;2025;63,2
64648566;Drottning Blankas Gymnasieskola Örebro;gymnasieskola;hogskolebeh;2015;57,6
64648566;Drottning Blankas Gymnasieskola Örebro;gymnasieskola;hogskolebeh;2016;62,7
64648566;Drottning Blankas Gymnasieskola Örebro;gymnasieskola;hogskolebeh;2017;59,7
64648566;Drottning Blankas Gymnasieskola Örebro;gymnasieskola;hogskolebeh;2018;65,8
64648566;Drottning Blankas Gymnasieskola Örebro;gymnasieskola;hogskolebeh;2019;58,3
64648566;Drottning Blankas Gymnasieskola Örebro;gymnasieskola;hogskolebeh;2020;34,7
64648566;Drottning Blankas Gymnasieskola Örebro;gymnasieskola;hogskolebeh;2021;52,4
64648566;Drottning Blankas Gymnasieskola Örebro;gymnasieskola;hogskolebeh;2022;54,8
64648566;Drottning Blankas Gymnasieskola Örebro;gymnasieskola;hogskolebeh;2023;45,1
64648566;Drottning Blankas Gymnasieskola Örebro;gymnasieskola;hogskolebeh;2024;44,6
64648566;Drottning Blankas Gymnasieskola Örebro;gymnasieskola;hogskolebeh;2025;40,9
64648566;Drottning Blankas Gymnasieskola Örebro;gymnasieskola;betygspoang;2023;13,6
64648566;Drottning Blankas Gymnasieskola Örebro;gymnasieskola;betygspoang;2024;14,2
64648566;Drottning Blankas Gymnasieskola Örebro;gymnasieskola;betygspoang;2025;13
64648566;Drottning Blankas Gymnasieskola Örebro;gymnasieskola;foraldrar_hogsk;2025;35
64648566;Drottning Blankas Gymnasieskola Örebro;gymnasieskola;utl_bakgrund;2025;51
82807694;Engelbrektsskolan;grundskola;elever;2026;550
82807694;Engelbrektsskolan;grundskola;elever_per_larare;2026;10,9
82807694;Engelbrektsskolan;grundskola;leg_larare;2026;66,7
82807694;Engelbrektsskolan;grundskola;specialped;2026;2,3
82807694;Engelbrektsskolan;grundskola;merit;2015;223
82807694;Engelbrektsskolan;grundskola;merit;2016;222,7
82807694;Engelbrektsskolan;grundskola;merit;2017;226,4
82807694;Engelbrektsskolan;grundskola;merit;2018;210,8
82807694;Engelbrektsskolan;grundskola;merit;2019;227,3
82807694;Engelbrektsskolan;grundskola;merit;2020;212
82807694;Engelbrektsskolan;grundskola;merit;2021;226,5
82807694;Engelbrektsskolan;grundskola;merit;2022;222,1
82807694;Engelbrektsskolan;grundskola;merit;2023;193,1
82807694;Engelbrektsskolan;grundskola;merit;2024;198,7
82807694;Engelbrektsskolan;grundskola;merit;2025;218,6
82807694;Engelbrektsskolan;grundskola;merit;2026;219
82807694;Engelbrektsskolan;grundskola;alla_amnen9;2022;71,1
82807694;Engelbrektsskolan;grundskola;alla_amnen9;2023;56,9
82807694;Engelbrektsskolan;grundskola;alla_amnen9;2024;56,2
82807694;Engelbrektsskolan;grundskola;alla_amnen9;2025;67,5
82807694;Engelbrektsskolan;grundskola;alla_amnen9;2026;64,8
82807694;Engelbrektsskolan;grundskola;behorig;2022;79,2
82807694;Engelbrektsskolan;grundskola;behorig;2023;72,5
82807694;Engelbrektsskolan;grundskola;behorig;2024;69,5
82807694;Engelbrektsskolan;grundskola;behorig;2025;78,1
82807694;Engelbrektsskolan;grundskola;behorig;2026;81,2
82807694;Engelbrektsskolan;grundskola;behorig_na;2026;73,3
82807694;Engelbrektsskolan;grundskola;alla_amnen6;2025;59
82807694;Engelbrektsskolan;grundskola;salsa_modell;2015;234
82807694;Engelbrektsskolan;grundskola;salsa_modell;2016;229
82807694;Engelbrektsskolan;grundskola;salsa_modell;2017;235
82807694;Engelbrektsskolan;grundskola;salsa_modell;2018;227
82807694;Engelbrektsskolan;grundskola;salsa_modell;2019;229
82807694;Engelbrektsskolan;grundskola;salsa_modell;2020;219
82807694;Engelbrektsskolan;grundskola;salsa_modell;2021;224
82807694;Engelbrektsskolan;grundskola;salsa_modell;2022;222
82807694;Engelbrektsskolan;grundskola;salsa_modell;2023;210
82807694;Engelbrektsskolan;grundskola;salsa_modell;2024;214
82807694;Engelbrektsskolan;grundskola;salsa_modell;2025;218
82807694;Engelbrektsskolan;grundskola;salsa_avv;2015;-11
82807694;Engelbrektsskolan;grundskola;salsa_avv;2016;-6
82807694;Engelbrektsskolan;grundskola;salsa_avv;2017;-8
82807694;Engelbrektsskolan;grundskola;salsa_avv;2018;-16
82807694;Engelbrektsskolan;grundskola;salsa_avv;2019;-2
82807694;Engelbrektsskolan;grundskola;salsa_avv;2020;-7
82807694;Engelbrektsskolan;grundskola;salsa_avv;2021;3
82807694;Engelbrektsskolan;grundskola;salsa_avv;2022;0
82807694;Engelbrektsskolan;grundskola;salsa_avv;2023;-17
82807694;Engelbrektsskolan;grundskola;salsa_avv;2024;-15
82807694;Engelbrektsskolan;grundskola;salsa_avv;2025;1
82807694;Engelbrektsskolan;grundskola;foraldrar_hogsk;2025;57,2
82807694;Engelbrektsskolan;grundskola;utl_bakgrund;2025;42,2
76192118;Entréskolan Örebro;grundskola;elever;2026;240
76192118;Entréskolan Örebro;grundskola;elever_per_larare;2026;13,2
76192118;Entréskolan Örebro;grundskola;leg_larare;2026;62,8
76192118;Entréskolan Örebro;grundskola;specialped;2026;10,9
76192118;Entréskolan Örebro;grundskola;merit;2024;204,1
76192118;Entréskolan Örebro;grundskola;merit;2025;232,9
76192118;Entréskolan Örebro;grundskola;merit;2026;228,9
76192118;Entréskolan Örebro;grundskola;alla_amnen9;2024;66,7
76192118;Entréskolan Örebro;grundskola;alla_amnen9;2025;79,3
76192118;Entréskolan Örebro;grundskola;alla_amnen9;2026;80,8
76192118;Entréskolan Örebro;grundskola;behorig;2024;83,3
76192118;Entréskolan Örebro;grundskola;behorig_na;2024;70
76192118;Entréskolan Örebro;grundskola;alla_amnen6;2025;66,7
76192118;Entréskolan Örebro;grundskola;salsa_modell;2024;248
76192118;Entréskolan Örebro;grundskola;salsa_modell;2025;243
76192118;Entréskolan Örebro;grundskola;salsa_avv;2024;-44
76192118;Entréskolan Örebro;grundskola;salsa_avv;2025;-10
76192118;Entréskolan Örebro;grundskola;foraldrar_hogsk;2025;72,4
76192118;Entréskolan Örebro;grundskola;utl_bakgrund;2025;12,3
40703394;Ervalla skola;grundskola;elever;2026;80
40703394;Ervalla skola;grundskola;elever_per_larare;2026;20
40703394;Ervalla skola;grundskola;leg_larare;2026;38,4
40703394;Ervalla skola;grundskola;foraldrar_hogsk;2025;61,3
40703394;Ervalla skola;grundskola;utl_bakgrund;2025;6,3
98267471;Fridhems friskola;grundskola;elever;2026;30
98267471;Fridhems friskola;grundskola;elever_per_larare;2026;8,3
98267471;Fridhems friskola;grundskola;leg_larare;2026;62,3
98267471;Fridhems friskola;grundskola;specialped;2026;10,4
98267471;Fridhems friskola;grundskola;foraldrar_hogsk;2025;71,9
98267471;Fridhems friskola;grundskola;utl_bakgrund;2024;13,9
35718563;Fyren Ekalmens skola;grundskola;elever;2026;260
35718563;Fyren Ekalmens skola;grundskola;elever_per_larare;2026;11,6
35718563;Fyren Ekalmens skola;grundskola;leg_larare;2026;75,6
35718563;Fyren Ekalmens skola;grundskola;specialped;2026;8,8
35718563;Fyren Ekalmens skola;grundskola;alla_amnen6;2025;76
35718563;Fyren Ekalmens skola;grundskola;foraldrar_hogsk;2025;92
35718563;Fyren Ekalmens skola;grundskola;utl_bakgrund;2025;8,4
88115091;Föräldrakoop. Tysslinge skola;grundskola;elever;2026;90
88115091;Föräldrakoop. Tysslinge skola;grundskola;elever_per_larare;2026;11,5
88115091;Föräldrakoop. Tysslinge skola;grundskola;leg_larare;2026;65
88115091;Föräldrakoop. Tysslinge skola;grundskola;specialped;2026;10,3
88115091;Föräldrakoop. Tysslinge skola;grundskola;foraldrar_hogsk;2025;80
88115091;Föräldrakoop. Tysslinge skola;grundskola;utl_bakgrund;2025;5,6
89477947;Garphyttans skola;grundskola;elever;2026;130
89477947;Garphyttans skola;grundskola;elever_per_larare;2026;14,8
89477947;Garphyttans skola;grundskola;leg_larare;2026;79,1
89477947;Garphyttans skola;grundskola;alla_amnen6;2025;65,2
89477947;Garphyttans skola;grundskola;foraldrar_hogsk;2025;54,2
89477947;Garphyttans skola;grundskola;utl_bakgrund;2025;9,9
17183375;Glanshammars skola;grundskola;elever;2026;290
17183375;Glanshammars skola;grundskola;elever_per_larare;2026;15,1
17183375;Glanshammars skola;grundskola;leg_larare;2026;79,3
17183375;Glanshammars skola;grundskola;specialped;2026;15,2
17183375;Glanshammars skola;grundskola;merit;2015;238,9
17183375;Glanshammars skola;grundskola;salsa_modell;2015;224
17183375;Glanshammars skola;grundskola;salsa_avv;2015;15
17183375;Glanshammars skola;grundskola;foraldrar_hogsk;2025;80,6
17183375;Glanshammars skola;grundskola;utl_bakgrund;2025;1,7
36409468;Grenadjärskolan;grundskola;elever;2026;210
36409468;Grenadjärskolan;grundskola;elever_per_larare;2026;11,9
36409468;Grenadjärskolan;grundskola;leg_larare;2026;44
36409468;Grenadjärskolan;grundskola;specialped;2026;0,9
36409468;Grenadjärskolan;grundskola;merit;2015;228,2
36409468;Grenadjärskolan;grundskola;merit;2016;263,2
36409468;Grenadjärskolan;grundskola;merit;2017;222,8
36409468;Grenadjärskolan;grundskola;merit;2018;218,6
36409468;Grenadjärskolan;grundskola;merit;2019;262,5
36409468;Grenadjärskolan;grundskola;merit;2020;216,3
36409468;Grenadjärskolan;grundskola;merit;2021;256,1
36409468;Grenadjärskolan;grundskola;merit;2022;230,3
36409468;Grenadjärskolan;grundskola;merit;2023;231,2
36409468;Grenadjärskolan;grundskola;merit;2024;250,6
36409468;Grenadjärskolan;grundskola;merit;2025;248,8
36409468;Grenadjärskolan;grundskola;merit;2026;248,6
36409468;Grenadjärskolan;grundskola;alla_amnen9;2022;76,5
36409468;Grenadjärskolan;grundskola;alla_amnen9;2023;61,9
36409468;Grenadjärskolan;grundskola;alla_amnen9;2024;76,5
36409468;Grenadjärskolan;grundskola;alla_amnen9;2025;81,8
36409468;Grenadjärskolan;grundskola;alla_amnen9;2026;81
36409468;Grenadjärskolan;grundskola;behorig_na;2023;66,7
36409468;Grenadjärskolan;grundskola;alla_amnen6;2025;72
36409468;Grenadjärskolan;grundskola;salsa_modell;2015;231
36409468;Grenadjärskolan;grundskola;salsa_modell;2016;229
36409468;Grenadjärskolan;grundskola;salsa_modell;2017;237
36409468;Grenadjärskolan;grundskola;salsa_modell;2018;246
36409468;Grenadjärskolan;grundskola;salsa_modell;2021;235
36409468;Grenadjärskolan;grundskola;salsa_modell;2022;188
36409468;Grenadjärskolan;grundskola;salsa_modell;2023;229
36409468;Grenadjärskolan;grundskola;salsa_modell;2024;219
36409468;Grenadjärskolan;grundskola;salsa_modell;2025;228
36409468;Grenadjärskolan;grundskola;salsa_avv;2015;-3
36409468;Grenadjärskolan;grundskola;salsa_avv;2016;34
36409468;Grenadjärskolan;grundskola;salsa_avv;2017;-14
36409468;Grenadjärskolan;grundskola;salsa_avv;2018;-28
36409468;Grenadjärskolan;grundskola;salsa_avv;2021;21
36409468;Grenadjärskolan;grundskola;salsa_avv;2022;42
36409468;Grenadjärskolan;grundskola;salsa_avv;2023;3
36409468;Grenadjärskolan;grundskola;salsa_avv;2024;31
36409468;Grenadjärskolan;grundskola;salsa_avv;2025;20
36409468;Grenadjärskolan;grundskola;foraldrar_hogsk;2025;68,1
36409468;Grenadjärskolan;grundskola;utl_bakgrund;2025;38,6
49739986;Grillska Gymnasiet Örebro;gymnasieskola;elever;2026;420
49739986;Grillska Gymnasiet Örebro;gymnasieskola;elever_per_larare;2026;20,7
49739986;Grillska Gymnasiet Örebro;gymnasieskola;leg_larare;2026;67,2
49739986;Grillska Gymnasiet Örebro;gymnasieskola;specialped;2026;3
49739986;Grillska Gymnasiet Örebro;gymnasieskola;Ekonomiprogrammet: antagning_min;2025;167,5
49739986;Grillska Gymnasiet Örebro;gymnasieskola;Ekonomiprogrammet: antagning_snitt;2025;213,1
49739986;Grillska Gymnasiet Örebro;gymnasieskola;Ekonomiprogrammet: examen3;2023;86,7
49739986;Grillska Gymnasiet Örebro;gymnasieskola;Ekonomiprogrammet: hogskolebeh;2025;91,5
49739986;Grillska Gymnasiet Örebro;gymnasieskola;Ekonomiprogrammet: betygspoang;2025;13,4
49739986;Grillska Gymnasiet Örebro;gymnasieskola;Ekonomiprogrammet: elever;2026;140
49739986;Grillska Gymnasiet Örebro;gymnasieskola;El- och energiprogrammet: antagning_min;2025;105
49739986;Grillska Gymnasiet Örebro;gymnasieskola;El- och energiprogrammet: antagning_snitt;2025;159,9
49739986;Grillska Gymnasiet Örebro;gymnasieskola;El- och energiprogrammet: examen3;2023;83,3
49739986;Grillska Gymnasiet Örebro;gymnasieskola;El- och energiprogrammet: hogskolebeh;2024;52,6
49739986;Grillska Gymnasiet Örebro;gymnasieskola;El- och energiprogrammet: betygspoang;2025;12,2
49739986;Grillska Gymnasiet Örebro;gymnasieskola;El- och energiprogrammet: elever;2026;70
49739986;Grillska Gymnasiet Örebro;gymnasieskola;Introduktionsprogram, programinriktat val: elever;2026;20
49739986;Grillska Gymnasiet Örebro;gymnasieskola;Naturvetenskapsprogrammet: antagning_min;2025;190
49739986;Grillska Gymnasiet Örebro;gymnasieskola;Naturvetenskapsprogrammet: antagning_snitt;2025;231,9
49739986;Grillska Gymnasiet Örebro;gymnasieskola;Naturvetenskapsprogrammet: elever;2026;40
49739986;Grillska Gymnasiet Örebro;gymnasieskola;Samhällsvetenskapsprogrammet: antagning_min;2025;175
49739986;Grillska Gymnasiet Örebro;gymnasieskola;Samhällsvetenskapsprogrammet: antagning_snitt;2025;219,8
49739986;Grillska Gymnasiet Örebro;gymnasieskola;Samhällsvetenskapsprogrammet: examen3;2023;73,2
49739986;Grillska Gymnasiet Örebro;gymnasieskola;Samhällsvetenskapsprogrammet: hogskolebeh;2025;79,2
49739986;Grillska Gymnasiet Örebro;gymnasieskola;Samhällsvetenskapsprogrammet: betygspoang;2025;13,3
49739986;Grillska Gymnasiet Örebro;gymnasieskola;Samhällsvetenskapsprogrammet: elever;2026;150
49739986;Grillska Gymnasiet Örebro;gymnasieskola;examen3;2015;82,5
49739986;Grillska Gymnasiet Örebro;gymnasieskola;examen3;2016;84,7
49739986;Grillska Gymnasiet Örebro;gymnasieskola;examen3;2017;78,9
49739986;Grillska Gymnasiet Örebro;gymnasieskola;examen3;2018;68,8
49739986;Grillska Gymnasiet Örebro;gymnasieskola;examen3;2019;81
49739986;Grillska Gymnasiet Örebro;gymnasieskola;examen3;2021;67,2
49739986;Grillska Gymnasiet Örebro;gymnasieskola;examen3;2022;82,1
49739986;Grillska Gymnasiet Örebro;gymnasieskola;examen3;2023;74,2
49739986;Grillska Gymnasiet Örebro;gymnasieskola;examen3;2024;85
49739986;Grillska Gymnasiet Örebro;gymnasieskola;examen3;2025;78,5
49739986;Grillska Gymnasiet Örebro;gymnasieskola;hogskolebeh;2015;80,5
49739986;Grillska Gymnasiet Örebro;gymnasieskola;hogskolebeh;2016;81,1
49739986;Grillska Gymnasiet Örebro;gymnasieskola;hogskolebeh;2017;87,5
49739986;Grillska Gymnasiet Örebro;gymnasieskola;hogskolebeh;2018;89
49739986;Grillska Gymnasiet Örebro;gymnasieskola;hogskolebeh;2019;71,4
49739986;Grillska Gymnasiet Örebro;gymnasieskola;hogskolebeh;2020;68,9
49739986;Grillska Gymnasiet Örebro;gymnasieskola;hogskolebeh;2021;73,1
49739986;Grillska Gymnasiet Örebro;gymnasieskola;hogskolebeh;2022;78,5
49739986;Grillska Gymnasiet Örebro;gymnasieskola;hogskolebeh;2023;80
49739986;Grillska Gymnasiet Örebro;gymnasieskola;hogskolebeh;2024;85,5
49739986;Grillska Gymnasiet Örebro;gymnasieskola;hogskolebeh;2025;78,9
49739986;Grillska Gymnasiet Örebro;gymnasieskola;betygspoang;2023;13,3
49739986;Grillska Gymnasiet Örebro;gymnasieskola;betygspoang;2024;13,4
49739986;Grillska Gymnasiet Örebro;gymnasieskola;betygspoang;2025;13,2
49739986;Grillska Gymnasiet Örebro;gymnasieskola;foraldrar_hogsk;2025;52
49739986;Grillska Gymnasiet Örebro;gymnasieskola;utl_bakgrund;2025;48
74902204;Gumaeliusskolan;grundskola;elever;2026;680
74902204;Gumaeliusskolan;grundskola;elever_per_larare;2026;12,9
74902204;Gumaeliusskolan;grundskola;leg_larare;2026;67,3
74902204;Gumaeliusskolan;grundskola;specialped;2026;3,8
74902204;Gumaeliusskolan;grundskola;merit;2015;215,5
74902204;Gumaeliusskolan;grundskola;merit;2016;208,4
74902204;Gumaeliusskolan;grundskola;merit;2017;220,4
74902204;Gumaeliusskolan;grundskola;merit;2018;212
74902204;Gumaeliusskolan;grundskola;merit;2019;221,4
74902204;Gumaeliusskolan;grundskola;merit;2020;201,9
74902204;Gumaeliusskolan;grundskola;merit;2021;199,7
74902204;Gumaeliusskolan;grundskola;merit;2022;201,7
74902204;Gumaeliusskolan;grundskola;merit;2023;202,9
74902204;Gumaeliusskolan;grundskola;merit;2024;196,5
74902204;Gumaeliusskolan;grundskola;merit;2025;203
74902204;Gumaeliusskolan;grundskola;merit;2026;201
74902204;Gumaeliusskolan;grundskola;alla_amnen9;2022;65,7
74902204;Gumaeliusskolan;grundskola;alla_amnen9;2023;66,7
74902204;Gumaeliusskolan;grundskola;alla_amnen9;2024;61,1
74902204;Gumaeliusskolan;grundskola;alla_amnen9;2025;64,5
74902204;Gumaeliusskolan;grundskola;alla_amnen9;2026;62,5
74902204;Gumaeliusskolan;grundskola;behorig;2022;75,5
74902204;Gumaeliusskolan;grundskola;behorig;2023;75,3
74902204;Gumaeliusskolan;grundskola;behorig;2024;70,3
74902204;Gumaeliusskolan;grundskola;behorig;2025;75,9
74902204;Gumaeliusskolan;grundskola;behorig;2026;70,7
74902204;Gumaeliusskolan;grundskola;behorig_na;2026;66,4
74902204;Gumaeliusskolan;grundskola;salsa_modell;2015;220
74902204;Gumaeliusskolan;grundskola;salsa_modell;2016;224
74902204;Gumaeliusskolan;grundskola;salsa_modell;2017;223
74902204;Gumaeliusskolan;grundskola;salsa_modell;2018;220
74902204;Gumaeliusskolan;grundskola;salsa_modell;2019;225
74902204;Gumaeliusskolan;grundskola;salsa_modell;2020;216
74902204;Gumaeliusskolan;grundskola;salsa_modell;2021;221
74902204;Gumaeliusskolan;grundskola;salsa_modell;2022;222
74902204;Gumaeliusskolan;grundskola;salsa_modell;2023;228
74902204;Gumaeliusskolan;grundskola;salsa_modell;2024;220
74902204;Gumaeliusskolan;grundskola;salsa_modell;2025;221
74902204;Gumaeliusskolan;grundskola;salsa_avv;2015;-4
74902204;Gumaeliusskolan;grundskola;salsa_avv;2016;-13
74902204;Gumaeliusskolan;grundskola;salsa_avv;2017;-2
74902204;Gumaeliusskolan;grundskola;salsa_avv;2018;-8
74902204;Gumaeliusskolan;grundskola;salsa_avv;2019;-3
74902204;Gumaeliusskolan;grundskola;salsa_avv;2020;-14
74902204;Gumaeliusskolan;grundskola;salsa_avv;2021;-21
74902204;Gumaeliusskolan;grundskola;salsa_avv;2022;-21
74902204;Gumaeliusskolan;grundskola;salsa_avv;2023;-25
74902204;Gumaeliusskolan;grundskola;salsa_avv;2024;-24
74902204;Gumaeliusskolan;grundskola;salsa_avv;2025;-18
74902204;Gumaeliusskolan;grundskola;foraldrar_hogsk;2025;63,6
74902204;Gumaeliusskolan;grundskola;utl_bakgrund;2025;24,2
15527821;Gumaeliusskolan resursskola;grundskola;elever;2026;10
15527821;Gumaeliusskolan resursskola;grundskola;foraldrar_hogsk;2025;50
17643323;Hagaskolan;grundskola;elever;2026;290
17643323;Hagaskolan;grundskola;elever_per_larare;2026;9,7
17643323;Hagaskolan;grundskola;leg_larare;2026;94,2
17643323;Hagaskolan;grundskola;specialped;2026;8,1
17643323;Hagaskolan;grundskola;foraldrar_hogsk;2025;34,4
17643323;Hagaskolan;grundskola;utl_bakgrund;2025;88,9
57519823;Hampetorps skola;grundskola;elever;2026;30
57519823;Hampetorps skola;grundskola;elever_per_larare;2026;9,8
57519823;Hampetorps skola;grundskola;leg_larare;2026;17,3
57519823;Hampetorps skola;grundskola;foraldrar_hogsk;2025;47,1
13390547;Hannaskolan;grundskola;elever;2026;290
13390547;Hannaskolan;grundskola;elever_per_larare;2026;12,7
13390547;Hannaskolan;grundskola;leg_larare;2026;76
13390547;Hannaskolan;grundskola;specialped;2026;4,5
13390547;Hannaskolan;grundskola;merit;2015;238,9
13390547;Hannaskolan;grundskola;merit;2016;260,4
13390547;Hannaskolan;grundskola;merit;2017;257,1
13390547;Hannaskolan;grundskola;merit;2018;247,7
13390547;Hannaskolan;grundskola;merit;2019;245,8
13390547;Hannaskolan;grundskola;merit;2020;268,9
13390547;Hannaskolan;grundskola;merit;2021;260,5
13390547;Hannaskolan;grundskola;merit;2022;242,4
13390547;Hannaskolan;grundskola;merit;2023;263,4
13390547;Hannaskolan;grundskola;merit;2024;245
13390547;Hannaskolan;grundskola;merit;2025;254
13390547;Hannaskolan;grundskola;merit;2026;257,9
13390547;Hannaskolan;grundskola;alla_amnen9;2022;80,6
13390547;Hannaskolan;grundskola;alla_amnen9;2023;93,3
13390547;Hannaskolan;grundskola;alla_amnen9;2024;81,3
13390547;Hannaskolan;grundskola;alla_amnen9;2025;86,7
13390547;Hannaskolan;grundskola;alla_amnen9;2026;84,4
13390547;Hannaskolan;grundskola;behorig;2024;89,6
13390547;Hannaskolan;grundskola;behorig;2026;100
13390547;Hannaskolan;grundskola;behorig_na;2024;89,6
13390547;Hannaskolan;grundskola;alla_amnen6;2025;73,3
13390547;Hannaskolan;grundskola;salsa_modell;2015;246
13390547;Hannaskolan;grundskola;salsa_modell;2016;249
13390547;Hannaskolan;grundskola;salsa_modell;2017;242
13390547;Hannaskolan;grundskola;salsa_modell;2018;253
13390547;Hannaskolan;grundskola;salsa_modell;2019;234
13390547;Hannaskolan;grundskola;salsa_modell;2020;248
13390547;Hannaskolan;grundskola;salsa_modell;2021;233
13390547;Hannaskolan;grundskola;salsa_modell;2022;247
13390547;Hannaskolan;grundskola;salsa_modell;2023;241
13390547;Hannaskolan;grundskola;salsa_modell;2024;240
13390547;Hannaskolan;grundskola;salsa_modell;2025;238
13390547;Hannaskolan;grundskola;salsa_avv;2015;-7
13390547;Hannaskolan;grundskola;salsa_avv;2016;11
13390547;Hannaskolan;grundskola;salsa_avv;2017;15
13390547;Hannaskolan;grundskola;salsa_avv;2018;-5
13390547;Hannaskolan;grundskola;salsa_avv;2019;12
13390547;Hannaskolan;grundskola;salsa_avv;2020;21
13390547;Hannaskolan;grundskola;salsa_avv;2021;27
13390547;Hannaskolan;grundskola;salsa_avv;2022;-4
13390547;Hannaskolan;grundskola;salsa_avv;2023;22
13390547;Hannaskolan;grundskola;salsa_avv;2024;5
13390547;Hannaskolan;grundskola;salsa_avv;2025;16
13390547;Hannaskolan;grundskola;foraldrar_hogsk;2025;76,5
13390547;Hannaskolan;grundskola;utl_bakgrund;2025;14,7
18382183;Hovstaskolan F-6;grundskola;elever;2026;350
18382183;Hovstaskolan F-6;grundskola;elever_per_larare;2026;14,9
18382183;Hovstaskolan F-6;grundskola;leg_larare;2026;70,4
18382183;Hovstaskolan F-6;grundskola;specialped;2026;4,3
18382183;Hovstaskolan F-6;grundskola;alla_amnen6;2025;76,7
18382183;Hovstaskolan F-6;grundskola;foraldrar_hogsk;2025;81,4
18382183;Hovstaskolan F-6;grundskola;utl_bakgrund;2025;10
23908629;Internationella Engelska Skolan Örebro;grundskola;elever;2026;620
23908629;Internationella Engelska Skolan Örebro;grundskola;elever_per_larare;2026;14,5
23908629;Internationella Engelska Skolan Örebro;grundskola;merit;2015;266,3
23908629;Internationella Engelska Skolan Örebro;grundskola;merit;2016;274
23908629;Internationella Engelska Skolan Örebro;grundskola;merit;2017;276,3
23908629;Internationella Engelska Skolan Örebro;grundskola;merit;2018;286,7
23908629;Internationella Engelska Skolan Örebro;grundskola;merit;2019;280,4
23908629;Internationella Engelska Skolan Örebro;grundskola;merit;2020;272,8
23908629;Internationella Engelska Skolan Örebro;grundskola;merit;2021;276
23908629;Internationella Engelska Skolan Örebro;grundskola;merit;2022;274
23908629;Internationella Engelska Skolan Örebro;grundskola;merit;2023;271,4
23908629;Internationella Engelska Skolan Örebro;grundskola;merit;2024;271,9
23908629;Internationella Engelska Skolan Örebro;grundskola;merit;2025;270,2
23908629;Internationella Engelska Skolan Örebro;grundskola;merit;2026;281,9
23908629;Internationella Engelska Skolan Örebro;grundskola;alla_amnen9;2022;93,4
23908629;Internationella Engelska Skolan Örebro;grundskola;alla_amnen9;2023;86
23908629;Internationella Engelska Skolan Örebro;grundskola;alla_amnen9;2024;88,5
23908629;Internationella Engelska Skolan Örebro;grundskola;alla_amnen9;2025;91,1
23908629;Internationella Engelska Skolan Örebro;grundskola;alla_amnen9;2026;90,3
23908629;Internationella Engelska Skolan Örebro;grundskola;behorig_na;2024;95,1
23908629;Internationella Engelska Skolan Örebro;grundskola;alla_amnen6;2025;87,9
23908629;Internationella Engelska Skolan Örebro;grundskola;salsa_modell;2015;247
23908629;Internationella Engelska Skolan Örebro;grundskola;salsa_modell;2016;247
23908629;Internationella Engelska Skolan Örebro;grundskola;salsa_modell;2017;254
23908629;Internationella Engelska Skolan Örebro;grundskola;salsa_modell;2018;263
23908629;Internationella Engelska Skolan Örebro;grundskola;salsa_modell;2019;260
23908629;Internationella Engelska Skolan Örebro;grundskola;salsa_modell;2020;261
23908629;Internationella Engelska Skolan Örebro;grundskola;salsa_modell;2021;257
23908629;Internationella Engelska Skolan Örebro;grundskola;salsa_modell;2022;254
23908629;Internationella Engelska Skolan Örebro;grundskola;salsa_modell;2023;255
23908629;Internationella Engelska Skolan Örebro;grundskola;salsa_modell;2024;253
23908629;Internationella Engelska Skolan Örebro;grundskola;salsa_modell;2025;256
23908629;Internationella Engelska Skolan Örebro;grundskola;salsa_avv;2015;19
23908629;Internationella Engelska Skolan Örebro;grundskola;salsa_avv;2016;27
23908629;Internationella Engelska Skolan Örebro;grundskola;salsa_avv;2017;22
23908629;Internationella Engelska Skolan Örebro;grundskola;salsa_avv;2018;24
23908629;Internationella Engelska Skolan Örebro;grundskola;salsa_avv;2019;21
23908629;Internationella Engelska Skolan Örebro;grundskola;salsa_avv;2020;11
23908629;Internationella Engelska Skolan Örebro;grundskola;salsa_avv;2021;19
23908629;Internationella Engelska Skolan Örebro;grundskola;salsa_avv;2022;20
23908629;Internationella Engelska Skolan Örebro;grundskola;salsa_avv;2023;16
23908629;Internationella Engelska Skolan Örebro;grundskola;salsa_avv;2024;19
23908629;Internationella Engelska Skolan Örebro;grundskola;salsa_avv;2025;14
23908629;Internationella Engelska Skolan Örebro;grundskola;foraldrar_hogsk;2025;87,7
23908629;Internationella Engelska Skolan Örebro;grundskola;utl_bakgrund;2025;13,9
39827453;Introduktionsprogrammen;gymnasieskola;elever;2026;360
39827453;Introduktionsprogrammen;gymnasieskola;elever_per_larare;2026;8,6
39827453;Introduktionsprogrammen;gymnasieskola;leg_larare;2026;48,8
39827453;Introduktionsprogrammen;gymnasieskola;specialped;2026;9
39827453;Introduktionsprogrammen;gymnasieskola;Introduktionsprogram, individuellt alternativ: elever;2026;290
39827453;Introduktionsprogrammen;gymnasieskola;Introduktionsprogram, språkintroduktion: elever;2026;70
39827453;Introduktionsprogrammen;gymnasieskola;foraldrar_hogsk;2025;31
39827453;Introduktionsprogrammen;gymnasieskola;utl_bakgrund;2025;56
94248837;JENSEN grundskola Örebro;grundskola;elever;2026;350
94248837;JENSEN grundskola Örebro;grundskola;elever_per_larare;2026;17
94248837;JENSEN grundskola Örebro;grundskola;leg_larare;2026;78,6
94248837;JENSEN grundskola Örebro;grundskola;specialped;2025;5,1
94248837;JENSEN grundskola Örebro;grundskola;merit;2015;238,8
94248837;JENSEN grundskola Örebro;grundskola;merit;2016;250,6
94248837;JENSEN grundskola Örebro;grundskola;merit;2017;265,1
94248837;JENSEN grundskola Örebro;grundskola;merit;2018;248,8
94248837;JENSEN grundskola Örebro;grundskola;merit;2019;268,9
94248837;JENSEN grundskola Örebro;grundskola;merit;2020;270
94248837;JENSEN grundskola Örebro;grundskola;merit;2021;275,6
94248837;JENSEN grundskola Örebro;grundskola;merit;2022;271
94248837;JENSEN grundskola Örebro;grundskola;merit;2023;260,3
94248837;JENSEN grundskola Örebro;grundskola;merit;2024;267,5
94248837;JENSEN grundskola Örebro;grundskola;merit;2025;272,2
94248837;JENSEN grundskola Örebro;grundskola;merit;2026;263,4
94248837;JENSEN grundskola Örebro;grundskola;alla_amnen9;2022;92,1
94248837;JENSEN grundskola Örebro;grundskola;alla_amnen9;2023;89,1
94248837;JENSEN grundskola Örebro;grundskola;alla_amnen9;2024;93,5
94248837;JENSEN grundskola Örebro;grundskola;alla_amnen9;2025;90,8
94248837;JENSEN grundskola Örebro;grundskola;alla_amnen9;2026;87,7
94248837;JENSEN grundskola Örebro;grundskola;behorig_na;2026;90,8
94248837;JENSEN grundskola Örebro;grundskola;alla_amnen6;2025;87,5
94248837;JENSEN grundskola Örebro;grundskola;salsa_modell;2015;226
94248837;JENSEN grundskola Örebro;grundskola;salsa_modell;2016;229
94248837;JENSEN grundskola Örebro;grundskola;salsa_modell;2017;244
94248837;JENSEN grundskola Örebro;grundskola;salsa_modell;2018;228
94248837;JENSEN grundskola Örebro;grundskola;salsa_modell;2019;228
94248837;JENSEN grundskola Örebro;grundskola;salsa_modell;2020;222
94248837;JENSEN grundskola Örebro;grundskola;salsa_modell;2021;243
94248837;JENSEN grundskola Örebro;grundskola;salsa_modell;2022;238
94248837;JENSEN grundskola Örebro;grundskola;salsa_modell;2023;240
94248837;JENSEN grundskola Örebro;grundskola;salsa_modell;2024;241
94248837;JENSEN grundskola Örebro;grundskola;salsa_modell;2025;236
94248837;JENSEN grundskola Örebro;grundskola;salsa_avv;2015;13
94248837;JENSEN grundskola Örebro;grundskola;salsa_avv;2016;22
94248837;JENSEN grundskola Örebro;grundskola;salsa_avv;2017;21
94248837;JENSEN grundskola Örebro;grundskola;salsa_avv;2018;21
94248837;JENSEN grundskola Örebro;grundskola;salsa_avv;2019;41
94248837;JENSEN grundskola Örebro;grundskola;salsa_avv;2020;48
94248837;JENSEN grundskola Örebro;grundskola;salsa_avv;2021;33
94248837;JENSEN grundskola Örebro;grundskola;salsa_avv;2022;33
94248837;JENSEN grundskola Örebro;grundskola;salsa_avv;2023;20
94248837;JENSEN grundskola Örebro;grundskola;salsa_avv;2024;26
94248837;JENSEN grundskola Örebro;grundskola;salsa_avv;2025;36
94248837;JENSEN grundskola Örebro;grundskola;foraldrar_hogsk;2025;78,8
94248837;JENSEN grundskola Örebro;grundskola;utl_bakgrund;2025;18,6
92192566;JENSEN Gymnasium Örebro;gymnasieskola;elever;2026;240
92192566;JENSEN Gymnasium Örebro;gymnasieskola;elever_per_larare;2026;17,6
92192566;JENSEN Gymnasium Örebro;gymnasieskola;leg_larare;2026;79,7
92192566;JENSEN Gymnasium Örebro;gymnasieskola;specialped;2022;4,9
92192566;JENSEN Gymnasium Örebro;gymnasieskola;Ekonomiprogrammet: antagning_min;2025;185
92192566;JENSEN Gymnasium Örebro;gymnasieskola;Ekonomiprogrammet: antagning_snitt;2025;203,8
92192566;JENSEN Gymnasium Örebro;gymnasieskola;Ekonomiprogrammet: examen3;2022;68,4
92192566;JENSEN Gymnasium Örebro;gymnasieskola;Ekonomiprogrammet: hogskolebeh;2024;100
92192566;JENSEN Gymnasium Örebro;gymnasieskola;Ekonomiprogrammet: betygspoang;2024;15
92192566;JENSEN Gymnasium Örebro;gymnasieskola;Ekonomiprogrammet: elever;2026;50
92192566;JENSEN Gymnasium Örebro;gymnasieskola;Naturvetenskapsprogrammet: antagning_min;2025;215
92192566;JENSEN Gymnasium Örebro;gymnasieskola;Naturvetenskapsprogrammet: antagning_snitt;2025;265,2
92192566;JENSEN Gymnasium Örebro;gymnasieskola;Naturvetenskapsprogrammet: examen3;2023;88,2
92192566;JENSEN Gymnasium Örebro;gymnasieskola;Naturvetenskapsprogrammet: hogskolebeh;2025;93,3
92192566;JENSEN Gymnasium Örebro;gymnasieskola;Naturvetenskapsprogrammet: betygspoang;2025;16,9
92192566;JENSEN Gymnasium Örebro;gymnasieskola;Naturvetenskapsprogrammet: elever;2026;70
92192566;JENSEN Gymnasium Örebro;gymnasieskola;Samhällsvetenskapsprogrammet: antagning_min;2025;197,5
92192566;JENSEN Gymnasium Örebro;gymnasieskola;Samhällsvetenskapsprogrammet: antagning_snitt;2025;228,4
92192566;JENSEN Gymnasium Örebro;gymnasieskola;Samhällsvetenskapsprogrammet: examen3;2023;78,8
92192566;JENSEN Gymnasium Örebro;gymnasieskola;Samhällsvetenskapsprogrammet: hogskolebeh;2025;91,2
92192566;JENSEN Gymnasium Örebro;gymnasieskola;Samhällsvetenskapsprogrammet: betygspoang;2025;15,4
92192566;JENSEN Gymnasium Örebro;gymnasieskola;Samhällsvetenskapsprogrammet: elever;2026;120
92192566;JENSEN Gymnasium Örebro;gymnasieskola;examen3;2015;66,7
92192566;JENSEN Gymnasium Örebro;gymnasieskola;examen3;2016;60
92192566;JENSEN Gymnasium Örebro;gymnasieskola;examen3;2017;86,5
92192566;JENSEN Gymnasium Örebro;gymnasieskola;examen3;2018;72,2
92192566;JENSEN Gymnasium Örebro;gymnasieskola;examen3;2019;65,2
92192566;JENSEN Gymnasium Örebro;gymnasieskola;examen3;2021;67,6
92192566;JENSEN Gymnasium Örebro;gymnasieskola;examen3;2022;59,2
92192566;JENSEN Gymnasium Örebro;gymnasieskola;examen3;2023;71,6
92192566;JENSEN Gymnasium Örebro;gymnasieskola;examen3;2024;73,2
92192566;JENSEN Gymnasium Örebro;gymnasieskola;examen3;2025;81,4
92192566;JENSEN Gymnasium Örebro;gymnasieskola;hogskolebeh;2015;86
92192566;JENSEN Gymnasium Örebro;gymnasieskola;hogskolebeh;2016;86,4
92192566;JENSEN Gymnasium Örebro;gymnasieskola;hogskolebeh;2017;94,7
92192566;JENSEN Gymnasium Örebro;gymnasieskola;hogskolebeh;2018;78,2
92192566;JENSEN Gymnasium Örebro;gymnasieskola;hogskolebeh;2019;81,1
92192566;JENSEN Gymnasium Örebro;gymnasieskola;hogskolebeh;2020;71,2
92192566;JENSEN Gymnasium Örebro;gymnasieskola;hogskolebeh;2021;79
92192566;JENSEN Gymnasium Örebro;gymnasieskola;hogskolebeh;2022;85,5
92192566;JENSEN Gymnasium Örebro;gymnasieskola;hogskolebeh;2023;87
92192566;JENSEN Gymnasium Örebro;gymnasieskola;hogskolebeh;2024;100
92192566;JENSEN Gymnasium Örebro;gymnasieskola;hogskolebeh;2025;91,2
92192566;JENSEN Gymnasium Örebro;gymnasieskola;betygspoang;2023;14,8
92192566;JENSEN Gymnasium Örebro;gymnasieskola;betygspoang;2024;14,8
92192566;JENSEN Gymnasium Örebro;gymnasieskola;betygspoang;2025;15,5
92192566;JENSEN Gymnasium Örebro;gymnasieskola;foraldrar_hogsk;2025;48
92192566;JENSEN Gymnasium Örebro;gymnasieskola;utl_bakgrund;2025;73
11909268;Johannaskolan Örebro Waldorfskola;grundskola;elever_per_larare;2025;8,4
11909268;Johannaskolan Örebro Waldorfskola;grundskola;merit;2015;215
11909268;Johannaskolan Örebro Waldorfskola;grundskola;merit;2016;254,8
11909268;Johannaskolan Örebro Waldorfskola;grundskola;merit;2017;213,3
11909268;Johannaskolan Örebro Waldorfskola;grundskola;merit;2018;221,8
11909268;Johannaskolan Örebro Waldorfskola;grundskola;merit;2019;232,3
11909268;Johannaskolan Örebro Waldorfskola;grundskola;merit;2020;239,4
11909268;Johannaskolan Örebro Waldorfskola;grundskola;merit;2021;260
11909268;Johannaskolan Örebro Waldorfskola;grundskola;merit;2022;223,3
11909268;Johannaskolan Örebro Waldorfskola;grundskola;merit;2023;228,7
11909268;Johannaskolan Örebro Waldorfskola;grundskola;merit;2024;251,3
11909268;Johannaskolan Örebro Waldorfskola;grundskola;merit;2025;222,8
11909268;Johannaskolan Örebro Waldorfskola;grundskola;merit;2026;251,7
11909268;Johannaskolan Örebro Waldorfskola;grundskola;alla_amnen9;2022;86,7
11909268;Johannaskolan Örebro Waldorfskola;grundskola;alla_amnen9;2023;82,6
11909268;Johannaskolan Örebro Waldorfskola;grundskola;alla_amnen9;2024;100
11909268;Johannaskolan Örebro Waldorfskola;grundskola;alla_amnen9;2025;84,2
11909268;Johannaskolan Örebro Waldorfskola;grundskola;alla_amnen9;2026;90,5
11909268;Johannaskolan Örebro Waldorfskola;grundskola;behorig;2024;100
11909268;Johannaskolan Örebro Waldorfskola;grundskola;behorig_na;2024;100
11909268;Johannaskolan Örebro Waldorfskola;grundskola;salsa_modell;2015;236
11909268;Johannaskolan Örebro Waldorfskola;grundskola;salsa_modell;2018;252
11909268;Johannaskolan Örebro Waldorfskola;grundskola;salsa_modell;2020;267
11909268;Johannaskolan Örebro Waldorfskola;grundskola;salsa_modell;2021;274
11909268;Johannaskolan Örebro Waldorfskola;grundskola;salsa_modell;2022;249
11909268;Johannaskolan Örebro Waldorfskola;grundskola;salsa_modell;2023;253
11909268;Johannaskolan Örebro Waldorfskola;grundskola;salsa_modell;2024;244
11909268;Johannaskolan Örebro Waldorfskola;grundskola;salsa_modell;2025;262
11909268;Johannaskolan Örebro Waldorfskola;grundskola;salsa_avv;2015;-21
11909268;Johannaskolan Örebro Waldorfskola;grundskola;salsa_avv;2018;-30
11909268;Johannaskolan Örebro Waldorfskola;grundskola;salsa_avv;2020;-28
11909268;Johannaskolan Örebro Waldorfskola;grundskola;salsa_avv;2021;-14
11909268;Johannaskolan Örebro Waldorfskola;grundskola;salsa_avv;2022;-25
11909268;Johannaskolan Örebro Waldorfskola;grundskola;salsa_avv;2023;-24
11909268;Johannaskolan Örebro Waldorfskola;grundskola;salsa_avv;2024;8
11909268;Johannaskolan Örebro Waldorfskola;grundskola;salsa_avv;2025;-39
11909268;Johannaskolan Örebro Waldorfskola;grundskola;foraldrar_hogsk;2024;77,8
11909268;Johannaskolan Örebro Waldorfskola;grundskola;utl_bakgrund;2024;14,4
91287311;Karlslundsskolan;grundskola;elever;2026;170
91287311;Karlslundsskolan;grundskola;elever_per_larare;2026;13,8
91287311;Karlslundsskolan;grundskola;leg_larare;2026;55,7
91287311;Karlslundsskolan;grundskola;specialped;2026;8,2
91287311;Karlslundsskolan;grundskola;alla_amnen6;2025;70
91287311;Karlslundsskolan;grundskola;foraldrar_hogsk;2025;74,4
91287311;Karlslundsskolan;grundskola;utl_bakgrund;2025;8,3
17482735;Karolinska gymnasiet ES;gymnasieskola;elever;2026;290
17482735;Karolinska gymnasiet ES;gymnasieskola;elever_per_larare;2026;9,8
17482735;Karolinska gymnasiet ES;gymnasieskola;leg_larare;2026;98,8
17482735;Karolinska gymnasiet ES;gymnasieskola;specialped;2026;3,4
17482735;Karolinska gymnasiet ES;gymnasieskola;Estetiska programmet: antagning_min;2025;197,5
17482735;Karolinska gymnasiet ES;gymnasieskola;Estetiska programmet: antagning_snitt;2025;275,5
17482735;Karolinska gymnasiet ES;gymnasieskola;Estetiska programmet: elever;2026;290
17482735;Karolinska gymnasiet ES;gymnasieskola;foraldrar_hogsk;2025;83
17482735;Karolinska gymnasiet ES;gymnasieskola;utl_bakgrund;2025;8
83979426;Karolinska gymnasiet NA;gymnasieskola;elever;2026;290
83979426;Karolinska gymnasiet NA;gymnasieskola;elever_per_larare;2026;16,2
83979426;Karolinska gymnasiet NA;gymnasieskola;leg_larare;2026;92,9
83979426;Karolinska gymnasiet NA;gymnasieskola;specialped;2026;2,8
83979426;Karolinska gymnasiet NA;gymnasieskola;Naturvetenskapsprogrammet: antagning_min;2025;252,5
83979426;Karolinska gymnasiet NA;gymnasieskola;Naturvetenskapsprogrammet: antagning_snitt;2025;298,3
83979426;Karolinska gymnasiet NA;gymnasieskola;Naturvetenskapsprogrammet: elever;2026;280
83979426;Karolinska gymnasiet NA;gymnasieskola;Samhällsvetenskapsprogrammet: elever;2026;10
83979426;Karolinska gymnasiet NA;gymnasieskola;foraldrar_hogsk;2025;78
83979426;Karolinska gymnasiet NA;gymnasieskola;utl_bakgrund;2025;37
49174017;Karolinska gymnasiet NB;gymnasieskola;elever;2026;80
49174017;Karolinska gymnasiet NB;gymnasieskola;elever_per_larare;2026;5,7
49174017;Karolinska gymnasiet NB;gymnasieskola;leg_larare;2026;90,3
49174017;Karolinska gymnasiet NB;gymnasieskola;specialped;2026;3,8
49174017;Karolinska gymnasiet NB;gymnasieskola;Introduktionsprogram, programinriktat val: elever;2026;10
49174017;Karolinska gymnasiet NB;gymnasieskola;Naturbruksprogrammet: antagning_min;2025;125
49174017;Karolinska gymnasiet NB;gymnasieskola;Naturbruksprogrammet: antagning_snitt;2025;195,9
49174017;Karolinska gymnasiet NB;gymnasieskola;Naturbruksprogrammet: elever;2026;70
49174017;Karolinska gymnasiet NB;gymnasieskola;foraldrar_hogsk;2025;63
56956709;Karolinska gymnasiet SA;gymnasieskola;elever;2026;320
56956709;Karolinska gymnasiet SA;gymnasieskola;elever_per_larare;2026;12,6
56956709;Karolinska gymnasiet SA;gymnasieskola;leg_larare;2026;94,4
56956709;Karolinska gymnasiet SA;gymnasieskola;specialped;2026;11,7
56956709;Karolinska gymnasiet SA;gymnasieskola;Introduktionsprogram, programinriktat val: elever;2026;10
56956709;Karolinska gymnasiet SA;gymnasieskola;Samhällsvetenskapsprogrammet: antagning_min;2025;180
56956709;Karolinska gymnasiet SA;gymnasieskola;Samhällsvetenskapsprogrammet: antagning_snitt;2025;266
56956709;Karolinska gymnasiet SA;gymnasieskola;Samhällsvetenskapsprogrammet: elever;2026;320
56956709;Karolinska gymnasiet SA;gymnasieskola;foraldrar_hogsk;2025;79
56956709;Karolinska gymnasiet SA;gymnasieskola;utl_bakgrund;2025;19
76018506;Kunskapsskolan Örebro;grundskola;elever;2026;420
76018506;Kunskapsskolan Örebro;grundskola;elever_per_larare;2026;14,2
76018506;Kunskapsskolan Örebro;grundskola;leg_larare;2026;94,2
76018506;Kunskapsskolan Örebro;grundskola;specialped;2026;5,1
76018506;Kunskapsskolan Örebro;grundskola;merit;2015;231,3
76018506;Kunskapsskolan Örebro;grundskola;merit;2016;235,3
76018506;Kunskapsskolan Örebro;grundskola;merit;2017;230,7
76018506;Kunskapsskolan Örebro;grundskola;merit;2018;242,3
76018506;Kunskapsskolan Örebro;grundskola;merit;2019;252,1
76018506;Kunskapsskolan Örebro;grundskola;merit;2020;247,1
76018506;Kunskapsskolan Örebro;grundskola;merit;2021;251,2
76018506;Kunskapsskolan Örebro;grundskola;merit;2022;240,2
76018506;Kunskapsskolan Örebro;grundskola;merit;2023;236,5
76018506;Kunskapsskolan Örebro;grundskola;merit;2024;240,1
76018506;Kunskapsskolan Örebro;grundskola;merit;2025;254,3
76018506;Kunskapsskolan Örebro;grundskola;merit;2026;243,7
76018506;Kunskapsskolan Örebro;grundskola;alla_amnen9;2022;90,6
76018506;Kunskapsskolan Örebro;grundskola;alla_amnen9;2023;83,7
76018506;Kunskapsskolan Örebro;grundskola;alla_amnen9;2024;84,9
76018506;Kunskapsskolan Örebro;grundskola;alla_amnen9;2025;88,5
76018506;Kunskapsskolan Örebro;grundskola;alla_amnen9;2026;89,8
76018506;Kunskapsskolan Örebro;grundskola;behorig;2024;93,4
76018506;Kunskapsskolan Örebro;grundskola;behorig;2025;94,7
76018506;Kunskapsskolan Örebro;grundskola;behorig;2026;94,1
76018506;Kunskapsskolan Örebro;grundskola;behorig_na;2026;92,4
76018506;Kunskapsskolan Örebro;grundskola;alla_amnen6;2025;85,1
76018506;Kunskapsskolan Örebro;grundskola;salsa_modell;2015;244
76018506;Kunskapsskolan Örebro;grundskola;salsa_modell;2016;245
76018506;Kunskapsskolan Örebro;grundskola;salsa_modell;2017;238
76018506;Kunskapsskolan Örebro;grundskola;salsa_modell;2018;248
76018506;Kunskapsskolan Örebro;grundskola;salsa_modell;2019;246
76018506;Kunskapsskolan Örebro;grundskola;salsa_modell;2020;253
76018506;Kunskapsskolan Örebro;grundskola;salsa_modell;2021;254
76018506;Kunskapsskolan Örebro;grundskola;salsa_modell;2022;244
76018506;Kunskapsskolan Örebro;grundskola;salsa_modell;2023;251
76018506;Kunskapsskolan Örebro;grundskola;salsa_modell;2024;243
76018506;Kunskapsskolan Örebro;grundskola;salsa_modell;2025;242
76018506;Kunskapsskolan Örebro;grundskola;salsa_avv;2015;-13
76018506;Kunskapsskolan Örebro;grundskola;salsa_avv;2016;-10
76018506;Kunskapsskolan Örebro;grundskola;salsa_avv;2017;-7
76018506;Kunskapsskolan Örebro;grundskola;salsa_avv;2018;-6
76018506;Kunskapsskolan Örebro;grundskola;salsa_avv;2019;6
76018506;Kunskapsskolan Örebro;grundskola;salsa_avv;2020;-6
76018506;Kunskapsskolan Örebro;grundskola;salsa_avv;2021;-3
76018506;Kunskapsskolan Örebro;grundskola;salsa_avv;2022;-4
76018506;Kunskapsskolan Örebro;grundskola;salsa_avv;2023;-14
76018506;Kunskapsskolan Örebro;grundskola;salsa_avv;2024;-3
76018506;Kunskapsskolan Örebro;grundskola;salsa_avv;2025;13
76018506;Kunskapsskolan Örebro;grundskola;foraldrar_hogsk;2025;80
76018506;Kunskapsskolan Örebro;grundskola;utl_bakgrund;2025;15,4
66004397;Latorps skola;grundskola;elever;2026;40
66004397;Latorps skola;grundskola;elever_per_larare;2026;13,4
66004397;Latorps skola;grundskola;leg_larare;2026;73,3
66004397;Latorps skola;grundskola;foraldrar_hogsk;2025;76,7
94207720;LBS Kreativa Gymnasiet Örebro;gymnasieskola;elever;2026;180
94207720;LBS Kreativa Gymnasiet Örebro;gymnasieskola;elever_per_larare;2026;15,3
94207720;LBS Kreativa Gymnasiet Örebro;gymnasieskola;leg_larare;2026;44,4
94207720;LBS Kreativa Gymnasiet Örebro;gymnasieskola;specialped;2026;2,6
94207720;LBS Kreativa Gymnasiet Örebro;gymnasieskola;Estetiska programmet: antagning_min;2025;135
94207720;LBS Kreativa Gymnasiet Örebro;gymnasieskola;Estetiska programmet: antagning_snitt;2025;200,3
94207720;LBS Kreativa Gymnasiet Örebro;gymnasieskola;Estetiska programmet: examen3;2023;80,5
94207720;LBS Kreativa Gymnasiet Örebro;gymnasieskola;Estetiska programmet: hogskolebeh;2025;95,2
94207720;LBS Kreativa Gymnasiet Örebro;gymnasieskola;Estetiska programmet: betygspoang;2025;14,8
94207720;LBS Kreativa Gymnasiet Örebro;gymnasieskola;Estetiska programmet: elever;2026;100
94207720;LBS Kreativa Gymnasiet Örebro;gymnasieskola;Teknikprogrammet: antagning_min;2025;182,5
94207720;LBS Kreativa Gymnasiet Örebro;gymnasieskola;Teknikprogrammet: antagning_snitt;2025;238,1
94207720;LBS Kreativa Gymnasiet Örebro;gymnasieskola;Teknikprogrammet: examen3;2023;77,4
94207720;LBS Kreativa Gymnasiet Örebro;gymnasieskola;Teknikprogrammet: hogskolebeh;2025;92,3
94207720;LBS Kreativa Gymnasiet Örebro;gymnasieskola;Teknikprogrammet: betygspoang;2025;14,3
94207720;LBS Kreativa Gymnasiet Örebro;gymnasieskola;Teknikprogrammet: elever;2026;70
94207720;LBS Kreativa Gymnasiet Örebro;gymnasieskola;examen3;2021;89,5
94207720;LBS Kreativa Gymnasiet Örebro;gymnasieskola;examen3;2022;66,7
94207720;LBS Kreativa Gymnasiet Örebro;gymnasieskola;examen3;2023;80,4
94207720;LBS Kreativa Gymnasiet Örebro;gymnasieskola;examen3;2024;74,7
94207720;LBS Kreativa Gymnasiet Örebro;gymnasieskola;examen3;2025;79,2
94207720;LBS Kreativa Gymnasiet Örebro;gymnasieskola;hogskolebeh;2021;100
94207720;LBS Kreativa Gymnasiet Örebro;gymnasieskola;hogskolebeh;2022;90,5
94207720;LBS Kreativa Gymnasiet Örebro;gymnasieskola;hogskolebeh;2023;91,5
94207720;LBS Kreativa Gymnasiet Örebro;gymnasieskola;hogskolebeh;2024;90,4
94207720;LBS Kreativa Gymnasiet Örebro;gymnasieskola;hogskolebeh;2025;94,1
94207720;LBS Kreativa Gymnasiet Örebro;gymnasieskola;betygspoang;2023;15
94207720;LBS Kreativa Gymnasiet Örebro;gymnasieskola;betygspoang;2024;14,5
94207720;LBS Kreativa Gymnasiet Örebro;gymnasieskola;betygspoang;2025;14,6
94207720;LBS Kreativa Gymnasiet Örebro;gymnasieskola;foraldrar_hogsk;2025;63
94207720;LBS Kreativa Gymnasiet Örebro;gymnasieskola;utl_bakgrund;2025;23
26831439;Lillåns skola F-9;grundskola;elever;2026;850
26831439;Lillåns skola F-9;grundskola;elever_per_larare;2026;12,4
26831439;Lillåns skola F-9;grundskola;leg_larare;2026;73,8
26831439;Lillåns skola F-9;grundskola;specialped;2026;5,8
26831439;Lillåns skola F-9;grundskola;merit;2025;218,7
26831439;Lillåns skola F-9;grundskola;merit;2026;221,9
26831439;Lillåns skola F-9;grundskola;alla_amnen9;2025;75,9
26831439;Lillåns skola F-9;grundskola;alla_amnen9;2026;69,2
26831439;Lillåns skola F-9;grundskola;behorig;2025;84
26831439;Lillåns skola F-9;grundskola;behorig;2026;80,5
26831439;Lillåns skola F-9;grundskola;behorig_na;2026;73,5
26831439;Lillåns skola F-9;grundskola;salsa_modell;2025;237
26831439;Lillåns skola F-9;grundskola;salsa_avv;2025;-18
26831439;Lillåns skola F-9;grundskola;foraldrar_hogsk;2025;74,2
26831439;Lillåns skola F-9;grundskola;utl_bakgrund;2025;19,8
31288135;Lillåns Södra skola;grundskola;elever;2026;200
31288135;Lillåns Södra skola;grundskola;elever_per_larare;2026;16,1
31288135;Lillåns Södra skola;grundskola;leg_larare;2026;93,7
31288135;Lillåns Södra skola;grundskola;specialped;2026;8,2
31288135;Lillåns Södra skola;grundskola;alla_amnen6;2025;87,8
31288135;Lillåns Södra skola;grundskola;foraldrar_hogsk;2025;81,6
31288135;Lillåns Södra skola;grundskola;utl_bakgrund;2025;15,8
69293291;Lundbyskolan;grundskola;elever;2026;270
69293291;Lundbyskolan;grundskola;elever_per_larare;2026;12,1
69293291;Lundbyskolan;grundskola;leg_larare;2026;52
69293291;Lundbyskolan;grundskola;specialped;2026;9,1
69293291;Lundbyskolan;grundskola;foraldrar_hogsk;2025;47
69293291;Lundbyskolan;grundskola;utl_bakgrund;2025;71,8
27319904;Magelungens Grundskola Örebro;grundskola;elever;2026;10
27319904;Magelungens Grundskola Örebro;grundskola;elever_per_larare;2026;2,1
27319904;Magelungens Grundskola Örebro;grundskola;leg_larare;2026;47
27319904;Magelungens Grundskola Örebro;grundskola;foraldrar_hogsk;2024;60
49973795;Mariebergsskolan;grundskola;elever;2026;250
49973795;Mariebergsskolan;grundskola;elever_per_larare;2026;14
49973795;Mariebergsskolan;grundskola;leg_larare;2026;88,8
49973795;Mariebergsskolan;grundskola;specialped;2026;3,8
49973795;Mariebergsskolan;grundskola;alla_amnen6;2025;82,5
49973795;Mariebergsskolan;grundskola;foraldrar_hogsk;2025;85,5
49973795;Mariebergsskolan;grundskola;utl_bakgrund;2025;8,5
65887080;Mellringeskolan F-9;grundskola;elever;2026;430
65887080;Mellringeskolan F-9;grundskola;elever_per_larare;2026;10,3
65887080;Mellringeskolan F-9;grundskola;leg_larare;2026;67,6
65887080;Mellringeskolan F-9;grundskola;specialped;2026;3,4
65887080;Mellringeskolan F-9;grundskola;merit;2026;203,3
65887080;Mellringeskolan F-9;grundskola;alla_amnen9;2026;56,4
65887080;Mellringeskolan F-9;grundskola;behorig;2026;67,9
65887080;Mellringeskolan F-9;grundskola;behorig_na;2026;67,9
65887080;Mellringeskolan F-9;grundskola;foraldrar_hogsk;2025;40,7
65887080;Mellringeskolan F-9;grundskola;utl_bakgrund;2025;64
64184647;Mellringeskolan F-9 resursskola;grundskola;elever;2026;20
64184647;Mellringeskolan F-9 resursskola;grundskola;elever_per_larare;2026;6,3
64184647;Mellringeskolan F-9 resursskola;grundskola;leg_larare;2026;61
64184647;Mellringeskolan F-9 resursskola;grundskola;specialped;2026;2,7
64184647;Mellringeskolan F-9 resursskola;grundskola;foraldrar_hogsk;2025;78,3
29032881;Mosjö skola;grundskola;elever;2026;240
29032881;Mosjö skola;grundskola;elever_per_larare;2026;13,4
29032881;Mosjö skola;grundskola;leg_larare;2026;75,2
29032881;Mosjö skola;grundskola;specialped;2026;5
29032881;Mosjö skola;grundskola;foraldrar_hogsk;2025;79,1
29032881;Mosjö skola;grundskola;utl_bakgrund;2025;10,5
12248380;Navet;grundskola;elever;2026;430
12248380;Navet;grundskola;elever_per_larare;2026;11,2
12248380;Navet;grundskola;leg_larare;2026;76,4
12248380;Navet;grundskola;specialped;2026;2,6
12248380;Navet;grundskola;merit;2015;189,3
12248380;Navet;grundskola;merit;2016;212,4
12248380;Navet;grundskola;merit;2017;199,2
12248380;Navet;grundskola;merit;2018;193,8
12248380;Navet;grundskola;merit;2019;224,9
12248380;Navet;grundskola;merit;2020;210
12248380;Navet;grundskola;merit;2021;219,1
12248380;Navet;grundskola;merit;2022;208,7
12248380;Navet;grundskola;merit;2023;202,4
12248380;Navet;grundskola;merit;2024;202,1
12248380;Navet;grundskola;merit;2025;184
12248380;Navet;grundskola;merit;2026;201,2
12248380;Navet;grundskola;alla_amnen9;2022;42,1
12248380;Navet;grundskola;alla_amnen9;2023;58,6
12248380;Navet;grundskola;alla_amnen9;2024;62,8
12248380;Navet;grundskola;alla_amnen9;2025;52,1
12248380;Navet;grundskola;alla_amnen9;2026;53,5
12248380;Navet;grundskola;behorig;2022;72,9
12248380;Navet;grundskola;behorig;2023;72,9
12248380;Navet;grundskola;behorig;2024;76,6
12248380;Navet;grundskola;behorig;2025;65
12248380;Navet;grundskola;behorig;2026;70,5
12248380;Navet;grundskola;behorig_na;2026;61,2
12248380;Navet;grundskola;salsa_modell;2015;195
12248380;Navet;grundskola;salsa_modell;2016;222
12248380;Navet;grundskola;salsa_modell;2017;218
12248380;Navet;grundskola;salsa_modell;2018;220
12248380;Navet;grundskola;salsa_modell;2019;246
12248380;Navet;grundskola;salsa_modell;2020;230
12248380;Navet;grundskola;salsa_modell;2021;232
12248380;Navet;grundskola;salsa_modell;2022;231
12248380;Navet;grundskola;salsa_modell;2023;217
12248380;Navet;grundskola;salsa_modell;2024;233
12248380;Navet;grundskola;salsa_modell;2025;218
12248380;Navet;grundskola;salsa_avv;2015;-6
12248380;Navet;grundskola;salsa_avv;2016;-10
12248380;Navet;grundskola;salsa_avv;2017;-19
12248380;Navet;grundskola;salsa_avv;2018;-27
12248380;Navet;grundskola;salsa_avv;2019;-21
12248380;Navet;grundskola;salsa_avv;2020;-20
12248380;Navet;grundskola;salsa_avv;2021;-13
12248380;Navet;grundskola;salsa_avv;2022;-23
12248380;Navet;grundskola;salsa_avv;2023;-15
12248380;Navet;grundskola;salsa_avv;2024;-31
12248380;Navet;grundskola;salsa_avv;2025;-34
12248380;Navet;grundskola;foraldrar_hogsk;2025;63,3
12248380;Navet;grundskola;utl_bakgrund;2025;36,7
14513548;Norrbyskolan;grundskola;elever;2026;580
14513548;Norrbyskolan;grundskola;elever_per_larare;2026;14
14513548;Norrbyskolan;grundskola;leg_larare;2026;28,8
14513548;Norrbyskolan;grundskola;specialped;2026;2,4
14513548;Norrbyskolan;grundskola;alla_amnen6;2025;73,6
14513548;Norrbyskolan;grundskola;foraldrar_hogsk;2025;74,7
14513548;Norrbyskolan;grundskola;utl_bakgrund;2025;19,8
29225010;NTI Gymnasiet Örebro;gymnasieskola;elever;2026;160
29225010;NTI Gymnasiet Örebro;gymnasieskola;elever_per_larare;2026;15,2
29225010;NTI Gymnasiet Örebro;gymnasieskola;leg_larare;2026;89,2
29225010;NTI Gymnasiet Örebro;gymnasieskola;specialped;2026;9,7
29225010;NTI Gymnasiet Örebro;gymnasieskola;El- och energiprogrammet: antagning_min;2025;95
29225010;NTI Gymnasiet Örebro;gymnasieskola;El- och energiprogrammet: antagning_snitt;2025;145,3
29225010;NTI Gymnasiet Örebro;gymnasieskola;El- och energiprogrammet: examen3;2023;100
29225010;NTI Gymnasiet Örebro;gymnasieskola;El- och energiprogrammet: hogskolebeh;2025;75
29225010;NTI Gymnasiet Örebro;gymnasieskola;El- och energiprogrammet: betygspoang;2025;13,5
29225010;NTI Gymnasiet Örebro;gymnasieskola;El- och energiprogrammet: elever;2026;70
29225010;NTI Gymnasiet Örebro;gymnasieskola;Estetiska programmet: antagning_min;2025;135
29225010;NTI Gymnasiet Örebro;gymnasieskola;Estetiska programmet: antagning_snitt;2025;183,1
29225010;NTI Gymnasiet Örebro;gymnasieskola;Estetiska programmet: examen3;2019;100
29225010;NTI Gymnasiet Örebro;gymnasieskola;Estetiska programmet: elever;2026;10
29225010;NTI Gymnasiet Örebro;gymnasieskola;Introduktionsprogram, programinriktat val: elever;2026;10
29225010;NTI Gymnasiet Örebro;gymnasieskola;Teknikprogrammet: antagning_min;2025;167,5
29225010;NTI Gymnasiet Örebro;gymnasieskola;Teknikprogrammet: antagning_snitt;2025;235
29225010;NTI Gymnasiet Örebro;gymnasieskola;Teknikprogrammet: examen3;2023;85,7
29225010;NTI Gymnasiet Örebro;gymnasieskola;Teknikprogrammet: hogskolebeh;2025;95
29225010;NTI Gymnasiet Örebro;gymnasieskola;Teknikprogrammet: betygspoang;2025;15,1
29225010;NTI Gymnasiet Örebro;gymnasieskola;Teknikprogrammet: elever;2026;70
29225010;NTI Gymnasiet Örebro;gymnasieskola;examen3;2015;51
29225010;NTI Gymnasiet Örebro;gymnasieskola;examen3;2016;66,1
29225010;NTI Gymnasiet Örebro;gymnasieskola;examen3;2017;73,3
29225010;NTI Gymnasiet Örebro;gymnasieskola;examen3;2018;66
29225010;NTI Gymnasiet Örebro;gymnasieskola;examen3;2019;62
29225010;NTI Gymnasiet Örebro;gymnasieskola;examen3;2021;72,5
29225010;NTI Gymnasiet Örebro;gymnasieskola;examen3;2022;88
29225010;NTI Gymnasiet Örebro;gymnasieskola;examen3;2023;82,4
29225010;NTI Gymnasiet Örebro;gymnasieskola;examen3;2024;79,7
29225010;NTI Gymnasiet Örebro;gymnasieskola;examen3;2025;82,9
29225010;NTI Gymnasiet Örebro;gymnasieskola;hogskolebeh;2015;43,6
29225010;NTI Gymnasiet Örebro;gymnasieskola;hogskolebeh;2016;60,9
29225010;NTI Gymnasiet Örebro;gymnasieskola;hogskolebeh;2017;78,6
29225010;NTI Gymnasiet Örebro;gymnasieskola;hogskolebeh;2018;54,9
29225010;NTI Gymnasiet Örebro;gymnasieskola;hogskolebeh;2019;57,7
29225010;NTI Gymnasiet Örebro;gymnasieskola;hogskolebeh;2020;56,8
29225010;NTI Gymnasiet Örebro;gymnasieskola;hogskolebeh;2021;61,9
29225010;NTI Gymnasiet Örebro;gymnasieskola;hogskolebeh;2022;64,7
29225010;NTI Gymnasiet Örebro;gymnasieskola;hogskolebeh;2023;61,5
29225010;NTI Gymnasiet Örebro;gymnasieskola;hogskolebeh;2024;62,3
29225010;NTI Gymnasiet Örebro;gymnasieskola;hogskolebeh;2025;87,8
29225010;NTI Gymnasiet Örebro;gymnasieskola;betygspoang;2023;13,2
29225010;NTI Gymnasiet Örebro;gymnasieskola;betygspoang;2024;14,5
29225010;NTI Gymnasiet Örebro;gymnasieskola;betygspoang;2025;13,8
29225010;NTI Gymnasiet Örebro;gymnasieskola;foraldrar_hogsk;2025;62
29225010;NTI Gymnasiet Örebro;gymnasieskola;utl_bakgrund;2025;44
73709415;Närkes Kils skola;grundskola;elever;2026;90
73709415;Närkes Kils skola;grundskola;elever_per_larare;2026;13,2
73709415;Närkes Kils skola;grundskola;leg_larare;2026;84,1
73709415;Närkes Kils skola;grundskola;specialped;2026;6,3
73709415;Närkes Kils skola;grundskola;foraldrar_hogsk;2025;76,6
66382532;Odenskolan;grundskola;elever;2026;280
66382532;Odenskolan;grundskola;elever_per_larare;2026;12,7
66382532;Odenskolan;grundskola;leg_larare;2026;59,9
66382532;Odenskolan;grundskola;specialped;2026;8,7
66382532;Odenskolan;grundskola;merit;2015;226,7
66382532;Odenskolan;grundskola;merit;2016;205,3
66382532;Odenskolan;grundskola;merit;2017;221,9
66382532;Odenskolan;grundskola;merit;2018;199,5
66382532;Odenskolan;grundskola;merit;2019;217,8
66382532;Odenskolan;grundskola;merit;2020;203,5
66382532;Odenskolan;grundskola;merit;2021;218,8
66382532;Odenskolan;grundskola;merit;2022;211,4
66382532;Odenskolan;grundskola;merit;2023;194,8
66382532;Odenskolan;grundskola;merit;2024;195,4
66382532;Odenskolan;grundskola;merit;2025;175,5
66382532;Odenskolan;grundskola;merit;2026;184
66382532;Odenskolan;grundskola;alla_amnen9;2022;64,4
66382532;Odenskolan;grundskola;alla_amnen9;2023;57,7
66382532;Odenskolan;grundskola;alla_amnen9;2024;37,5
66382532;Odenskolan;grundskola;alla_amnen9;2025;41,9
66382532;Odenskolan;grundskola;alla_amnen9;2026;51,4
66382532;Odenskolan;grundskola;behorig;2022;73,3
66382532;Odenskolan;grundskola;behorig;2023;78,8
66382532;Odenskolan;grundskola;behorig;2024;62,5
66382532;Odenskolan;grundskola;behorig;2025;58,1
66382532;Odenskolan;grundskola;behorig;2026;62,2
66382532;Odenskolan;grundskola;behorig_na;2026;59,5
66382532;Odenskolan;grundskola;alla_amnen6;2025;35,5
66382532;Odenskolan;grundskola;salsa_modell;2015;217
66382532;Odenskolan;grundskola;salsa_modell;2016;209
66382532;Odenskolan;grundskola;salsa_modell;2017;227
66382532;Odenskolan;grundskola;salsa_modell;2018;201
66382532;Odenskolan;grundskola;salsa_modell;2019;220
66382532;Odenskolan;grundskola;salsa_modell;2020;221
66382532;Odenskolan;grundskola;salsa_modell;2021;234
66382532;Odenskolan;grundskola;salsa_modell;2022;218
66382532;Odenskolan;grundskola;salsa_modell;2023;216
66382532;Odenskolan;grundskola;salsa_modell;2024;215
66382532;Odenskolan;grundskola;salsa_modell;2025;207
66382532;Odenskolan;grundskola;salsa_avv;2015;10
66382532;Odenskolan;grundskola;salsa_avv;2016;2
66382532;Odenskolan;grundskola;salsa_avv;2017;-5
66382532;Odenskolan;grundskola;salsa_avv;2018;-2
66382532;Odenskolan;grundskola;salsa_avv;2019;-2
66382532;Odenskolan;grundskola;salsa_avv;2020;-17
66382532;Odenskolan;grundskola;salsa_avv;2021;-15
66382532;Odenskolan;grundskola;salsa_avv;2022;-6
66382532;Odenskolan;grundskola;salsa_avv;2023;-21
66382532;Odenskolan;grundskola;salsa_avv;2024;-20
66382532;Odenskolan;grundskola;salsa_avv;2025;-31
66382532;Odenskolan;grundskola;foraldrar_hogsk;2025;46
66382532;Odenskolan;grundskola;utl_bakgrund;2025;6,1
54364658;Olaus Petriskolan 7-9;grundskola;elever;2026;530
54364658;Olaus Petriskolan 7-9;grundskola;elever_per_larare;2026;12,1
54364658;Olaus Petriskolan 7-9;grundskola;leg_larare;2026;82
54364658;Olaus Petriskolan 7-9;grundskola;specialped;2026;6,8
54364658;Olaus Petriskolan 7-9;grundskola;merit;2026;200,5
54364658;Olaus Petriskolan 7-9;grundskola;alla_amnen9;2025;52,2
54364658;Olaus Petriskolan 7-9;grundskola;alla_amnen9;2026;57,7
54364658;Olaus Petriskolan 7-9;grundskola;behorig;2025;68,8
54364658;Olaus Petriskolan 7-9;grundskola;behorig;2026;74,1
54364658;Olaus Petriskolan 7-9;grundskola;behorig_na;2026;65,6
54364658;Olaus Petriskolan 7-9;grundskola;salsa_modell;2025;207
54364658;Olaus Petriskolan 7-9;grundskola;salsa_avv;2025;-15
54364658;Olaus Petriskolan 7-9;grundskola;foraldrar_hogsk;2025;52,4
54364658;Olaus Petriskolan 7-9;grundskola;utl_bakgrund;2025;54,9
93918784;Olaus Petriskolan F-6;grundskola;elever;2026;300
93918784;Olaus Petriskolan F-6;grundskola;elever_per_larare;2026;12,5
93918784;Olaus Petriskolan F-6;grundskola;leg_larare;2026;82,4
93918784;Olaus Petriskolan F-6;grundskola;specialped;2026;12,7
93918784;Olaus Petriskolan F-6;grundskola;foraldrar_hogsk;2025;53,9
93918784;Olaus Petriskolan F-6;grundskola;utl_bakgrund;2025;40,7
33380258;Olaus Petriskolan F-6 resursskola;grundskola;elever;2026;10
33380258;Olaus Petriskolan F-6 resursskola;grundskola;foraldrar_hogsk;2025;58,3
28067210;Pops Academy Karl Johan;grundskola;elever;2026;550
28067210;Pops Academy Karl Johan;grundskola;elever_per_larare;2026;13,7
28067210;Pops Academy Karl Johan;grundskola;leg_larare;2026;91,5
28067210;Pops Academy Karl Johan;grundskola;specialped;2026;5
28067210;Pops Academy Karl Johan;grundskola;merit;2015;269,9
28067210;Pops Academy Karl Johan;grundskola;merit;2016;263,8
28067210;Pops Academy Karl Johan;grundskola;merit;2017;266,2
28067210;Pops Academy Karl Johan;grundskola;merit;2018;257,8
28067210;Pops Academy Karl Johan;grundskola;merit;2019;262,4
28067210;Pops Academy Karl Johan;grundskola;merit;2020;266,6
28067210;Pops Academy Karl Johan;grundskola;merit;2021;281
28067210;Pops Academy Karl Johan;grundskola;merit;2022;254,4
28067210;Pops Academy Karl Johan;grundskola;merit;2023;270,3
28067210;Pops Academy Karl Johan;grundskola;merit;2024;263
28067210;Pops Academy Karl Johan;grundskola;merit;2025;262,2
28067210;Pops Academy Karl Johan;grundskola;merit;2026;270,2
28067210;Pops Academy Karl Johan;grundskola;alla_amnen9;2022;83,1
28067210;Pops Academy Karl Johan;grundskola;alla_amnen9;2023;94,7
28067210;Pops Academy Karl Johan;grundskola;alla_amnen9;2024;90,2
28067210;Pops Academy Karl Johan;grundskola;alla_amnen9;2025;85,7
28067210;Pops Academy Karl Johan;grundskola;alla_amnen9;2026;94,6
28067210;Pops Academy Karl Johan;grundskola;behorig;2022;94,4
28067210;Pops Academy Karl Johan;grundskola;behorig;2023;100
28067210;Pops Academy Karl Johan;grundskola;behorig;2025;92,3
28067210;Pops Academy Karl Johan;grundskola;behorig_na;2025;89
28067210;Pops Academy Karl Johan;grundskola;alla_amnen6;2025;85,6
28067210;Pops Academy Karl Johan;grundskola;salsa_modell;2015;258
28067210;Pops Academy Karl Johan;grundskola;salsa_modell;2016;264
28067210;Pops Academy Karl Johan;grundskola;salsa_modell;2017;269
28067210;Pops Academy Karl Johan;grundskola;salsa_modell;2018;262
28067210;Pops Academy Karl Johan;grundskola;salsa_modell;2019;265
28067210;Pops Academy Karl Johan;grundskola;salsa_modell;2020;265
28067210;Pops Academy Karl Johan;grundskola;salsa_modell;2021;261
28067210;Pops Academy Karl Johan;grundskola;salsa_modell;2022;252
28067210;Pops Academy Karl Johan;grundskola;salsa_modell;2023;258
28067210;Pops Academy Karl Johan;grundskola;salsa_modell;2024;260
28067210;Pops Academy Karl Johan;grundskola;salsa_modell;2025;257
28067210;Pops Academy Karl Johan;grundskola;salsa_avv;2015;12
28067210;Pops Academy Karl Johan;grundskola;salsa_avv;2016;0
28067210;Pops Academy Karl Johan;grundskola;salsa_avv;2017;-3
28067210;Pops Academy Karl Johan;grundskola;salsa_avv;2018;-5
28067210;Pops Academy Karl Johan;grundskola;salsa_avv;2019;-3
28067210;Pops Academy Karl Johan;grundskola;salsa_avv;2020;2
28067210;Pops Academy Karl Johan;grundskola;salsa_avv;2021;19
28067210;Pops Academy Karl Johan;grundskola;salsa_avv;2022;2
28067210;Pops Academy Karl Johan;grundskola;salsa_avv;2023;12
28067210;Pops Academy Karl Johan;grundskola;salsa_avv;2024;3
28067210;Pops Academy Karl Johan;grundskola;salsa_avv;2025;5
28067210;Pops Academy Karl Johan;grundskola;foraldrar_hogsk;2025;89,6
28067210;Pops Academy Karl Johan;grundskola;utl_bakgrund;2025;14,1
18691102;Praktiska Gymnasiet Örebro;gymnasieskola;elever;2026;310
18691102;Praktiska Gymnasiet Örebro;gymnasieskola;elever_per_larare;2026;14,3
18691102;Praktiska Gymnasiet Örebro;gymnasieskola;leg_larare;2026;70,8
18691102;Praktiska Gymnasiet Örebro;gymnasieskola;Bygg- och anläggningsprogrammet: antagning_min;2025;82,5
18691102;Praktiska Gymnasiet Örebro;gymnasieskola;Bygg- och anläggningsprogrammet: antagning_snitt;2025;136,4
18691102;Praktiska Gymnasiet Örebro;gymnasieskola;Bygg- och anläggningsprogrammet: betygspoang;2025;12,4
18691102;Praktiska Gymnasiet Örebro;gymnasieskola;Bygg- och anläggningsprogrammet: elever;2026;40
18691102;Praktiska Gymnasiet Örebro;gymnasieskola;El- och energiprogrammet: antagning_min;2025;105
18691102;Praktiska Gymnasiet Örebro;gymnasieskola;El- och energiprogrammet: antagning_snitt;2025;192
18691102;Praktiska Gymnasiet Örebro;gymnasieskola;El- och energiprogrammet: examen3;2022;89,5
18691102;Praktiska Gymnasiet Örebro;gymnasieskola;El- och energiprogrammet: betygspoang;2025;12,6
18691102;Praktiska Gymnasiet Örebro;gymnasieskola;El- och energiprogrammet: elever;2026;80
18691102;Praktiska Gymnasiet Örebro;gymnasieskola;Fordons- och transportprogrammet: antagning_min;2025;112,5
18691102;Praktiska Gymnasiet Örebro;gymnasieskola;Fordons- och transportprogrammet: antagning_snitt;2025;190,5
18691102;Praktiska Gymnasiet Örebro;gymnasieskola;Fordons- och transportprogrammet: elever;2026;30
18691102;Praktiska Gymnasiet Örebro;gymnasieskola;Industritekniska programmet: antagning_min;2025;97,5
18691102;Praktiska Gymnasiet Örebro;gymnasieskola;Industritekniska programmet: antagning_snitt;2025;143
18691102;Praktiska Gymnasiet Örebro;gymnasieskola;Industritekniska programmet: elever;2026;20
18691102;Praktiska Gymnasiet Örebro;gymnasieskola;Introduktionsprogram, programinriktat val: examen3;2020;47,6
18691102;Praktiska Gymnasiet Örebro;gymnasieskola;Introduktionsprogram, programinriktat val: elever;2026;60
18691102;Praktiska Gymnasiet Örebro;gymnasieskola;Introduktionsprogram, yrkesintroduktion: elever;2026;60
18691102;Praktiska Gymnasiet Örebro;gymnasieskola;VVS- och fastighetsprogrammet: antagning_min;2025;95
18691102;Praktiska Gymnasiet Örebro;gymnasieskola;VVS- och fastighetsprogrammet: antagning_snitt;2025;148,8
18691102;Praktiska Gymnasiet Örebro;gymnasieskola;VVS- och fastighetsprogrammet: elever;2026;30
18691102;Praktiska Gymnasiet Örebro;gymnasieskola;examen3;2015;64,4
18691102;Praktiska Gymnasiet Örebro;gymnasieskola;examen3;2016;56,3
18691102;Praktiska Gymnasiet Örebro;gymnasieskola;examen3;2017;45,7
18691102;Praktiska Gymnasiet Örebro;gymnasieskola;examen3;2019;56,4
18691102;Praktiska Gymnasiet Örebro;gymnasieskola;examen3;2021;51,9
18691102;Praktiska Gymnasiet Örebro;gymnasieskola;examen3;2022;50,9
18691102;Praktiska Gymnasiet Örebro;gymnasieskola;examen3;2023;51,9
18691102;Praktiska Gymnasiet Örebro;gymnasieskola;examen3;2024;61,7
18691102;Praktiska Gymnasiet Örebro;gymnasieskola;examen3;2025;58,1
18691102;Praktiska Gymnasiet Örebro;gymnasieskola;hogskolebeh;2019;52
18691102;Praktiska Gymnasiet Örebro;gymnasieskola;betygspoang;2023;12,8
18691102;Praktiska Gymnasiet Örebro;gymnasieskola;betygspoang;2024;12,2
18691102;Praktiska Gymnasiet Örebro;gymnasieskola;betygspoang;2025;12,4
18691102;Praktiska Gymnasiet Örebro;gymnasieskola;foraldrar_hogsk;2025;37
18691102;Praktiska Gymnasiet Örebro;gymnasieskola;utl_bakgrund;2025;38
70302356;Proffsgymnasiet;gymnasieskola;elever;2026;170
70302356;Proffsgymnasiet;gymnasieskola;elever_per_larare;2026;13,1
70302356;Proffsgymnasiet;gymnasieskola;leg_larare;2026;76,2
70302356;Proffsgymnasiet;gymnasieskola;specialped;2026;4,6
70302356;Proffsgymnasiet;gymnasieskola;Fordons- och transportprogrammet: antagning_min;2025;87,5
70302356;Proffsgymnasiet;gymnasieskola;Fordons- och transportprogrammet: antagning_snitt;2025;135,2
70302356;Proffsgymnasiet;gymnasieskola;Fordons- och transportprogrammet: betygspoang;2022;12,9
70302356;Proffsgymnasiet;gymnasieskola;Fordons- och transportprogrammet: elever;2026;40
70302356;Proffsgymnasiet;gymnasieskola;Industritekniska programmet: antagning_min;2025;147,5
70302356;Proffsgymnasiet;gymnasieskola;Industritekniska programmet: antagning_snitt;2025;183,9
70302356;Proffsgymnasiet;gymnasieskola;Industritekniska programmet: elever;2026;20
70302356;Proffsgymnasiet;gymnasieskola;Introduktionsprogram, programinriktat val: elever;2026;10
70302356;Proffsgymnasiet;gymnasieskola;Introduktionsprogram, yrkesintroduktion: elever;2026;100
70302356;Proffsgymnasiet;gymnasieskola;examen3;2015;68,8
70302356;Proffsgymnasiet;gymnasieskola;examen3;2017;57,1
70302356;Proffsgymnasiet;gymnasieskola;examen3;2018;80,8
70302356;Proffsgymnasiet;gymnasieskola;examen3;2019;62,5
70302356;Proffsgymnasiet;gymnasieskola;examen3;2023;37,9
70302356;Proffsgymnasiet;gymnasieskola;examen3;2024;38,7
70302356;Proffsgymnasiet;gymnasieskola;betygspoang;2023;13,3
70302356;Proffsgymnasiet;gymnasieskola;betygspoang;2024;12,1
70302356;Proffsgymnasiet;gymnasieskola;betygspoang;2025;11,8
70302356;Proffsgymnasiet;gymnasieskola;foraldrar_hogsk;2025;31
70302356;Proffsgymnasiet;gymnasieskola;utl_bakgrund;2025;29
28482422;Realgymnasiet Örebro;gymnasieskola;elever;2026;150
28482422;Realgymnasiet Örebro;gymnasieskola;elever_per_larare;2026;11,7
28482422;Realgymnasiet Örebro;gymnasieskola;leg_larare;2026;94,3
28482422;Realgymnasiet Örebro;gymnasieskola;Introduktionsprogram, programinriktat val: elever;2026;10
28482422;Realgymnasiet Örebro;gymnasieskola;Naturbruksprogrammet: antagning_min;2025;127,5
28482422;Realgymnasiet Örebro;gymnasieskola;Naturbruksprogrammet: antagning_snitt;2025;230,9
28482422;Realgymnasiet Örebro;gymnasieskola;Naturbruksprogrammet: examen3;2023;67,6
28482422;Realgymnasiet Örebro;gymnasieskola;Naturbruksprogrammet: hogskolebeh;2025;32,3
28482422;Realgymnasiet Örebro;gymnasieskola;Naturbruksprogrammet: betygspoang;2025;14,4
28482422;Realgymnasiet Örebro;gymnasieskola;Naturbruksprogrammet: elever;2026;140
28482422;Realgymnasiet Örebro;gymnasieskola;examen3;2023;74,3
28482422;Realgymnasiet Örebro;gymnasieskola;examen3;2024;77,1
28482422;Realgymnasiet Örebro;gymnasieskola;examen3;2025;64,9
28482422;Realgymnasiet Örebro;gymnasieskola;hogskolebeh;2023;64,5
28482422;Realgymnasiet Örebro;gymnasieskola;hogskolebeh;2024;59
28482422;Realgymnasiet Örebro;gymnasieskola;hogskolebeh;2025;32,3
28482422;Realgymnasiet Örebro;gymnasieskola;betygspoang;2023;13,4
28482422;Realgymnasiet Örebro;gymnasieskola;betygspoang;2024;15,3
28482422;Realgymnasiet Örebro;gymnasieskola;betygspoang;2025;14,4
28482422;Realgymnasiet Örebro;gymnasieskola;foraldrar_hogsk;2025;59
28482422;Realgymnasiet Örebro;gymnasieskola;utl_bakgrund;2025;7
43321733;Riksgymnasiet DH;gymnasieskola;elever;2026;270
43321733;Riksgymnasiet DH;gymnasieskola;elever_per_larare;2026;4,2
43321733;Riksgymnasiet DH;gymnasieskola;leg_larare;2026;67,6
43321733;Riksgymnasiet DH;gymnasieskola;specialped;2026;9,2
43321733;Riksgymnasiet DH;gymnasieskola;Barn- och fritidsprogrammet: elever;2026;10
43321733;Riksgymnasiet DH;gymnasieskola;Bygg- och anläggningsprogrammet: elever;2026;10
43321733;Riksgymnasiet DH;gymnasieskola;Ekonomiprogrammet: elever;2026;10
43321733;Riksgymnasiet DH;gymnasieskola;El- och energiprogrammet: elever;2026;10
43321733;Riksgymnasiet DH;gymnasieskola;Estetiska programmet: elever;2026;10
43321733;Riksgymnasiet DH;gymnasieskola;Fordons- och transportprogrammet: elever;2026;20
43321733;Riksgymnasiet DH;gymnasieskola;Introduktionsprogram, individuellt alternativ: elever;2026;40
43321733;Riksgymnasiet DH;gymnasieskola;Introduktionsprogram, programinriktat val: elever;2026;20
43321733;Riksgymnasiet DH;gymnasieskola;Introduktionsprogram, språkintroduktion: elever;2026;10
43321733;Riksgymnasiet DH;gymnasieskola;Introduktionsprogram, yrkesintroduktion: elever;2026;90
43321733;Riksgymnasiet DH;gymnasieskola;Restaurang- och livsmedelsprogrammet: elever;2026;10
43321733;Riksgymnasiet DH;gymnasieskola;Samhällsvetenskapsprogrammet: elever;2026;30
43321733;Riksgymnasiet DH;gymnasieskola;Teknikprogrammet: elever;2026;10
43321733;Riksgymnasiet DH;gymnasieskola;VVS- och fastighetsprogrammet: elever;2026;10
43321733;Riksgymnasiet DH;gymnasieskola;Vård- och omsorgsprogrammet: elever;2026;10
43321733;Riksgymnasiet DH;gymnasieskola;foraldrar_hogsk;2025;36
43321733;Riksgymnasiet DH;gymnasieskola;utl_bakgrund;2025;50
18324124;Rostaskolan F-6;grundskola;elever;2026;430
18324124;Rostaskolan F-6;grundskola;elever_per_larare;2026;13,6
18324124;Rostaskolan F-6;grundskola;leg_larare;2026;64,9
18324124;Rostaskolan F-6;grundskola;specialped;2026;9,1
18324124;Rostaskolan F-6;grundskola;alla_amnen6;2025;58,7
18324124;Rostaskolan F-6;grundskola;foraldrar_hogsk;2025;58,2
18324124;Rostaskolan F-6;grundskola;utl_bakgrund;2025;47,4
90561488;Rudbecksgymnasiet EK;gymnasieskola;elever;2026;440
90561488;Rudbecksgymnasiet EK;gymnasieskola;elever_per_larare;2026;18,3
90561488;Rudbecksgymnasiet EK;gymnasieskola;leg_larare;2026;93,5
90561488;Rudbecksgymnasiet EK;gymnasieskola;specialped;2026;2,5
90561488;Rudbecksgymnasiet EK;gymnasieskola;Ekonomiprogrammet: antagning_min;2025;232,5
90561488;Rudbecksgymnasiet EK;gymnasieskola;Ekonomiprogrammet: antagning_snitt;2025;275,6
90561488;Rudbecksgymnasiet EK;gymnasieskola;Ekonomiprogrammet: elever;2026;440
90561488;Rudbecksgymnasiet EK;gymnasieskola;Samhällsvetenskapsprogrammet: elever;2026;10
90561488;Rudbecksgymnasiet EK;gymnasieskola;foraldrar_hogsk;2025;76
90561488;Rudbecksgymnasiet EK;gymnasieskola;utl_bakgrund;2025;16
40428860;Rudbecksgymnasiet FS;gymnasieskola;elever;2026;90
40428860;Rudbecksgymnasiet FS;gymnasieskola;elever_per_larare;2026;15,6
40428860;Rudbecksgymnasiet FS;gymnasieskola;specialped;2026;15,1
40428860;Rudbecksgymnasiet FS;gymnasieskola;Försäljnings- och serviceprogrammet: antagning_min;2025;197,5
40428860;Rudbecksgymnasiet FS;gymnasieskola;Försäljnings- och serviceprogrammet: antagning_snitt;2025;221,7
40428860;Rudbecksgymnasiet FS;gymnasieskola;Försäljnings- och serviceprogrammet: elever;2026;90
40428860;Rudbecksgymnasiet FS;gymnasieskola;Vård- och omsorgsprogrammet: elever;2026;10
40428860;Rudbecksgymnasiet FS;gymnasieskola;foraldrar_hogsk;2025;54
40428860;Rudbecksgymnasiet FS;gymnasieskola;utl_bakgrund;2025;19
81153809;Rudbecksgymnasiet NA;gymnasieskola;elever;2026;200
81153809;Rudbecksgymnasiet NA;gymnasieskola;elever_per_larare;2026;17,6
81153809;Rudbecksgymnasiet NA;gymnasieskola;leg_larare;2026;93,3
81153809;Rudbecksgymnasiet NA;gymnasieskola;specialped;2026;6,7
81153809;Rudbecksgymnasiet NA;gymnasieskola;International baccalaureate: elever;2026;10
81153809;Rudbecksgymnasiet NA;gymnasieskola;Naturvetenskapsprogrammet: antagning_min;2025;295
81153809;Rudbecksgymnasiet NA;gymnasieskola;Naturvetenskapsprogrammet: antagning_snitt;2025;315,7
81153809;Rudbecksgymnasiet NA;gymnasieskola;Naturvetenskapsprogrammet: elever;2026;200
81153809;Rudbecksgymnasiet NA;gymnasieskola;foraldrar_hogsk;2025;85
81153809;Rudbecksgymnasiet NA;gymnasieskola;utl_bakgrund;2025;30
97247216;Rudbecksgymnasiet SA;gymnasieskola;elever;2026;440
97247216;Rudbecksgymnasiet SA;gymnasieskola;elever_per_larare;2026;17,3
97247216;Rudbecksgymnasiet SA;gymnasieskola;leg_larare;2026;86,9
97247216;Rudbecksgymnasiet SA;gymnasieskola;specialped;2026;4,5
97247216;Rudbecksgymnasiet SA;gymnasieskola;Samhällsvetenskapsprogrammet: antagning_min;2025;220
97247216;Rudbecksgymnasiet SA;gymnasieskola;Samhällsvetenskapsprogrammet: antagning_snitt;2025;263,6
97247216;Rudbecksgymnasiet SA;gymnasieskola;Samhällsvetenskapsprogrammet: elever;2026;440
97247216;Rudbecksgymnasiet SA;gymnasieskola;foraldrar_hogsk;2025;73
97247216;Rudbecksgymnasiet SA;gymnasieskola;utl_bakgrund;2025;21
75030652;Rudbecksgymnasiet VO;gymnasieskola;elever;2026;110
75030652;Rudbecksgymnasiet VO;gymnasieskola;elever_per_larare;2026;12
75030652;Rudbecksgymnasiet VO;gymnasieskola;leg_larare;2026;69,4
75030652;Rudbecksgymnasiet VO;gymnasieskola;specialped;2026;9
75030652;Rudbecksgymnasiet VO;gymnasieskola;Vård- och omsorgsprogrammet: antagning_min;2025;157,5
75030652;Rudbecksgymnasiet VO;gymnasieskola;Vård- och omsorgsprogrammet: antagning_snitt;2025;216,9
75030652;Rudbecksgymnasiet VO;gymnasieskola;Vård- och omsorgsprogrammet: elever;2026;110
75030652;Rudbecksgymnasiet VO;gymnasieskola;foraldrar_hogsk;2025;53
75030652;Rudbecksgymnasiet VO;gymnasieskola;utl_bakgrund;2025;42
67908927;Rytmus Örebro;gymnasieskola;elever;2026;110
67908927;Rytmus Örebro;gymnasieskola;elever_per_larare;2026;9,9
67908927;Rytmus Örebro;gymnasieskola;leg_larare;2026;85,1
67908927;Rytmus Örebro;gymnasieskola;specialped;2024;4,7
67908927;Rytmus Örebro;gymnasieskola;Estetiska programmet: antagning_min;2025;135
67908927;Rytmus Örebro;gymnasieskola;Estetiska programmet: antagning_snitt;2025;233
67908927;Rytmus Örebro;gymnasieskola;Estetiska programmet: examen3;2023;75
67908927;Rytmus Örebro;gymnasieskola;Estetiska programmet: hogskolebeh;2025;82,4
67908927;Rytmus Örebro;gymnasieskola;Estetiska programmet: betygspoang;2025;14,2
67908927;Rytmus Örebro;gymnasieskola;Estetiska programmet: elever;2026;110
67908927;Rytmus Örebro;gymnasieskola;examen3;2015;93,1
67908927;Rytmus Örebro;gymnasieskola;examen3;2016;71,8
67908927;Rytmus Örebro;gymnasieskola;examen3;2017;78,9
67908927;Rytmus Örebro;gymnasieskola;examen3;2018;69
67908927;Rytmus Örebro;gymnasieskola;examen3;2019;70
67908927;Rytmus Örebro;gymnasieskola;examen3;2021;79,3
67908927;Rytmus Örebro;gymnasieskola;examen3;2022;82,4
67908927;Rytmus Örebro;gymnasieskola;examen3;2023;68
67908927;Rytmus Örebro;gymnasieskola;examen3;2024;59,4
67908927;Rytmus Örebro;gymnasieskola;examen3;2025;75
67908927;Rytmus Örebro;gymnasieskola;hogskolebeh;2015;95,3
67908927;Rytmus Örebro;gymnasieskola;hogskolebeh;2016;97,1
67908927;Rytmus Örebro;gymnasieskola;hogskolebeh;2017;95,5
67908927;Rytmus Örebro;gymnasieskola;hogskolebeh;2018;87,5
67908927;Rytmus Örebro;gymnasieskola;hogskolebeh;2019;82,8
67908927;Rytmus Örebro;gymnasieskola;hogskolebeh;2020;100
67908927;Rytmus Örebro;gymnasieskola;hogskolebeh;2021;100
67908927;Rytmus Örebro;gymnasieskola;hogskolebeh;2022;96,9
67908927;Rytmus Örebro;gymnasieskola;hogskolebeh;2023;81,8
67908927;Rytmus Örebro;gymnasieskola;hogskolebeh;2024;76,9
67908927;Rytmus Örebro;gymnasieskola;hogskolebeh;2025;82,4
67908927;Rytmus Örebro;gymnasieskola;betygspoang;2023;15,1
67908927;Rytmus Örebro;gymnasieskola;betygspoang;2024;15,2
67908927;Rytmus Örebro;gymnasieskola;betygspoang;2025;14,2
67908927;Rytmus Örebro;gymnasieskola;foraldrar_hogsk;2025;68
67908927;Rytmus Örebro;gymnasieskola;utl_bakgrund;2024;9
61320743;Stora Mellösa skola;grundskola;elever;2026;170
61320743;Stora Mellösa skola;grundskola;elever_per_larare;2026;12,8
61320743;Stora Mellösa skola;grundskola;leg_larare;2026;78,4
61320743;Stora Mellösa skola;grundskola;specialped;2026;4,5
61320743;Stora Mellösa skola;grundskola;foraldrar_hogsk;2025;72,9
61320743;Stora Mellösa skola;grundskola;utl_bakgrund;2025;2,9
18025305;Stureskolan;grundskola;elever;2026;180
18025305;Stureskolan;grundskola;elever_per_larare;2026;13,9
18025305;Stureskolan;grundskola;leg_larare;2026;85,1
18025305;Stureskolan;grundskola;specialped;2026;10,2
18025305;Stureskolan;grundskola;foraldrar_hogsk;2025;76,8
18025305;Stureskolan;grundskola;utl_bakgrund;2025;22,6
68276614;Svealundsskolan;grundskola;elever;2026;430
68276614;Svealundsskolan;grundskola;elever_per_larare;2026;13,4
68276614;Svealundsskolan;grundskola;leg_larare;2026;65,2
68276614;Svealundsskolan;grundskola;specialped;2026;7,8
68276614;Svealundsskolan;grundskola;alla_amnen6;2025;71,9
68276614;Svealundsskolan;grundskola;foraldrar_hogsk;2025;66,2
68276614;Svealundsskolan;grundskola;utl_bakgrund;2025;34,5
19204501;Tegnérskolan;grundskola;elever;2026;140
19204501;Tegnérskolan;grundskola;elever_per_larare;2026;16,1
19204501;Tegnérskolan;grundskola;leg_larare;2026;86,4
19204501;Tegnérskolan;grundskola;specialped;2026;11,4
19204501;Tegnérskolan;grundskola;foraldrar_hogsk;2025;63,8
19204501;Tegnérskolan;grundskola;utl_bakgrund;2025;26,2
34277789;Tullängsgymnasiet BA;gymnasieskola;elever;2026;220
34277789;Tullängsgymnasiet BA;gymnasieskola;elever_per_larare;2026;12,4
34277789;Tullängsgymnasiet BA;gymnasieskola;leg_larare;2026;69,4
34277789;Tullängsgymnasiet BA;gymnasieskola;specialped;2026;8,4
34277789;Tullängsgymnasiet BA;gymnasieskola;Bygg- och anläggningsprogrammet: antagning_min;2025;177,5
34277789;Tullängsgymnasiet BA;gymnasieskola;Bygg- och anläggningsprogrammet: antagning_snitt;2025;202,3
34277789;Tullängsgymnasiet BA;gymnasieskola;Bygg- och anläggningsprogrammet: elever;2026;220
34277789;Tullängsgymnasiet BA;gymnasieskola;foraldrar_hogsk;2025;58
34277789;Tullängsgymnasiet BA;gymnasieskola;utl_bakgrund;2025;8
76500381;Tullängsgymnasiet EE;gymnasieskola;elever;2026;130
76500381;Tullängsgymnasiet EE;gymnasieskola;elever_per_larare;2026;11,6
76500381;Tullängsgymnasiet EE;gymnasieskola;leg_larare;2026;79
76500381;Tullängsgymnasiet EE;gymnasieskola;specialped;2026;2,6
76500381;Tullängsgymnasiet EE;gymnasieskola;El- och energiprogrammet: antagning_min;2025;185
76500381;Tullängsgymnasiet EE;gymnasieskola;El- och energiprogrammet: antagning_snitt;2025;247
76500381;Tullängsgymnasiet EE;gymnasieskola;El- och energiprogrammet: elever;2026;130
76500381;Tullängsgymnasiet EE;gymnasieskola;foraldrar_hogsk;2025;71
76500381;Tullängsgymnasiet EE;gymnasieskola;utl_bakgrund;2025;13
94432887;Tullängsgymnasiet FT;gymnasieskola;elever;2026;200
94432887;Tullängsgymnasiet FT;gymnasieskola;elever_per_larare;2026;9
94432887;Tullängsgymnasiet FT;gymnasieskola;leg_larare;2026;93,9
94432887;Tullängsgymnasiet FT;gymnasieskola;specialped;2026;7
94432887;Tullängsgymnasiet FT;gymnasieskola;Fordons- och transportprogrammet: antagning_min;2025;147,5
94432887;Tullängsgymnasiet FT;gymnasieskola;Fordons- och transportprogrammet: antagning_snitt;2025;198,9
94432887;Tullängsgymnasiet FT;gymnasieskola;Fordons- och transportprogrammet: elever;2026;200
94432887;Tullängsgymnasiet FT;gymnasieskola;foraldrar_hogsk;2025;43
94432887;Tullängsgymnasiet FT;gymnasieskola;utl_bakgrund;2025;8
21779531;Tullängsgymnasiet IN;gymnasieskola;elever;2026;20
21779531;Tullängsgymnasiet IN;gymnasieskola;Bygg- och anläggningsprogrammet: elever;2026;10
21779531;Tullängsgymnasiet IN;gymnasieskola;Industritekniska programmet: antagning_min;2025;185
21779531;Tullängsgymnasiet IN;gymnasieskola;Industritekniska programmet: antagning_snitt;2025;226,6
21779531;Tullängsgymnasiet IN;gymnasieskola;Industritekniska programmet: elever;2026;20
69953983;Tullängsgymnasiet TE;gymnasieskola;elever;2026;360
69953983;Tullängsgymnasiet TE;gymnasieskola;elever_per_larare;2026;16,4
69953983;Tullängsgymnasiet TE;gymnasieskola;leg_larare;2026;85,8
69953983;Tullängsgymnasiet TE;gymnasieskola;specialped;2026;4,1
69953983;Tullängsgymnasiet TE;gymnasieskola;Teknikprogrammet: antagning_min;2025;202,5
69953983;Tullängsgymnasiet TE;gymnasieskola;Teknikprogrammet: antagning_snitt;2025;266,6
69953983;Tullängsgymnasiet TE;gymnasieskola;Teknikprogrammet: elever;2026;360
69953983;Tullängsgymnasiet TE;gymnasieskola;foraldrar_hogsk;2025;79
69953983;Tullängsgymnasiet TE;gymnasieskola;utl_bakgrund;2025;29
68360133;Tullängsgymnasiet VF;gymnasieskola;elever;2026;70
68360133;Tullängsgymnasiet VF;gymnasieskola;elever_per_larare;2026;10
68360133;Tullängsgymnasiet VF;gymnasieskola;specialped;2026;5,6
68360133;Tullängsgymnasiet VF;gymnasieskola;VVS- och fastighetsprogrammet: antagning_min;2025;202,5
68360133;Tullängsgymnasiet VF;gymnasieskola;VVS- och fastighetsprogrammet: antagning_snitt;2025;223,9
68360133;Tullängsgymnasiet VF;gymnasieskola;VVS- och fastighetsprogrammet: elever;2026;70
68360133;Tullängsgymnasiet VF;gymnasieskola;foraldrar_hogsk;2025;58
51948478;Tybblelundsskolan;grundskola;elever;2026;430
51948478;Tybblelundsskolan;grundskola;elever_per_larare;2026;15,2
51948478;Tybblelundsskolan;grundskola;leg_larare;2026;83,2
51948478;Tybblelundsskolan;grundskola;specialped;2026;10,5
51948478;Tybblelundsskolan;grundskola;alla_amnen6;2025;87,9
51948478;Tybblelundsskolan;grundskola;foraldrar_hogsk;2025;87,4
51948478;Tybblelundsskolan;grundskola;utl_bakgrund;2025;11,4
19742982;Viktoriaskolan;grundskola;elever;2026;180
19742982;Viktoriaskolan;grundskola;elever_per_larare;2026;9,7
19742982;Viktoriaskolan;grundskola;leg_larare;2026;78,4
19742982;Viktoriaskolan;grundskola;specialped;2026;5,4
19742982;Viktoriaskolan;grundskola;merit;2015;215,7
19742982;Viktoriaskolan;grundskola;merit;2016;223,9
19742982;Viktoriaskolan;grundskola;merit;2017;251,3
19742982;Viktoriaskolan;grundskola;merit;2018;230,6
19742982;Viktoriaskolan;grundskola;merit;2019;217,5
19742982;Viktoriaskolan;grundskola;merit;2020;200,8
19742982;Viktoriaskolan;grundskola;merit;2021;190,2
19742982;Viktoriaskolan;grundskola;merit;2022;231,4
19742982;Viktoriaskolan;grundskola;merit;2023;223,8
19742982;Viktoriaskolan;grundskola;merit;2024;178,8
19742982;Viktoriaskolan;grundskola;merit;2025;179,9
19742982;Viktoriaskolan;grundskola;merit;2026;199,3
19742982;Viktoriaskolan;grundskola;alla_amnen9;2022;82,4
19742982;Viktoriaskolan;grundskola;alla_amnen9;2023;68
19742982;Viktoriaskolan;grundskola;alla_amnen9;2024;43,5
19742982;Viktoriaskolan;grundskola;behorig;2024;65,2
19742982;Viktoriaskolan;grundskola;behorig;2025;52,2
19742982;Viktoriaskolan;grundskola;behorig_na;2024;47,8
19742982;Viktoriaskolan;grundskola;alla_amnen6;2025;64,3
19742982;Viktoriaskolan;grundskola;salsa_modell;2015;230
19742982;Viktoriaskolan;grundskola;salsa_modell;2016;240
19742982;Viktoriaskolan;grundskola;salsa_modell;2017;240
19742982;Viktoriaskolan;grundskola;salsa_modell;2018;214
19742982;Viktoriaskolan;grundskola;salsa_modell;2019;219
19742982;Viktoriaskolan;grundskola;salsa_modell;2020;222
19742982;Viktoriaskolan;grundskola;salsa_modell;2021;215
19742982;Viktoriaskolan;grundskola;salsa_modell;2022;227
19742982;Viktoriaskolan;grundskola;salsa_modell;2023;228
19742982;Viktoriaskolan;grundskola;salsa_modell;2024;223
19742982;Viktoriaskolan;grundskola;salsa_modell;2025;214
19742982;Viktoriaskolan;grundskola;salsa_avv;2015;-14
19742982;Viktoriaskolan;grundskola;salsa_avv;2016;-17
19742982;Viktoriaskolan;grundskola;salsa_avv;2017;12
19742982;Viktoriaskolan;grundskola;salsa_avv;2018;16
19742982;Viktoriaskolan;grundskola;salsa_avv;2019;-1
19742982;Viktoriaskolan;grundskola;salsa_avv;2020;-21
19742982;Viktoriaskolan;grundskola;salsa_avv;2021;-25
19742982;Viktoriaskolan;grundskola;salsa_avv;2022;4
19742982;Viktoriaskolan;grundskola;salsa_avv;2023;-4
19742982;Viktoriaskolan;grundskola;salsa_avv;2024;-44
19742982;Viktoriaskolan;grundskola;salsa_avv;2025;-34
19742982;Viktoriaskolan;grundskola;foraldrar_hogsk;2025;58,7
19742982;Viktoriaskolan;grundskola;utl_bakgrund;2025;43,6
38054320;Vintrosa skola;grundskola;elever;2026;190
38054320;Vintrosa skola;grundskola;elever_per_larare;2026;12,4
38054320;Vintrosa skola;grundskola;leg_larare;2026;85
38054320;Vintrosa skola;grundskola;alla_amnen6;2025;75,7
38054320;Vintrosa skola;grundskola;foraldrar_hogsk;2025;71,7
38054320;Vintrosa skola;grundskola;utl_bakgrund;2025;6,3
58889746;Virginska gymnasiet BF;gymnasieskola;elever;2026;100
58889746;Virginska gymnasiet BF;gymnasieskola;elever_per_larare;2026;7,9
58889746;Virginska gymnasiet BF;gymnasieskola;specialped;2026;2,1
58889746;Virginska gymnasiet BF;gymnasieskola;Barn- och fritidsprogrammet: antagning_min;2025;192,5
58889746;Virginska gymnasiet BF;gymnasieskola;Barn- och fritidsprogrammet: antagning_snitt;2025;230,9
58889746;Virginska gymnasiet BF;gymnasieskola;Barn- och fritidsprogrammet: elever;2026;100
58889746;Virginska gymnasiet BF;gymnasieskola;foraldrar_hogsk;2025;63
28423551;Virginska gymnasiet EK;gymnasieskola;elever;2026;250
28423551;Virginska gymnasiet EK;gymnasieskola;elever_per_larare;2026;21,1
28423551;Virginska gymnasiet EK;gymnasieskola;leg_larare;2026;93,3
28423551;Virginska gymnasiet EK;gymnasieskola;specialped;2026;5,9
28423551;Virginska gymnasiet EK;gymnasieskola;Ekonomiprogrammet: antagning_min;2025;230
28423551;Virginska gymnasiet EK;gymnasieskola;Ekonomiprogrammet: antagning_snitt;2025;281,8
28423551;Virginska gymnasiet EK;gymnasieskola;Ekonomiprogrammet: elever;2026;250
28423551;Virginska gymnasiet EK;gymnasieskola;foraldrar_hogsk;2025;86
28423551;Virginska gymnasiet EK;gymnasieskola;utl_bakgrund;2025;8
20120846;Virginska gymnasiet FR;gymnasieskola;elever;2026;140
20120846;Virginska gymnasiet FR;gymnasieskola;elever_per_larare;2026;15
20120846;Virginska gymnasiet FR;gymnasieskola;Frisör- och stylistprogrammet: antagning_min;2025;182,5
20120846;Virginska gymnasiet FR;gymnasieskola;Frisör- och stylistprogrammet: antagning_snitt;2025;216,9
20120846;Virginska gymnasiet FR;gymnasieskola;Frisör- och stylistprogrammet: elever;2026;50
20120846;Virginska gymnasiet FR;gymnasieskola;Introduktionsprogram, programinriktat val: elever;2026;10
20120846;Virginska gymnasiet FR;gymnasieskola;foraldrar_hogsk;2025;52
20120846;Virginska gymnasiet FR;gymnasieskola;utl_bakgrund;2025;11
24004954;Virginska gymnasiet HT;gymnasieskola;elever;2026;90
24004954;Virginska gymnasiet HT;gymnasieskola;elever_per_larare;2026;17,2
24004954;Virginska gymnasiet HT;gymnasieskola;Hotell- och turismprogrammet: antagning_min;2025;192,5
24004954;Virginska gymnasiet HT;gymnasieskola;Hotell- och turismprogrammet: antagning_snitt;2025;229,9
24004954;Virginska gymnasiet HT;gymnasieskola;Hotell- och turismprogrammet: elever;2026;90
24004954;Virginska gymnasiet HT;gymnasieskola;Introduktionsprogram, yrkesintroduktion: elever;2026;10
24004954;Virginska gymnasiet HT;gymnasieskola;foraldrar_hogsk;2025;55
61267291;Virginska gymnasiet NA;gymnasieskola;elever;2026;100
61267291;Virginska gymnasiet NA;gymnasieskola;elever_per_larare;2026;11,8
61267291;Virginska gymnasiet NA;gymnasieskola;leg_larare;2026;92,8
61267291;Virginska gymnasiet NA;gymnasieskola;specialped;2026;2,6
61267291;Virginska gymnasiet NA;gymnasieskola;Naturvetenskapsprogrammet: antagning_min;2025;282,5
61267291;Virginska gymnasiet NA;gymnasieskola;Naturvetenskapsprogrammet: antagning_snitt;2025;315
61267291;Virginska gymnasiet NA;gymnasieskola;Naturvetenskapsprogrammet: elever;2026;100
61267291;Virginska gymnasiet NA;gymnasieskola;foraldrar_hogsk;2025;86
34790814;Virginska gymnasiet RL;gymnasieskola;elever;2026;80
34790814;Virginska gymnasiet RL;gymnasieskola;elever_per_larare;2026;8,6
34790814;Virginska gymnasiet RL;gymnasieskola;specialped;2026;20,7
34790814;Virginska gymnasiet RL;gymnasieskola;Introduktionsprogram, programinriktat val: elever;2026;10
34790814;Virginska gymnasiet RL;gymnasieskola;Restaurang- och livsmedelsprogrammet: antagning_min;2025;167,5
34790814;Virginska gymnasiet RL;gymnasieskola;Restaurang- och livsmedelsprogrammet: antagning_snitt;2025;217
34790814;Virginska gymnasiet RL;gymnasieskola;Restaurang- och livsmedelsprogrammet: elever;2026;80
34790814;Virginska gymnasiet RL;gymnasieskola;foraldrar_hogsk;2025;64
75153401;Virginska gymnasiet SA;gymnasieskola;elever;2026;380
75153401;Virginska gymnasiet SA;gymnasieskola;elever_per_larare;2026;20,2
75153401;Virginska gymnasiet SA;gymnasieskola;leg_larare;2026;13,9
75153401;Virginska gymnasiet SA;gymnasieskola;specialped;2026;7,2
75153401;Virginska gymnasiet SA;gymnasieskola;Samhällsvetenskapsprogrammet: antagning_min;2025;222,5
75153401;Virginska gymnasiet SA;gymnasieskola;Samhällsvetenskapsprogrammet: antagning_snitt;2025;264,4
75153401;Virginska gymnasiet SA;gymnasieskola;Samhällsvetenskapsprogrammet: elever;2026;380
75153401;Virginska gymnasiet SA;gymnasieskola;foraldrar_hogsk;2025;81
75153401;Virginska gymnasiet SA;gymnasieskola;utl_bakgrund;2025;8
55597667;Vittra Örebro;grundskola;elever;2026;150
55597667;Vittra Örebro;grundskola;elever_per_larare;2026;11
55597667;Vittra Örebro;grundskola;leg_larare;2026;48,2
55597667;Vittra Örebro;grundskola;specialped;2025;1,7
55597667;Vittra Örebro;grundskola;merit;2024;213,7
55597667;Vittra Örebro;grundskola;merit;2025;241
55597667;Vittra Örebro;grundskola;merit;2026;236,9
55597667;Vittra Örebro;grundskola;alla_amnen9;2024;57,1
55597667;Vittra Örebro;grundskola;alla_amnen9;2025;79,7
55597667;Vittra Örebro;grundskola;alla_amnen9;2026;72,1
55597667;Vittra Örebro;grundskola;behorig;2025;89,8
55597667;Vittra Örebro;grundskola;behorig;2026;74,4
55597667;Vittra Örebro;grundskola;behorig_na;2026;72,1
55597667;Vittra Örebro;grundskola;alla_amnen6;2025;56,5
55597667;Vittra Örebro;grundskola;salsa_modell;2024;229
55597667;Vittra Örebro;grundskola;salsa_modell;2025;226
55597667;Vittra Örebro;grundskola;salsa_avv;2024;-15
55597667;Vittra Örebro;grundskola;salsa_avv;2025;15
55597667;Vittra Örebro;grundskola;foraldrar_hogsk;2025;57,1
55597667;Vittra Örebro;grundskola;utl_bakgrund;2025;53,9
64644807;Vivallaskolan;grundskola;elever;2026;470
64644807;Vivallaskolan;grundskola;elever_per_larare;2026;10,5
64644807;Vivallaskolan;grundskola;leg_larare;2026;68,5
64644807;Vivallaskolan;grundskola;specialped;2026;11,2
64644807;Vivallaskolan;grundskola;alla_amnen6;2025;33,8
64644807;Vivallaskolan;grundskola;foraldrar_hogsk;2025;19,3
64644807;Vivallaskolan;grundskola;utl_bakgrund;2025;83,9
57966953;Västra Engelbrektsskolan;grundskola;elever;2026;410
57966953;Västra Engelbrektsskolan;grundskola;elever_per_larare;2026;9,9
57966953;Västra Engelbrektsskolan;grundskola;leg_larare;2026;61,7
57966953;Västra Engelbrektsskolan;grundskola;specialped;2026;9,7
57966953;Västra Engelbrektsskolan;grundskola;merit;2018;169,5
57966953;Västra Engelbrektsskolan;grundskola;merit;2019;195,2
57966953;Västra Engelbrektsskolan;grundskola;merit;2020;182,2
57966953;Västra Engelbrektsskolan;grundskola;merit;2021;181,2
57966953;Västra Engelbrektsskolan;grundskola;merit;2022;179,6
57966953;Västra Engelbrektsskolan;grundskola;merit;2023;167,1
57966953;Västra Engelbrektsskolan;grundskola;merit;2024;201,6
57966953;Västra Engelbrektsskolan;grundskola;merit;2025;200,4
57966953;Västra Engelbrektsskolan;grundskola;merit;2026;214
57966953;Västra Engelbrektsskolan;grundskola;alla_amnen9;2022;44,6
57966953;Västra Engelbrektsskolan;grundskola;alla_amnen9;2023;39,6
57966953;Västra Engelbrektsskolan;grundskola;alla_amnen9;2024;59,6
57966953;Västra Engelbrektsskolan;grundskola;alla_amnen9;2025;58,2
57966953;Västra Engelbrektsskolan;grundskola;alla_amnen9;2026;57,4
57966953;Västra Engelbrektsskolan;grundskola;behorig;2022;60,7
57966953;Västra Engelbrektsskolan;grundskola;behorig;2023;49,1
57966953;Västra Engelbrektsskolan;grundskola;behorig;2024;71,2
57966953;Västra Engelbrektsskolan;grundskola;behorig;2025;64,2
57966953;Västra Engelbrektsskolan;grundskola;behorig;2026;79,6
57966953;Västra Engelbrektsskolan;grundskola;behorig_na;2026;64,8
57966953;Västra Engelbrektsskolan;grundskola;alla_amnen6;2025;61,2
57966953;Västra Engelbrektsskolan;grundskola;salsa_modell;2018;156
57966953;Västra Engelbrektsskolan;grundskola;salsa_modell;2019;180
57966953;Västra Engelbrektsskolan;grundskola;salsa_modell;2020;182
57966953;Västra Engelbrektsskolan;grundskola;salsa_modell;2021;187
57966953;Västra Engelbrektsskolan;grundskola;salsa_modell;2022;191
57966953;Västra Engelbrektsskolan;grundskola;salsa_modell;2023;193
57966953;Västra Engelbrektsskolan;grundskola;salsa_modell;2024;189
57966953;Västra Engelbrektsskolan;grundskola;salsa_modell;2025;182
57966953;Västra Engelbrektsskolan;grundskola;salsa_avv;2018;13
57966953;Västra Engelbrektsskolan;grundskola;salsa_avv;2019;15
57966953;Västra Engelbrektsskolan;grundskola;salsa_avv;2020;0
57966953;Västra Engelbrektsskolan;grundskola;salsa_avv;2021;-6
57966953;Västra Engelbrektsskolan;grundskola;salsa_avv;2022;-12
57966953;Västra Engelbrektsskolan;grundskola;salsa_avv;2023;-26
57966953;Västra Engelbrektsskolan;grundskola;salsa_avv;2024;13
57966953;Västra Engelbrektsskolan;grundskola;salsa_avv;2025;18
57966953;Västra Engelbrektsskolan;grundskola;foraldrar_hogsk;2025;37,4
57966953;Västra Engelbrektsskolan;grundskola;utl_bakgrund;2025;70,9
61540405;Wallerska skolan;grundskola;elever;2026;220
61540405;Wallerska skolan;grundskola;elever_per_larare;2026;13,2
61540405;Wallerska skolan;grundskola;leg_larare;2026;82,9
61540405;Wallerska skolan;grundskola;specialped;2023;0,9
61540405;Wallerska skolan;grundskola;alla_amnen6;2025;54,2
61540405;Wallerska skolan;grundskola;foraldrar_hogsk;2025;50,5
61540405;Wallerska skolan;grundskola;utl_bakgrund;2025;57,9
47692481;Yrkesgymnasiet Örebro;gymnasieskola;elever;2026;210
47692481;Yrkesgymnasiet Örebro;gymnasieskola;elever_per_larare;2026;17,9
47692481;Yrkesgymnasiet Örebro;gymnasieskola;leg_larare;2026;85,2
47692481;Yrkesgymnasiet Örebro;gymnasieskola;Barn- och fritidsprogrammet: antagning_min;2025;117,5
47692481;Yrkesgymnasiet Örebro;gymnasieskola;Barn- och fritidsprogrammet: antagning_snitt;2025;162,1
47692481;Yrkesgymnasiet Örebro;gymnasieskola;Barn- och fritidsprogrammet: examen3;2021;90,9
47692481;Yrkesgymnasiet Örebro;gymnasieskola;Barn- och fritidsprogrammet: hogskolebeh;2023;94,1
47692481;Yrkesgymnasiet Örebro;gymnasieskola;Barn- och fritidsprogrammet: betygspoang;2024;14,5
47692481;Yrkesgymnasiet Örebro;gymnasieskola;Barn- och fritidsprogrammet: elever;2026;30
47692481;Yrkesgymnasiet Örebro;gymnasieskola;Bygg- och anläggningsprogrammet: antagning_min;2025;110
47692481;Yrkesgymnasiet Örebro;gymnasieskola;Bygg- och anläggningsprogrammet: antagning_snitt;2025;145
47692481;Yrkesgymnasiet Örebro;gymnasieskola;Bygg- och anläggningsprogrammet: examen3;2020;100
47692481;Yrkesgymnasiet Örebro;gymnasieskola;Bygg- och anläggningsprogrammet: elever;2026;10
47692481;Yrkesgymnasiet Örebro;gymnasieskola;Fordons- och transportprogrammet: antagning_min;2025;85
47692481;Yrkesgymnasiet Örebro;gymnasieskola;Fordons- och transportprogrammet: antagning_snitt;2025;139,5
47692481;Yrkesgymnasiet Örebro;gymnasieskola;Fordons- och transportprogrammet: elever;2026;10
47692481;Yrkesgymnasiet Örebro;gymnasieskola;Försäljnings- och serviceprogrammet: antagning_min;2025;112,5
47692481;Yrkesgymnasiet Örebro;gymnasieskola;Försäljnings- och serviceprogrammet: antagning_snitt;2025;152,5
47692481;Yrkesgymnasiet Örebro;gymnasieskola;Försäljnings- och serviceprogrammet: elever;2026;30
47692481;Yrkesgymnasiet Örebro;gymnasieskola;Hotell- och turismprogrammet: antagning_min;2025;120
47692481;Yrkesgymnasiet Örebro;gymnasieskola;Hotell- och turismprogrammet: antagning_snitt;2025;153,4
47692481;Yrkesgymnasiet Örebro;gymnasieskola;Hotell- och turismprogrammet: elever;2026;20
47692481;Yrkesgymnasiet Örebro;gymnasieskola;Introduktionsprogram, programinriktat val: examen3;2023;77,8
47692481;Yrkesgymnasiet Örebro;gymnasieskola;Introduktionsprogram, programinriktat val: elever;2026;70
47692481;Yrkesgymnasiet Örebro;gymnasieskola;Introduktionsprogram, yrkesintroduktion: elever;2026;10
47692481;Yrkesgymnasiet Örebro;gymnasieskola;Vård- och omsorgsprogrammet: antagning_min;2025;90
47692481;Yrkesgymnasiet Örebro;gymnasieskola;Vård- och omsorgsprogrammet: antagning_snitt;2025;147,5
47692481;Yrkesgymnasiet Örebro;gymnasieskola;Vård- och omsorgsprogrammet: examen3;2022;87,5
47692481;Yrkesgymnasiet Örebro;gymnasieskola;Vård- och omsorgsprogrammet: hogskolebeh;2024;54,2
47692481;Yrkesgymnasiet Örebro;gymnasieskola;Vård- och omsorgsprogrammet: betygspoang;2025;15
47692481;Yrkesgymnasiet Örebro;gymnasieskola;Vård- och omsorgsprogrammet: elever;2026;40
47692481;Yrkesgymnasiet Örebro;gymnasieskola;examen3;2015;85,7
47692481;Yrkesgymnasiet Örebro;gymnasieskola;examen3;2016;70,3
47692481;Yrkesgymnasiet Örebro;gymnasieskola;examen3;2017;60
47692481;Yrkesgymnasiet Örebro;gymnasieskola;examen3;2018;68,3
47692481;Yrkesgymnasiet Örebro;gymnasieskola;examen3;2019;72,5
47692481;Yrkesgymnasiet Örebro;gymnasieskola;examen3;2021;70,5
47692481;Yrkesgymnasiet Örebro;gymnasieskola;examen3;2022;70,7
47692481;Yrkesgymnasiet Örebro;gymnasieskola;examen3;2023;73,8
47692481;Yrkesgymnasiet Örebro;gymnasieskola;examen3;2024;77,8
47692481;Yrkesgymnasiet Örebro;gymnasieskola;examen3;2025;75
47692481;Yrkesgymnasiet Örebro;gymnasieskola;hogskolebeh;2015;30,5
47692481;Yrkesgymnasiet Örebro;gymnasieskola;hogskolebeh;2016;35,7
47692481;Yrkesgymnasiet Örebro;gymnasieskola;hogskolebeh;2017;37,5
47692481;Yrkesgymnasiet Örebro;gymnasieskola;hogskolebeh;2018;28,3
47692481;Yrkesgymnasiet Örebro;gymnasieskola;hogskolebeh;2019;29,2
47692481;Yrkesgymnasiet Örebro;gymnasieskola;hogskolebeh;2020;47,9
47692481;Yrkesgymnasiet Örebro;gymnasieskola;hogskolebeh;2021;42,3
47692481;Yrkesgymnasiet Örebro;gymnasieskola;hogskolebeh;2022;43,3
47692481;Yrkesgymnasiet Örebro;gymnasieskola;hogskolebeh;2023;59,3
47692481;Yrkesgymnasiet Örebro;gymnasieskola;hogskolebeh;2024;43,1
47692481;Yrkesgymnasiet Örebro;gymnasieskola;hogskolebeh;2025;33,3
47692481;Yrkesgymnasiet Örebro;gymnasieskola;betygspoang;2023;14,3
47692481;Yrkesgymnasiet Örebro;gymnasieskola;betygspoang;2024;13,7
47692481;Yrkesgymnasiet Örebro;gymnasieskola;betygspoang;2025;14,2
47692481;Yrkesgymnasiet Örebro;gymnasieskola;foraldrar_hogsk;2025;30
47692481;Yrkesgymnasiet Örebro;gymnasieskola;utl_bakgrund;2025;56
81108513;Änglandaskolan 4-6;grundskola;elever;2026;150
81108513;Änglandaskolan 4-6;grundskola;elever_per_larare;2026;11,3
81108513;Änglandaskolan 4-6;grundskola;leg_larare;2026;65,4
81108513;Änglandaskolan 4-6;grundskola;specialped;2026;7,3
81108513;Änglandaskolan 4-6;grundskola;foraldrar_hogsk;2025;69,5
81108513;Änglandaskolan 4-6;grundskola;utl_bakgrund;2025;37
20174295;Änglandaskolan F-3;grundskola;elever;2026;200
20174295;Änglandaskolan F-3;grundskola;elever_per_larare;2026;17
20174295;Änglandaskolan F-3;grundskola;leg_larare;2026;77
20174295;Änglandaskolan F-3;grundskola;specialped;2026;6,8
20174295;Änglandaskolan F-3;grundskola;foraldrar_hogsk;2025;66,8
20174295;Änglandaskolan F-3;grundskola;utl_bakgrund;2025;33,2
13824623;Ölmbrotorps skola;grundskola;elever;2026;80
13824623;Ölmbrotorps skola;grundskola;elever_per_larare;2026;14,3
13824623;Ölmbrotorps skola;grundskola;leg_larare;2026;75
13824623;Ölmbrotorps skola;grundskola;foraldrar_hogsk;2025;60,5
